"CODIGOS","NOMBRES","DIRECCION2S","DIRECCIONS","POBLACIONS","TELEFONOS","FECBAJAS","CODPOSS","CIF","GRUPOS","DENOMINACIONGS","PROVINCIA","EMAILS","SECTOR","DISTRIBUIDORS"
"000472","EMBAJADA DE RUSIA","","Calle 8 - Calacoto","LA PAZ","72014697","","","99001","0003","SUSCRIPTORES DE PAGO DE LA PAZ","","","EMPRESA",""
"000473","ENDE SERVICIOS Y CONSTRUCCIONES S.A.","","Iturralde 1309 (Col.America) - Miraflore","LA PAZ","2977970","","","1020673029","0003","SUSCRIPTORES DE PAGO DE LA PAZ","","","EMPRESA",""
"000474","SINCHI WAYRA S.A.","RV","C/ Rosendo Gutierrez - Ed. Multicentro","LA PAZ","2444849-2153399","","","1020161028","0003","SUSCRIPTORES DE PAGO DE LA PAZ","",".","EMPRESA",""
"000475","ORGANO ELECTORAL PLURINACIONAL","",".","","","5/27/2026","","0","0003","SUSCRIPTORES DE PAGO DE LA PAZ","","","DIGITAL",""
"000476","CONSULADO GENERAL DE CHILE","","Calle 16 Calacoto Nro. 8024","LA PAZ","63145756","","","99001","0003","SUSCRIPTORES DE PAGO DE LA PAZ","",".","EMPRESA",""
"000477","BANCO BISA S.A. (LA PAZ)","","Av. 16 de Julio Nro. 1628","LA PAZ","2611192","5/27/2026","","1020149020","0003","SUSCRIPTORES DE PAGO DE LA PAZ","","","EMPRESA",""
"000478","FUNDACION KONRAD ADENAUER","","Calle 21 Nº 70 Achumani","LA PAZ","70619116","","","1005311022","0003","SUSCRIPTORES DE PAGO DE LA PAZ","",".","EMPRESA",""
"000479","EMBAJADA DE ESPAÑA","RV","C. 6 Nº 579 Obrajes /Av.6 Agosto 2827","LA PAZ","2430118","","","99001","0003","SUSCRIPTORES DE PAGO DE LA PAZ","",".","EMPRESA",""
"000480","FUNDACION SARTAWI","RV","c/Pedro Salazar Nro.509  Sopocachi","LA PAZ","2419252","5/27/2026","","1002625024","0003","SUSCRIPTORES DE PAGO DE LA PAZ","","","EMPRESA",""
"000481","COMPAÑÍA INDUSTRIAL AZUCARERA SAN AURELIO C.I.A.S.A.","","Ed. San Pablo Piso 8 Of.801 Av. 16 de Ju","LA PAZ",".","","","1015429021","0003","SUSCRIPTORES DE PAGO DE LA PAZ","",".","EMPRESA",""
"000482","EXTEND COMUNICACIONES BOLIVIA SRL","","LA PAZ","","","5/27/2026","","1018569021","0003","SUSCRIPTORES DE PAGO DE LA PAZ","","","DIGITAL",""
"000483","EXTEND COMUNICACIONES BOLIVIA SRL","RV","calle 18 Ed Parque 18 - Calacoto","LA PAZ","22112962","","","1018569021","0003","SUSCRIPTORES DE PAGO DE LA PAZ","","","EMPRESA",""
"000484","EMBAJADA DEL JAPON","RV","Calle Rosendo Gutierrez Nro. 497 Sopocac","LA PAZ","2419110","","","99001","0003","SUSCRIPTORES DE PAGO DE LA PAZ","",".","EMPRESA",""
"000485","MULTIPAT LTDA","RV","Calle Posnansky # 1069. Edificio PAT","LA PAZ","2242625","5/27/2026","","348509020","0003","SUSCRIPTORES DE PAGO DE LA PAZ","","","EMPRESA",""
"000486","BERTHIN AMENGUAL Y ASOCIADOS SRL","","Edif. Multicentro Torre B, Piso 12. Call","LA PAZ","2443372","5/27/2026","","1006885021","0003","SUSCRIPTORES DE PAGO DE LA PAZ","","","EMPRESA",""
"000487","BANCO SOLIDARIO  S.A.","","calle Nicolas Acosta Nro. 289","LA PAZ","2484242","5/27/2026","","1020607027","0003","SUSCRIPTORES DE PAGO DE LA PAZ","","","EMPRESA",""
"000488","CAMARA NACIONAL DE DESPACHANTES DE ADUANA","","c. Campos Nº 265   Sopocachi","LA PAZ","2435366","5/27/2026","","1020253029","0003","SUSCRIPTORES DE PAGO DE LA PAZ","","","EMPRESA",""
"000489","CONSTRUCTORA CASA PROPIA S.A.","","LA PAZ","","","5/27/2026","","1019909822","0003","SUSCRIPTORES DE PAGO DE LA PAZ","","","DIGITAL",""
"000490","CONSTRUCTORA CASA PROPIA S.A.","RV","Av. Arce N° 2799 Edificio: Fortaleza Pis","LA PAZ","","5/27/2026","","1019909822","0003","SUSCRIPTORES DE PAGO DE LA PAZ","","","EMPRESA",""
"000491","APPART HOTEL VICTORIA SRL","RV","Av. Sucre 1055 Esq.Junin","LA PAZ","","5/27/2026","","1001799025","0003","SUSCRIPTORES DE PAGO DE LA PAZ","","","EMPRESA",""
"000492","PENFOLD  LTDA","","LA PAZ","","","5/27/2026","","287558024","0003","SUSCRIPTORES DE PAGO DE LA PAZ","","","DIGITAL",""
"000493","PENFOLD  LTDA","RV","Calle 14 8164 Calacoto","LA PAZ","2112503/06","5/27/2026","","287558024","0003","SUSCRIPTORES DE PAGO DE LA PAZ","","","EMPRESA",""
"000494","CAMARA NACIONAL DE COMERCIO","","Edif. Camara Comercio P.1","LA PAZ","2378606","5/27/2026","","1020743029","0003","SUSCRIPTORES DE PAGO DE LA PAZ","","","EMPRESA",""
"000495","ALIANZA VIDA","RV","Av 20 de Octubre 2680 esq Campos","LA PAZ","2432121","","","1015327022","0003","SUSCRIPTORES DE PAGO DE LA PAZ","",".","EMPRESA",""
"000496","FUNDACION UNIR BOLIVIA","RV","Av.Sanchez Lima 2687","LA PAZ","2117069","5/27/2026","","131975026","0003","SUSCRIPTORES DE PAGO DE LA PAZ","","","EMPRESA",""
"000497","EMPRESA MINERA DE INVERSION SUBO SRL","",".","","","","","0","0003","SUSCRIPTORES DE PAGO DE LA PAZ","","","DIGITAL",""
"000498","CAMARA DE SENADORES","RV","Plaza Murillo Palacio >Legislativo","LA PAZ","2158760 - 67584927","","","122015028","0001","Suscriptores Generales Facturables","",".","ESTATAL",""
"000499","REPSOL E&P BOLIVIA S.A.","","c. Rosendo Gutierres y Arce Torre Multic","LA PAZ","2444890-91","5/27/2026","","1027373022","0003","SUSCRIPTORES DE PAGO DE LA PAZ","","","DIGITAL",""
"000500","ASOBAN (LA PAZ)","RV","Ed. Cam Comercio- Mcal.Santa Cruz 1392","LA PAZ","2376164","","","1006935029","0003","SUSCRIPTORES DE PAGO DE LA PAZ","",".","EMPRESA",""
"000501","MINISTERIO DE LA PRESIDENCIA","RV","C.Ayacucho Esq. Potosí Casa Grande del","LA PAZ","7153940","5/27/2026","","121045028","0003","SUSCRIPTORES DE PAGO DE LA PAZ","","","EMPRESA",""
"000502","CONTRALORIA GENERAL DEL ESTADO","","C. Indaburo esq Colon","LA PAZ","2177400","5/27/2026","","1005003020","0003","SUSCRIPTORES DE PAGO DE LA PAZ","","","EMPRESA",""
"000503","SINCHI WAYRA  S.A.","",".","","","5/27/2026","","0","0003","SUSCRIPTORES DE PAGO DE LA PAZ","","","DIGITAL",""
"000504","EMBAJADA DE ESPAÑA","",".","","","4/15/2026","","0","0003","SUSCRIPTORES DE PAGO DE LA PAZ","","","DIGITAL",""
"000505","UNIDAD DE INVESTIGACIONES FINANCIERAS","RV","Loayza 155","LA PAZ","2188988- 2313077","5/27/2026","","279526029","0003","SUSCRIPTORES DE PAGO DE LA PAZ","","","DIGITAL",""
"000506","MINISTERIO DE DESARROLLO PRODUCTIVO Y ECONOMIA PLURAL","RV","Ed. Centro de Comunicaciones P.20","LA PAZ","2124235-39","5/27/2026","","138287023","0003","SUSCRIPTORES DE PAGO DE LA PAZ","","","EMPRESA",""
"000507","MINISTERIO DE PLANIFICACIÓN DEL DESARROLLO","RV","Ed. Centro de Comunicaciones P.20","LA PAZ","2363351","","","1019531024","0003","SUSCRIPTORES DE PAGO DE LA PAZ","","","EMPRESA",""
"000508","UNIVERSIDAD CATOLICA BOLIVIANA SAN PABLO","RV","Av.14 Septiembre 4807 esq. C.2 Obrajes","LA PAZ","22782222 - 77599297","","","1020141023","0003","SUSCRIPTORES DE PAGO DE LA PAZ","","","EMPRESA",""
"000509","FORTALEZA SAFI","",".","","","5/18/2026","","0","0003","SUSCRIPTORES DE PAGO DE LA PAZ","","","DIGITAL",""
"000510","SERVICIO GENERAL DE IDENTIFICACION PERSONAL - SEGIP","RV","c. Muñoz Cornejo esq Vincenti 2808","LA PAZ","2141370 int 1320","","","184234029","0003","SUSCRIPTORES DE PAGO DE LA PAZ","","","ESTATAL",""
"000511","EMBAJADA DEL JAPON","","LA PAZ","","","","","99001","0005","SUSCRIPTORES DIGITALES","","","DIGITAL",""
"000512","MIN. OBRAS PUBLICAS, SERVICIOS Y VIVIENDA","","","","","","","0","0003","SUSCRIPTORES DE PAGO DE LA PAZ","","","DIGITAL",""
"000513","SAMSUNG BOLIVIA","","Av. Ballivian Torre 555 Calacoto","LA PAZ","int. Nº 4323","5/18/2026","","173294029","0003","SUSCRIPTORES DE PAGO DE LA PAZ","","","EMPRESA",""
"000514","ALIANZA SEGUROS S.A.","","LA PAZ","","","","","0","0004","ANTIGUA BASE LA PAZ","","","DIGITAL",""
"000515","COMVERSA","","Calle Jaime Mendoza 26","LA PAZ","2979860","","","292738028","0003","SUSCRIPTORES DE PAGO DE LA PAZ","",".","EMPRESA",""
"000516","MULTI P.A.T.","",".","",".","6/8/2026","","0","0003","SUSCRIPTORES DE PAGO DE LA PAZ","",".","DIGITAL",""
"000517","ADMINREAL S.R.L.","RV","Av. Ballivian 555 - Calacoto","LA PAZ","","","","363749022","0003","SUSCRIPTORES DE PAGO DE LA PAZ","","","EMPRESA",""
"000518","EMBAJADA DE ESPAÑA","",".","","","4/15/2026","","0","0003","SUSCRIPTORES DE PAGO DE LA PAZ","","","DIGITAL",""
"000519","BANCO MUNDIAL","","c. Guachalla 342 esq 20 octubre","LA PAZ","2613300","","","99001","0003","SUSCRIPTORES DE PAGO DE LA PAZ","",".","EMPRESA",""
"000520","THE ASSOCIATED PRESS - SUCURSAL BOLIVIA","","c.Rosendo Gutierres 2299 Ed.Multicentro","LA PAZ","2445010","","","1006419029","0003","SUSCRIPTORES DE PAGO DE LA PAZ","","","EMPRESA",""
"000521","UNICEF","RV","Calle 20 N° 7720 y Fuerza Naval Calacoto","LA PAZ","2770222","","","99001","0003","SUSCRIPTORES DE PAGO DE LA PAZ","",".","EMPRESA",""
"000522","AASANA","RV","Reyes Ortiz y Pasaje Tiahuanacu","LA PAZ","2311346","5/28/2026","","1006787020","0003","SUSCRIPTORES DE PAGO DE LA PAZ","",".","EMPRESA",""
"000523","FORTALEZA SAFI","","LA PAZ","LA PAZ",".","5/28/2026","","1006933020","0003","SUSCRIPTORES DE PAGO DE LA PAZ","",".","EMPRESA",""
"000524","MIN. DE PLANIFICACION DEL DESARROLLO","",".","",".","5/28/2026","","0","0003","SUSCRIPTORES DE PAGO DE LA PAZ","","0","DIGITAL",""
"000525","MINISTERIO DE OBRAS PUBLICAS, SERVICIOS Y VIVIENDA","RV","Ed. Palacio de Comunicaciones Piso 5","LA PAZ","2156600","5/28/2026","","1002823025","0003","SUSCRIPTORES DE PAGO DE LA PAZ","",".","EMPRESA",""
"000526","AEMP (AUTORIDAD FISCALIZACION DE EMPRESAS)","","Edif. El Condor - calle Batallon Colorad","LA PAZ","2150000","5/28/2026","","164760021","0003","SUSCRIPTORES DE PAGO DE LA PAZ","",".","EMPRESA",""
"000527","MIN. DE PLANIFICACION DEL DESARROLLO","",".","",".","5/28/2026","","0","0003","SUSCRIPTORES DE PAGO DE LA PAZ","",".","DIGITAL",""
"000528","APPART HOTEL VICTORIA SRL","","LA PAZ","","0","5/28/2026","","1001799025","0004","ANTIGUA BASE LA PAZ","",".","EMPRESA",""
"000529","CAMARA NAL. DE COMERCIO","",".","",".","5/28/2026","","0","0003","SUSCRIPTORES DE PAGO DE LA PAZ","",".","DIGITAL",""
"000530","POWER SELLING SRL","RV","Calle 23 Torre Titanium P.6-603 Calacoto","LA PAZ","2971718","5/28/2026","","1001493028","0003","SUSCRIPTORES DE PAGO DE LA PAZ","",".","EMPRESA",""
"000531","C.I.A.S.A.","","","","","","","0","0003","SUSCRIPTORES DE PAGO DE LA PAZ","","","DIGITAL",""
"000532","AUTORIDAD DE SUPERVISION DEL SISTEMA FINANCIERO - ASFI","","Plaza Isabel La Catolica 2507","LA PAZ","2431919","2/9/2026","","1004593027","0003","SUSCRIPTORES DE PAGO DE LA PAZ","","","EMPRESA",""
"000533","AUTORIDAD DE SUPERVISION DEL SISTEMA FINANCIERO- ASFI","","Plaza Isabel La Catolica 2507","LA PAZ","69758133","2/9/2026","","1004593027","0003","SUSCRIPTORES DE PAGO DE LA PAZ","","","EMPRESA",""
"000534","LA BOLIVIANA CIACRUZ DE SEGUROS Y REASEGUROS S.A.","",".","",".","5/28/2026","","0","0003","SUSCRIPTORES DE PAGO DE LA PAZ","",".","DIGITAL",""
"000535","CENTRO MEDICO MIL CUATRO","",".","",".","5/28/2026","","0","0003","SUSCRIPTORES DE PAGO DE LA PAZ","",".","DIGITAL",""
"000536","FERREIRA","",".","",".","5/28/2026","","0","0003","SUSCRIPTORES DE PAGO DE LA PAZ","",".","DIGITAL",""
"000537","PRUDENCIO","",".","",".","5/28/2026","","0","0003","SUSCRIPTORES DE PAGO DE LA PAZ","",".","DIGITAL",""
"000538","FERNANDEZ JUAN  (ACONCAL SA)","",".","",".","5/28/2026","","0","0003","SUSCRIPTORES DE PAGO DE LA PAZ","",".","DIGITAL",""
"000539","DIAZ, CARLOS","",".","",".","5/28/2026","","0","0003","SUSCRIPTORES DE PAGO DE LA PAZ","",".","DIGITAL",""
"000540","EMBAJADA DEL PERU","RV","Av. 6 de agosto esq. Guachalla Ed. Alian","LA PAZ","","2/9/2026","","99001","0003","SUSCRIPTORES DE PAGO DE LA PAZ","","","EMPRESA",""
"000541","MIN. DE PLANIFICACION DEL DESARROLLO","",".","",".","5/28/2026","","0","0003","SUSCRIPTORES DE PAGO DE LA PAZ","",".","DIGITAL",""
"000542","EMBAJADA DE FRANCIA","RV","Calle 8 Obrajes","LA PAZ",".","5/28/2026","","99001","0003","SUSCRIPTORES DE PAGO DE LA PAZ","",".","EMPRESA",""
"000543","MULTI P.A.T.","","LA PAZ","",".","5/28/2026","","0","0003","SUSCRIPTORES DE PAGO DE LA PAZ","",".","DIGITAL",""
"000544","CAFÉ HOTEL MOSS  (HOTEL MONTECARLO)","","Av. Montes 767","LA PAZ","2157700 - 2406540 int. Nº 4275","5/28/2026","","151778028","0003","SUSCRIPTORES DE PAGO DE LA PAZ","",".","EMPRESA",""
"000545","CAMARA SENADORES","",".","",".","5/28/2026","","0","0003","SUSCRIPTORES DE PAGO DE LA PAZ","",".","DIGITAL",""
"000546","BANCO CENTRAL DE BOLIVIA","","Ayacucho esq Mercado","LA PAZ","2409090","","","1016739022","0003","SUSCRIPTORES DE PAGO DE LA PAZ","",".","ESTATAL",""
"000547","BANCO CENTRAL DE BOLIVIA","","Ayacucho esq Mercado","LA PAZ","2409090","5/28/2026","","1016739022","0003","SUSCRIPTORES DE PAGO DE LA PAZ","",".","EMPRESA",""
"000548","MIN. DE PLANIFICACION DEL DESARROLLO","",".","",".","5/28/2026","","0","0003","SUSCRIPTORES DE PAGO DE LA PAZ","",".","DIGITAL",""
"000549","VINTAGE VTG SRL","RV","Av. Del Aviador 757 entre 14 y 15 Achuma","LA PAZ","76771283","5/28/2026","","190984021","0003","SUSCRIPTORES DE PAGO DE LA PAZ","",".","EMPRESA",""
"000550","FREEMARKET INTERNACIONAL CONSULTING S.R.L. (TORRICO)","","LA PAZ","LA PAZ",".","5/28/2026","","1003425024","0003","SUSCRIPTORES DE PAGO DE LA PAZ","",".","EMPRESA",""
"000551","MIN. DE PLANIFICACION DEL DESARROLLO","",".","",".","5/28/2026","","0","0003","SUSCRIPTORES DE PAGO DE LA PAZ","",".","DIGITAL",""
"000552","CAMARA SENADORES","",".","",".","5/28/2026","","0","0003","SUSCRIPTORES DE PAGO DE LA PAZ","",".","DIGITAL",""
"000553","ADUANA NACIONAL","","20 DE OCTUBRE ESQ. J.j. Perez","LA PAZ",".","5/28/2026","","1004777023","0003","SUSCRIPTORES DE PAGO DE LA PAZ","",".","EMPRESA",""
"000554","AECID- AGENCIA ESPAÑOLA DE COOPERACION INTERNACIONAL PARA EL DESARROLLO","RV","Av. Arce 2856- entre Clavijo y Cordero","LA PAZ","2433515","","","99001","0003","SUSCRIPTORES DE PAGO DE LA PAZ","",".","EMPRESA",""
"000555","ALTA ESTETICA SRL","RV","Av.Montenegro calle 18,Nro. 866 - San Mi","LA PAZ",".","5/28/2026","","1015593026","0003","SUSCRIPTORES DE PAGO DE LA PAZ","",".","EMPRESA",""
"000556","BANCO INTERAMERICANO DE DESARROLLO","","av. 6 de Agosto Nro. 2818","LA PAZ",".","5/28/2026","","99001","0004","ANTIGUA BASE LA PAZ","",".","EMPRESA",""
"000557","CLUB DE LA PAZ","","Av.Mcal Santa Cruz esq. Camacho- Obelisc","LA PAZ","2311936","5/28/2026","","1006361023","0003","SUSCRIPTORES DE PAGO DE LA PAZ","",".","EMPRESA",""
"000558","COMPAÑIA DE INVERSIONES MERCANTILES S.A. (CIMSA)","","LP","LA PAZ",".","5/28/2026","","0","0003","SUSCRIPTORES DE PAGO DE LA PAZ","",".","DIGITAL",""
"000559","CREDISEGURO S.A. SEGURO PERSONALES","","LP","LA PAZ",".","5/28/2026","","0","0003","SUSCRIPTORES DE PAGO DE LA PAZ","",".","DIGITAL",""
"000560","GRAMMA PUBLICIDAD SRL - DOBLE M\DIEGO MASSI","","calle Ignacio Cordero Nro. 8461 Calacoto","LA PAZ",".","5/28/2026","","1020501022","0003","SUSCRIPTORES DE PAGO DE LA PAZ","",".","EMPRESA",""
"000561","EMBAJADA DEL BRASIL",""," Edificio Multicentro - Mezanino Av. Arc","LA PAZ","2166400","","","99001","0003","SUSCRIPTORES DE PAGO DE LA PAZ","",".","EMPRESA",""
"000562","ERICSSON DE BOLIVIA S.A.","","LA PAZ","LA PAZ",".","5/28/2026","","1028281023","0003","SUSCRIPTORES DE PAGO DE LA PAZ","",".","EMPRESA",""
"000563","FLUICONST S.R.L.","",".","",".","5/28/2026","","0","0003","SUSCRIPTORES DE PAGO DE LA PAZ","",".","DIGITAL",""
"000564","FUNDACION DE EMPRENDEDORES Y FINANZAS MAYA","",".","",".","5/28/2026","","0","0003","SUSCRIPTORES DE PAGO DE LA PAZ","",".","DIGITAL",""
"000565","FUTURO DE BOLIVIA S.A. AFP","RV","Av. 6 de agosto #2624 Ed. Torre Empresar","LA PAZ",".","5/28/2026","","1006803028","0003","SUSCRIPTORES DE PAGO DE LA PAZ","",".","EMPRESA",""
"000566","FUTURO DE BOLIVIA S.A. A.F.P.","",".","",".","5/28/2026","","0","0003","SUSCRIPTORES DE PAGO DE LA PAZ","",".","DIGITAL",""
"000567","IPG MEDIABRANDS S.A. SUCURSAL BOLIVIA","RV","Av. Montenegro Nro. 1420 Ed.San Miguel A","LA PAZ","2140949","5/28/2026","","1018007028","0003","SUSCRIPTORES DE PAGO DE LA PAZ","",".","EMPRESA",""
"000568","JICA","RV","C.22 CalacotoNro. 8232 Ed.Empresarial P.","LA PAZ",".","","","99001","0003","SUSCRIPTORES DE PAGO DE LA PAZ","",".","EMPRESA",""
"000569","LA BOLIVIANA CIACRUZ DE SEGUROS Y REASEGUROS S.A.","RV","Calle Colon Nro.288 Mezzanine","LA PAZ","70543516","5/28/2026","","1007017028","0003","SUSCRIPTORES DE PAGO DE LA PAZ","",".","EMPRESA",""
"000570","MAGNA GROUP S.R.L.   NEXUS","","LP","LA PAZ",".","5/28/2026","","0","0003","SUSCRIPTORES DE PAGO DE LA PAZ","",".","DIGITAL",""
"000571","FEBSA- EMBEXTRA SRL","","Calacoto C.13 Nro. 8394 casi Costanera","LA PAZ","2792047","","","293082023","0003","SUSCRIPTORES DE PAGO DE LA PAZ","",".","EMPRESA",""
"000572","NEXUS COMUNICACION TOTAL S.A.   NEXUS","","LP","LA PAZ",".","5/28/2026","","0","0003","SUSCRIPTORES DE PAGO DE LA PAZ","",".","DIGITAL",""
"000573","PNUD","","Calle 14 esq. Bustamante 4º piso","LA PAZ","int. Nº 6382","5/28/2026","","99001","0003","SUSCRIPTORES DE PAGO DE LA PAZ","",".","EMPRESA",""
"000574","PROCHILE","RV","calle 15Nº 8054 Ed.Plaza 15 piso 3 Calac","LA PAZ","2798422","","","99001","0003","SUSCRIPTORES DE PAGO DE LA PAZ","",".","EMPRESA",""
"000575","PROFESIONALES EN TALENTO SRL","RV","Calacoto C/18 esq.Montenegro Ed. Lopez L","LA PAZ","70632091","5/28/2026","","147326026","0003","SUSCRIPTORES DE PAGO DE LA PAZ","",".","EMPRESA",""
"000576","RICACRUZ LTDA.","RV","calle Corneta Mamani Nro.1981","LA PAZ","2433096","5/28/2026","","121079027","0003","SUSCRIPTORES DE PAGO DE LA PAZ","",".","EMPRESA",""
"000577","SAFI MERCANTIL SANTA CRUZ S.A.","RV","AV. CAMACHO Nro.1448 PISO 2","LA PAZ",".","","","1006967026","0003","SUSCRIPTORES DE PAGO DE LA PAZ","",".","EMPRESA",""
"000578","SOBOCE S.A. (SOCIEDAD BOLIVIANA DE CEMENTO S.A.)","RV","Plaza Isabel La Católica Torres MALL ,P.","LA PAZ","78950199","5/28/2026","","1020235024","0003","SUSCRIPTORES DE PAGO DE LA PAZ","",".","EMPRESA",""
"000579","SOCIEDAD INDUSTRIAL MOLINERA S.A.","RV","Av. Arce Edif.Fortaleza Piso 4","LA PAZ",".","","","1020231026","0003","SUSCRIPTORES DE PAGO DE LA PAZ","",".","EMPRESA",""
"000580","TAIYO MOTORS S.A.","RV","Av. Costanera #1003 Los Pinos","LA PAZ",".","5/28/2026","","1020727020","0003","SUSCRIPTORES DE PAGO DE LA PAZ","",".","EMPRESA",""
"000581","TELEFONICA CELULAR DE BOLIVIA S.A. (TELECEL S.A.)","RV","Calle 22 de Calacoto Detras Iglesia","LA PAZ","77390107","","","1020255020","0003","SUSCRIPTORES DE PAGO DE LA PAZ","",".","EMPRESA",""
"000582","UNITEL/ECOR LTDA.","","LP","LA PAZ",".","5/28/2026","","0","0003","SUSCRIPTORES DE PAGO DE LA PAZ","",".","DIGITAL",""
"000583","VON BORRIES BLANCO ESTUDIO DE ABOGADOS","RV","Edif. Multicentro Torre B piso 16","LA PAZ","2443453","5/28/2026","","1018597026","0003","SUSCRIPTORES DE PAGO DE LA PAZ","",".","EMPRESA",""
"000584","ADMINISTRADORA BOLIVIANA DE CARRETERAS","RV","LA PAZ","LA PAZ",".","5/28/2026","","143885023","0003","SUSCRIPTORES DE PAGO DE LA PAZ","",".","EMPRESA",""
"000585","AJAM - AUTORIDAD JURISDICCIONAL MINERA","RV","LP","LA PAZ",".","5/28/2026","","0","0003","SUSCRIPTORES DE PAGO DE LA PAZ","",".","DIGITAL",""
"000586","ADMINISTRACION DE SERVICIOS PORTUARIOS (ASP-B)","","C/ Lisímaco Gutiérrez N° 342","LA PAZ",".","","","1019023023","0003","SUSCRIPTORES DE PAGO DE LA PAZ","",".","EMPRESA",""
"000587","ATT - AUTORIDAD DE REGULACION Y FISCALIZACION DE TELECOMUNICACIONES Y TRANSPORTE","","Calle 13 y Costanera - Calacoto","LA PAZ","2772266-int 5212","5/28/2026","","164792022","0003","SUSCRIPTORES DE PAGO DE LA PAZ","",".","EMPRESA",""
"000588","AUTORIDAD DE FISCALIZACION Y CONTROL DE PENSIONES Y SEGUROS - APS","RV","c/Reyes Ortiz Ed. Gundlach P.9 Torre Est","LA PAZ",".","5/28/2026","","165076025","0003","SUSCRIPTORES DE PAGO DE LA PAZ","",".","EMPRESA",""
"000589","AUTORIDAD FISCAL. Y CONTROL SOCIAL DE ELECTRICIDAD","","Av. 16 de julio 1571 - El Prado","LA PAZ","2312401","5/28/2026","","164828020","0003","SUSCRIPTORES DE PAGO DE LA PAZ","",".","EMPRESA",""
"000590","AUTORIDAD DE SUPERVISION DEL SISTEMA FINANCIERO","","LA PAZ","LA PAZ","","","","1004593027","0003","SUSCRIPTORES DE PAGO DE LA PAZ","","","EMPRESA",""
"000591","GOBIERNO AUTONOMO MUNICIPAL DE LA PAZ","","C.Mexico esq Cañada Strongest","LA PAZ","70535182","","","1029241022","0003","SUSCRIPTORES DE PAGO DE LA PAZ","",".","ESTATAL",""
"000592","CORPORACION ANDINA DE FOMENTO (C.A.F.)","","Av. Arce 2915","LA PAZ",".","5/28/2026","","99001","0003","SUSCRIPTORES DE PAGO DE LA PAZ","",".","EMPRESA",""
"000593","CAMARA DE DIPUTADOS","","Plaza Murillo Palacio >Legislativo","LA PAZ","73443418","","","120281025","0003","SUSCRIPTORES DE PAGO DE LA PAZ","",".","ESTATAL",""
"000595","GOBIERNO AUTONOMO MUNICIPAL DE LA PAZ- GAMLP","RV","C.Mercado 1298","LA PAZ",".","5/28/2026","","1029241022","0003","SUSCRIPTORES DE PAGO DE LA PAZ","",".","EMPRESA",""
"000597","DISTRIBUIDORA ELECTRICIDAD LA PAZ (DELAPAZ)","","Av. Illimani #1973, Miraflores","LA PAZ","7201619","5/28/2026","","1020613020","0003","SUSCRIPTORES DE PAGO DE LA PAZ","",".","EMPRESA",""
"000598","EMPRESA DE APOYO A LA PRODUCCION DE ALIMENTOS - EMAPA","","calle 9 Nº 7835 - Calacoto","LA PAZ",".","5/28/2026","","150054023","0003","SUSCRIPTORES DE PAGO DE LA PAZ","",".","EMPRESA",""
"000599","MINISTERIO DE COMUNICACION","RV","c. Potosi 1220 esq Ayacucho","LA PAZ","2-200402","5/28/2026","","121045028","0003","SUSCRIPTORES DE PAGO DE LA PAZ","",".","EMPRESA",""
"000600","MINISTERIO DE ECONOMIA Y FINANZAS PUBLICAS","RV","Av. Mcal Santa Cruz esq. Loayza","LA PAZ","2183333","","","1001543025","0001","Suscriptores Generales Facturables","",".","ESTATAL",""
"000601","MINISTERIO DE DEFENSA","RV","20 Octubre esq Pedro Salazar","LA PAZ","67007180","5/28/2026","","120307027","0003","SUSCRIPTORES DE PAGO DE LA PAZ","",".","EMPRESA",""
"000602","MINISTERIO DE DESARROLLO RURAL Y TIERRAS","RV","Av. Camacho entre calles Loayza y Bueno","LA PAZ",".","5/28/2026","","1029517023","0003","SUSCRIPTORES DE PAGO DE LA PAZ","",".","ESTATAL",""
"000605","MINISTERIO DE HIDROCARBUROS Y ENERGIAS","RV","Ed. Centro Comunicaciones P.12","LA PAZ","2374050","5/28/2026","","1001441025","0003","SUSCRIPTORES DE PAGO DE LA PAZ","",".","ESTATAL",""
"000606","MINISTERIO DE JUSTICIA Y TRANSPARENCIA INSTITUCIONAL","RV","Av. 16 de Julio 1769","LA PAZ","2158900","5/28/2026","","137415024","0003","SUSCRIPTORES DE PAGO DE LA PAZ","",".","EMPRESA",""
"000607","MINISTERIO DE MINERIA Y METALURGIA","RV","Ed. Centro de Comunicaciones","LA PAZ",".","5/28/2026","","127231021","0003","SUSCRIPTORES DE PAGO DE LA PAZ","",".","ESTATAL",""
"000610","MINISTERIO DE TRABAJO, EMPLEO Y PREVISION SOCIAL","RV","Mercado esq. Yanacocha","LA PAZ",".","5/28/2026","","1029203026","0003","SUSCRIPTORES DE PAGO DE LA PAZ","",".","EMPRESA",""
"000613","ORGANO JUDICIAL DAF","RV","Yanacocha esq. Potosi","LA PAZ",".","5/28/2026","","190754021","0003","SUSCRIPTORES DE PAGO DE LA PAZ","",".","EMPRESA",""
"000614","PROCURADURIA GENERAL DEL ESTADO","RV","C. Martin Cárdenas 109 El Alto","LA PAZ",".","5/28/2026","","180678022","0003","SUSCRIPTORES DE PAGO DE LA PAZ","",".","EMPRESA",""
"000615","SERVICIO NACIONAL PROPIEDAD INTELECTUAL (SENAPI)","RV","Av.Argentina 1914 Ed. MaAngelica","LA PAZ","76887194","5/28/2026","","136281026","0003","SUSCRIPTORES DE PAGO DE LA PAZ","",".","EMPRESA",""
"000617","SERVICIO DE IMPUESTOS NACIONALES","","Jose Maria Aguirre Acha s/n Los Pinos","LA PAZ","79548119","","","1003579028","0003","SUSCRIPTORES DE PAGO DE LA PAZ","",".","ESTATAL",""
"000618","UNIVERSIDAD MAYOR DE SAN ANDRES (UMSA)","RV","Av. Villazon 1995 Monoblock","LA PAZ","2441702","2/9/2026","","1020071028","0003","SUSCRIPTORES DE PAGO DE LA PAZ","","","EMPRESA",""
"000620","VICEMINISTERIO DEFENSA SOCIAL","RV","c/Ricardo Mujia Nro.757 Sopocachi","LA PAZ",".","5/28/2026","","1018161028","0003","SUSCRIPTORES DE PAGO DE LA PAZ","",".","EMPRESA",""
"000621","VICEPRESIDENCIA DEL ESTADO PLURINACIONAL","RV","c. Mercado 308 esq. Ayacucho","LA PAZ","2142000","2/10/2026","","1019113027","0003","SUSCRIPTORES DE PAGO DE LA PAZ","","","ESTATAL",""
"000622","MINISTERIO DE GOBIERNO","RV","Ed.Urkupiña Nro.937 c/Sucre (G.Sanjines-","LA PAZ",".","5/28/2026","","1018161028","0003","SUSCRIPTORES DE PAGO DE LA PAZ","",".","EMPRESA",""
"000623","NUEVATEL PCS DE BOLIVIA S.A.","","calle 15 esq. Patiño - Calacoto","LA PAZ","2442420","5/28/2026","","1007173022","0003","SUSCRIPTORES DE PAGO DE LA PAZ","",".","EMPRESA",""
"000624","TRIBUNAL SUPREMO DE JUSTICIA","RV","C. Luis Paz Nº 352 Sucre","SUCRE","75764944","","","190906021","0003","SUSCRIPTORES DE PAGO DE LA PAZ","",".","ESTATAL",""
"000625","TRIBUNAL SUPREMO ELECTORAL","RV","Av.Sanchez Lima 2482","LA PAZ","2424221-2118189","","","120803024","0003","SUSCRIPTORES DE PAGO DE LA PAZ","",".","ESTATAL",""
"000626","MIN. ENERGIAS","RV","LA PAZ","",".","5/28/2026","","0","0003","SUSCRIPTORES DE PAGO DE LA PAZ","",".","DIGITAL",""
"000627","AGENCE FRANCE PRESSE SUCURSAL BOLIVIA","RV","Loayza y Camacho- Edificio Mcal. Ayacuch","LA PAZ","2333390","","","298668020","0003","SUSCRIPTORES DE PAGO DE LA PAZ","",".","EMPRESA",""
"000628","CAJA PETROLERA DE SALUD","RV","Av. 16 de Julio 1616 - El Prado","LA PAZ",".","5/28/2026","","1018595023","0003","SUSCRIPTORES DE PAGO DE LA PAZ","",".","EMPRESA",""
"000630","EMBAJADA AMERICANA","","Av. Ballivian 555 - Calacoto","LA PAZ",".","","","99001","0003","SUSCRIPTORES DE PAGO DE LA PAZ","",".","EMPRESA",""
"000631","I.N.R.A.","","LA PAZ","",".","5/28/2026","","0","0002","Suscriptores NO Facturables","",".","DIGITAL",""
"000632","MINISTERIO DE SALUD","RV","LA PAZ","",".","5/28/2026","","1017077027","0003","SUSCRIPTORES DE PAGO DE LA PAZ","",".","ESTATAL",""
"000633","BANCO INTERAMERICANO DE DESARROLLO","","av. 6 de Agosto Nro. 2818","LA PAZ",".","10/20/2026","","99001","0003","SUSCRIPTORES DE PAGO DE LA PAZ","",".","EMPRESA",""
"000634","ROBERTO ARIÑEZ","","LA PAZ","LA PAZ",".","5/28/2026","591","3350567","0003","SUSCRIPTORES DE PAGO DE LA PAZ","",".","PARTICULAR",""
"000635","RODRIGO SOTO","RV","Frente Ed. Multicentro","LA PAZ","77272752- 22170800","5/28/2026","591","3330292","0003","SUSCRIPTORES DE PAGO DE LA PAZ","",".","PARTICULAR",""
"000636","BANCO MERCANTIL SANTA CRUZ S.A.","","Calle Mercado 295 esq Ayacucho","LA PAZ","2654274","","","1020557029","0003","SUSCRIPTORES DE PAGO DE LA PAZ","",".","EMPRESA",""
"000637","BANCO ECONOMICO S.A.","","Av. 6 de Agosto 296 esq Campos Ed Cipres","LA PAZ","2155200 int 1007","5/28/2026","","1015403021","0003","SUSCRIPTORES DE PAGO DE LA PAZ","",".","EMPRESA",""
"001000","REYNALDO LOAYZA GUMUCIO","",".","Santa Cruz","72113904- 33271885","6/8/2026","","0","0002","Suscriptores NO Facturables","Santa Cruz",".","PARTICULAR","090040"
"001001","RICARDO ADAD","",".","SANTA CRUZ","76079552","6/8/2026","","0","0002","Suscriptores NO Facturables","Santa Cruz",".","PARTICULAR","090154"
"001002","LUIS FERNANDO CLAROS PARDO","",".","SANTA CRUZ","71084454","6/8/2026","","0","0002","Suscriptores NO Facturables","Santa Cruz",".","PARTICULAR","090189"
"001003","CHANTAL EID MENDOZA","",".","SANTA CRUZ","77790700","6/8/2026","","0","0002","Suscriptores NO Facturables","Santa Cruz",".","PARTICULAR","090118"
"001004","ARIEL BEDOYA ANDRADE","",".","SANTA CRUZ","72696963","6/8/2026","","0","0002","Suscriptores NO Facturables","Santa Cruz",".","PARTICULAR","090194"
"001005","NINOSKA ARTEAGA","",".","SANTA CRUZ","60919158","6/8/2026","","0","0002","Suscriptores NO Facturables","Santa Cruz",".","PARTICULAR","090155"
"001006","MAURICIO QUIROGA","",".","SANTA CRUZ","67551152","6/8/2026","","287108021","0002","Suscriptores NO Facturables","Santa Cruz",".","PARTICULAR","090123"
"001007","MARILUZ BLANCO","",".","SANTA CRUZ","79022793","6/8/2026","","3863878 SC","0002","Suscriptores NO Facturables","Santa Cruz",".","PARTICULAR","090222"
"001008","ABIGAIL MENACHO","",".","Santa Cruz","67835164","6/8/2026","","0","0002","Suscriptores NO Facturables","Santa Cruz",".","PARTICULAR","090262"
"001009","MARCO ANTONIO FUENTES","",".","Santa Cruz","68838516","6/8/2026","","8159437 SC","0002","Suscriptores NO Facturables","Santa Cruz",".","PARTICULAR","090135"
"001010","KAREN REIMERS","",".","SANTA CRUZ","67896162","5/28/2026","","3201582 sc","0002","Suscriptores NO Facturables","Santa Cruz",".","EMPRESA",""
"001011","MAXIMILIANO QUIROZ MENDIETA","",".","SANTA CRUZ","67170015","5/28/2026","","3954824 SC","0002","Suscriptores NO Facturables","Santa Cruz",".","PARTICULAR",""
"001012","RICHARD JUAN QUISPE ARUQUIPA","",".","SANTA CRUZ","77683226","5/28/2026","","6146510 LP","0002","Suscriptores NO Facturables","Santa Cruz",".","PARTICULAR",""
"001013","MAGDALUZ HURTADO HURTADO","",".","SANTA CRUZ","74953405","5/28/2026","","3834936 SC","0002","Suscriptores NO Facturables","Santa Cruz",".","PARTICULAR",""
"001014","POLICARPIO JARO COCA","",".","SANTA CRUZ","77047704","5/28/2026","","3872244 sc","0002","Suscriptores NO Facturables","Santa Cruz",".","PARTICULAR",""
"001015","RICARDO BOZO GUTIERREZ","",".","SANTA CRUZ","73119221","5/28/2026","","678607 Or","0002","Suscriptores NO Facturables","Santa Cruz",".","PARTICULAR",""
"001016","STEFI STEFI COCIANNI","",".","Santa Cruz","69018076","6/8/2026","","31285275 SC","0002","Suscriptores NO Facturables","Santa Cruz",".","PARTICULAR","090238"
"001017","BRUNA SANDOVAL JIMENEZ","",".","Santa Cruz","78556670","6/8/2026","","0","0002","Suscriptores NO Facturables","Santa Cruz",".","PARTICULAR","090170"
"001018","VERONICA JUSTINIANO DURAN","",".","SANTA CRUZ","78455545","6/8/2026","","5846566 sc","0002","Suscriptores NO Facturables","Santa Cruz",".","PARTICULAR","090102"
"001019","MIRTHA CORONADO","",".","PANDO","75101567","6/8/2026","","0","0002","Suscriptores NO Facturables","Santa Cruz",".","PARTICULAR","090017"
"001020","YONATHAN ARIEL ROJAS MONTES DE OCA","",".","SANTA CRUZ","75316894","6/8/2026","","8239303 SC","0002","Suscriptores NO Facturables","Santa Cruz","0","PARTICULAR","090040"
"001021","OSCAR CORRALES","",".","BENI","78291403","6/8/2026","","7581475 BN","0002","Suscriptores NO Facturables","Santa Cruz","0","PARTICULAR","090055"
"001022","RICARDO ESCOBAR","",".","Santa Cruz","79472840","5/28/2026","","8966644 sc","0002","Suscriptores NO Facturables","Santa Cruz",".","PARTICULAR",""
"001023","RODOLFO DOMINGUEZ","",".","Santa Cruz","69150251","6/8/2026","","7679472 SC","0002","Suscriptores NO Facturables","Santa Cruz","0","PARTICULAR",""
"001024","DOUGLAS VILLARROEL","",".","Santa Cruz","77814088","6/8/2026","","2967646 SC","0002","Suscriptores NO Facturables","Santa Cruz",".","PARTICULAR",""
"001025","ENTEL S.A. (SANTA CRUZ)","","Av. Cristo Redentor Km 3,5. Gerencia Reg","SANTA CRUZ","72650401 -3124302 (72650590)","","","1020703023","0001","Suscriptores Generales Facturables","Santa Cruz","","EMPRESA",""
"001026","ISMAEL ROMERO","",".","Santa Cruz","72115855","6/8/2026","","0","0002","Suscriptores NO Facturables","Santa Cruz",".","PARTICULAR",""
"001027","JORGE TERCEROS","",".","Santa Cruz","70993034","6/8/2026","","3830133 SC","0002","Suscriptores NO Facturables","Santa Cruz",".","PARTICULAR",""
"001028","PATRICIA DURAN","",".","Santa Cruz","70093727","6/8/2026","","3882693 sc","0002","Suscriptores NO Facturables","Santa Cruz","0","PARTICULAR",""
"001029","HANS GÓMEZ ORTEGA","",".","Santa Cruz","72120500","6/8/2026","","0","0002","Suscriptores NO Facturables","Santa Cruz","0","PARTICULAR",""
"001030","LUIS ALEJANDRO GUTIÉRREZ EKLUND","","0","Santa Cruz","78533777","6/8/2026","","0","0002","Suscriptores NO Facturables","Santa Cruz","0","PARTICULAR",""
"001031","MAKI YASUDA","",".","Santa Cruz","71018031","6/8/2026","","3242468 SC","0002","Suscriptores NO Facturables","Santa Cruz","0","PARTICULAR",""
"001032","HEBER CASTEDO","",".","Santa Cruz","77035035","6/8/2026","","8281861 SC","0002","Suscriptores NO Facturables","Santa Cruz",".","PARTICULAR",""
"001033","AMELIA PAZ","",".","Santa Cruz","76588872","6/8/2026","","2063804 LP","0002","Suscriptores NO Facturables","Santa Cruz",".","PARTICULAR",""
"001034","ANDREI BARRANCOS","",".","Santa Cruz","67703721","6/3/2026","","5856114 SC","0002","Suscriptores NO Facturables","Santa Cruz",".","PARTICULAR",""
"001035","FERRETERIA DON QUIJOTE","",".","Santa Cruz","76330006","6/8/2026","","4287825 SC","0002","Suscriptores NO Facturables","Santa Cruz",".","EMPRESA",""
"001036","MARCOS TUFIÑO PEÑA","",".","Santa Cruz","78565013","6/8/2026","","3213022 SC","0002","Suscriptores NO Facturables","Santa Cruz","0","PARTICULAR",""
"001037","MARIELA MACHUCA PEREDO","",".","Santa Cruz","72147774","6/8/2026","","5393100 SC","0002","Suscriptores NO Facturables","Santa Cruz","0","PARTICULAR",""
"001038","VALERIA RUBIN DE CELIS","",".","Santa Cruz","33595656","6/8/2026","","6221217 sc","0002","Suscriptores NO Facturables","Santa Cruz",".","PARTICULAR","090092"
"001039","CARLOS CAMACHO","",".","Santa Cruz","70516816","6/8/2026","","4473228 Cbba","0002","Suscriptores NO Facturables","Santa Cruz","0","PARTICULAR","090169"
"001040","JESUS ABREGO","",".","Santa Cruz","78950502","6/8/2026","","2207937 lp","0002","Suscriptores NO Facturables","Santa Cruz","0","PARTICULAR",""
"001041","RONALD CENTENARO RAGONE","",".","Santa Cruz","75030507","6/8/2026","","5875895 SC","0002","Suscriptores NO Facturables","Santa Cruz",".","PARTICULAR",""
"001042","SCARLETH PUTTKAMER","",".","Santa Cruz","78500058","6/8/2026","","0","0002","Suscriptores NO Facturables","Santa Cruz","0","PARTICULAR",""
"001043","CARLOS RODOLFO MERCADO","","","SANTA CRUZ","77396377","","","1998871 SC","0002","Suscriptores NO Facturables","Santa Cruz","","PARTICULAR","090102"
"001044","JORGE NAVA","",".","Santa Cruz","76319802","6/8/2026","","7737151 SC","0002","Suscriptores NO Facturables","Santa Cruz",".","PARTICULAR",""
"001045","JULIO NISHIZAWA","","0","Santa Cruz","75691777","6/8/2026","","3905655 SC","0002","Suscriptores NO Facturables","Santa Cruz",".","PARTICULAR",""
"001046","CARLOS RUEDA","","0","Santa Cruz","70869735","6/8/2026","","10262213 SC","0002","Suscriptores NO Facturables","Santa Cruz","0","PARTICULAR",""
"001047","JAIRO CABA ESPINOZA","",".","Santa Cruz","76019996","6/8/2026","","6350158 SC","0002","Suscriptores NO Facturables","Santa Cruz","0","PARTICULAR","090170"
"001048","OSVALDO SALVATIERRA MENDEZ","",".","Santa Cruz","75000730","6/8/2026","","4587430 SC","0002","Suscriptores NO Facturables","Santa Cruz","0","PARTICULAR",""
"001049","FERNANDO CESAR UNZUETA MARCO (BP SOLUTIONS)","",".","Santa Cruz","71072720","6/8/2026","","0","0002","Suscriptores NO Facturables","Santa Cruz",".","PARTICULAR",""
"001050","ENRIQUE BARRIENTOS","",".","Santa Cruz","75566662","6/8/2026","","0","0002","Suscriptores NO Facturables","Santa Cruz",".","PARTICULAR",""
"001051","VLADIMIR DORIA MEDINA","",".","Santa Cruz","78519502","6/8/2026","","0","0002","Suscriptores NO Facturables","Santa Cruz","0","PARTICULAR","090219"
"001052","DANIELITO MEDINA CAPRILES","",".","Santa Cruz","76321777","6/8/2026","","2912318 CB","0002","Suscriptores NO Facturables","Santa Cruz",".","PARTICULAR",""
"001053","MIGUEL ROCKHOLT","",".","Santa Cruz","75031353","6/8/2026","","0","0002","Suscriptores NO Facturables","Santa Cruz","0","PARTICULAR",""
"001054","ALEX BAUDILIO MOLINA","","0","SANTA CRUZ","73157429","6/8/2026","","0","0002","Suscriptores NO Facturables","Santa Cruz","0","PARTICULAR",""
"001055","ROSE RIBERA","","0","SANTA CRUZ","70008014","6/8/2026","","0","0002","Suscriptores NO Facturables","Santa Cruz","0","PARTICULAR",""
"001056","REYMAR PAREDES ALACA","",".","Santa Cruz","73115753","6/8/2026","","8932169 Sc","0002","Suscriptores NO Facturables","Santa Cruz",".","PARTICULAR",""
"001057","LUCIA FERNANDEZ DE CORDOVA","",".","Santa Cruz","78180283","6/8/2026","","4658241 SC","0002","Suscriptores NO Facturables","Santa Cruz",".","PARTICULAR",""
"001058","ADOLFO APODACA","",".","SANTA CRUZ","72607187","6/8/2026","","5361497 SC","0002","Suscriptores NO Facturables","Santa Cruz",".","PARTICULAR",""
"001059","ANA VICTORIA ARIAS CAMACHO","",".","Santa Cruz","70920123","6/8/2026","","0","0002","Suscriptores NO Facturables","Santa Cruz",".","PARTICULAR","090040"
"001060","GANAVALORES","",".","SANTA CRUZ","3173525-3170416","6/8/2026","","0","0002","Suscriptores NO Facturables","Santa Cruz",".","PARTICULAR",""
"001061","MELIZA SANCHEZ ORTIZ","",".","SANTA CRUZ","76093889","6/8/2026","","5152063 cbba","0002","Suscriptores NO Facturables","Santa Cruz",".","PARTICULAR",""
"001062","ACOIM LTDA. (ADITA COIMBRA)","",".","SANTA CRUZ","33419913","6/8/2026","","6349448 sc","0002","Suscriptores NO Facturables","Santa Cruz",".","EMPRESA",""
"001063","JORGE ANTONIO DE LA FUENTE ZAMORA","",".","SANTA CRUZ","76067345","6/8/2026","","5394629 SC","0002","Suscriptores NO Facturables","Santa Cruz",".","PARTICULAR","090165"
"001064","GABRIELA PAZ SALVATIERRA","",".","SANTA CRUZ","76624561","6/8/2026","","4714188 sc","0002","Suscriptores NO Facturables","Santa Cruz",".","PARTICULAR",""
"001065","ROLANDO LOAYZA","",".","SANTA CRUZ","78440038","6/8/2026","","258133 lp","0002","Suscriptores NO Facturables","Santa Cruz",".","PARTICULAR",""
"001066","MARLEY  GALLARDO","",".","SANTA CRUZ","3471959 - 78526547","6/8/2026","","8223549 sc","0002","Suscriptores NO Facturables","Santa Cruz",".","EMPRESA",""
"001067","JAIME CORDOVA","",".","SANTA CRUZ","34021695 - 67007570","6/8/2026","","2478330 lp","0002","Suscriptores NO Facturables","Santa Cruz",".","EMPRESA",""
"001068","ALBERTO IRAHOLA - KHULMAN","",".","SANTA CRUZ","33557333- 67371261","6/8/2026","","1782235 tj","0002","Suscriptores NO Facturables","Santa Cruz",".","EMPRESA",""
"001069","SAUL MUSTAFA","",".","Santa Cruz","76352529","6/8/2026","","5385772 SC","0002","Suscriptores NO Facturables","Santa Cruz",".","PARTICULAR",""
"001070","PABLO VARGAS MEJIA","",".","Santa Cruz","76067763","6/8/2026","","0","0002","Suscriptores NO Facturables","Santa Cruz",".","PARTICULAR",""
"001071","JAIME ROJAS","",".","Santa Cruz","75669750","6/8/2026","","0","0002","Suscriptores NO Facturables","Santa Cruz",".","PARTICULAR",""
"001072","XIMENA EGUEZ","",".","SANTA CRUZ","77602179","6/8/2026","","5428620 SC","0002","Suscriptores NO Facturables","Santa Cruz",".","PARTICULAR",""
"001073","RONALD MONTALVAN","",".","SANTA CRUZ","78006792","6/8/2026","","5899820 SC","0002","Suscriptores NO Facturables","Santa Cruz",".","PARTICULAR",""
"001074","CARLOS VEIZAGA CRESPO","",".","SANTA CRUZ","65053550","6/8/2026","","2866568 cbba","0002","Suscriptores NO Facturables","Santa Cruz",".","PARTICULAR",""
"001075","EMPRESA SIQUEM (CONTACTO FERNANDO BORDILLO)","",".","SANTA CRUZ","(75002773 numero personal del Sr. Fernando) -75577771","6/8/2026","","0","0002","Suscriptores NO Facturables","Santa Cruz",".","EMPRESA",""
"001076","CAROL LIZETH GOMEZ","",".","Santa Cruz","77642401","6/8/2026","","6308824 sc","0002","Suscriptores NO Facturables","Santa Cruz",".","PARTICULAR","090182"
"001077","HOUSE INN APART HOTEL / ALVARO GUTIERREZ (PERSONA DE CONTACTO MARCELA)","",".","SANTA CRUZ","33362323","6/8/2026","","4800868 lp","0002","Suscriptores NO Facturables","Santa Cruz",".","EMPRESA",""
"001078","PATRICIA ARAUZ ROCHA","",".","SANTA CRUZ","76044135","6/8/2026","","5390947 sc","0002","Suscriptores NO Facturables","Santa Cruz",".","EMPRESA",""
"001079","MARCO IBIETA (YPFB)","",".","SANTA CRUZ","75638655(personal marco ibieta)-773500001(jefa) - 76680031 (colega)","6/8/2026","","3205649 sc","0002","Suscriptores NO Facturables","Santa Cruz",".","EMPRESA","090182"
"001080","CWE BOLIVIA","",".","santa Cruz","388-8999 / 73143512 (Ricardo Paniagua)","6/8/2026","","3926474 sc","0002","Suscriptores NO Facturables","Santa Cruz",".","EMPRESA","090102"
"001081","JEANNETTE BARRETO","",".","SANTA CRUZ","77794171 - 72702023","6/8/2026","","6471537 CBBA","0002","Suscriptores NO Facturables","Santa Cruz",".","PARTICULAR","090102"
"001082","VICTOR HUGO VELIZ","",".","SANTA CRUZ","76632979","6/8/2026","","3161538 sc","0002","Suscriptores NO Facturables","Santa Cruz",".","PARTICULAR","090182"
"001083","DANIELA ALPIRE","","SANTA CRUZ","SANTA CRUZ","385-2425 / 70002945","6/8/2026","","5398417","0002","Suscriptores NO Facturables","Santa Cruz",".","EMPRESA","090040"
"001084","ROBERT FERNANDO RIBERA CAMACHO","",".","santa Cruz","710-19208","6/8/2026","","1536541 sc","0002","Suscriptores NO Facturables","Santa Cruz","0","PARTICULAR","090182"
"001085","MARICELA GUZMÁN / EMPRESA GRUAS MONTERO","",".","Santa Cruz","3571096 - 71696104","6/8/2026","","8981835 sc","0002","Suscriptores NO Facturables","Santa Cruz",".","EMPRESA","090224"
"001086","LINKSER S.A (JULIANA URGEL) (CONTACTO WILMAR REYNALDO RIBERA ROSSE)","",".","Santa Cruz","3343110","6/8/2026","","8913419 SC","0002","Suscriptores NO Facturables","Santa Cruz",".","EMPRESA","090174"
"001087","JORGE LIMPIAS ARIAS (RADIO ANDRÉS IBÁÑEZ)","",".","Santa Cruz","3361069","6/8/2026","","4562217 SC","0002","Suscriptores NO Facturables","Santa Cruz",".","EMPRESA","090174"
"001088","RICARDO BADDOUR","",".","Santa Cruz","72133844","6/8/2026","","2977238 sc","0002","Suscriptores NO Facturables","Santa Cruz",".","PARTICULAR","090182"
"001089","DANIELA MONTERO","",".","Santa Cruz","75529031","6/8/2026","","5870412 sc","0002","Suscriptores NO Facturables","Santa Cruz",".","PARTICULAR","090182"
"001090","LUCILA DEL CARMEN RODAS DE REYES","",".","Santa Cruz","76002063","6/8/2026","","124890 LP","0002","Suscriptores NO Facturables","Santa Cruz",".","PARTICULAR","090219"
"001091","JUAN PABLO PALACIOS","",".","Santa Cruz","76855780","6/8/2026","","5856946 SC","0002","Suscriptores NO Facturables","Santa Cruz",".","PARTICULAR",""
"001092","FINI LAGER - GERMÁN BALCÁZAR","",".","Santa Cruz","3347160 – 75023168 (Germán Balcázar)","6/8/2026","","4575198 SC","0002","Suscriptores NO Facturables","Santa Cruz",".","EMPRESA","090170"
"001093","CAROLINA ANDREA ARRATIA","",".","Santa Cruz","70983315","6/8/2026","","8962211 SC","0002","Suscriptores NO Facturables","Santa Cruz",".","PARTICULAR","090182"
"001094","SISTEMAS DE RIEGO VALLEY S.A. (CRISTHIAN VARGAS)","",".","Santa Cruz","354 8272 - celular:773-85001","6/8/2026","","3854172 sc","0002","Suscriptores NO Facturables","Santa Cruz",".","EMPRESA","090182"
"001095","ARKETIPO SRL","",".","Santa Cruz","353-0036 (Edna Cabrera)","6/8/2026","","5414253 SC","0002","Suscriptores NO Facturables","Santa Cruz",".","EMPRESA","090182"
"001096","FEDERICO YAÑEZ","",".","Santa Cruz","71540610","6/8/2026","","477515LP","0002","Suscriptores NO Facturables","Santa Cruz",".","PARTICULAR","090003"
"001097","ANA MARÍA PEREZ","",".","Santa Cruz","76067763","6/8/2026","","4717873 SC","0002","Suscriptores NO Facturables","Santa Cruz",".","EMPRESA","090182"
"001098","DISPROVIAL SRL - YULIANA CORONADO","",".","Santa Cruz","344-6377","6/8/2026","","4662584 SC","0002","Suscriptores NO Facturables","Santa Cruz",".","EMPRESA","090182"
"001099","ALBERTO ROCA AÑEZ","",".","Santa Cruz","77655545","6/8/2026","","5843470 SC","0002","Suscriptores NO Facturables","Santa Cruz",".","EMPRESA","090169"
"001100","ATAHUALPA CARRANZA GUTIERREZ","",".","Santa Cruz","77022058","6/8/2026","","E29998","0002","Suscriptores NO Facturables","Santa Cruz",".","PARTICULAR","090040"
"001101","JOSELIN ANDRADE TERRAZAS","",".","Santa Cruz","71696995 - 70297123 (Norah Andrade Hermana)","6/8/2026","","7707077 SC","0002","Suscriptores NO Facturables","Santa Cruz",".","PARTICULAR","090243"
"001102","FEDRA ROJAS DE PANIAGUA","",".","Santa Cruz","69051183 - 69203968 (carol cespedes Perez)","6/8/2026","","5894061 sc","0002","Suscriptores NO Facturables","Santa Cruz",".","EMPRESA","090040"
"001103","JOAQUIN VACA","",".","Santa Cruz","75649888","6/8/2026","","5845613 sc","0002","Suscriptores NO Facturables","Santa Cruz",".","PARTICULAR","090174"
"001104","LILIANA BALCAZAR","",".","Santa Cruz","33443060 – 78048652","6/8/2026","","8934351 sc","0002","Suscriptores NO Facturables","Santa Cruz",".","PARTICULAR","090040"
"001105","ROBERTO CABALLERO TOLEDO","","4TO Y 5TO ANILLO AV. 2 DE AGOSTO","Santa Cruz","77793752","6/8/2026","","3834027012","0001","Suscriptores Generales Facturables","",".","PARTICULAR",""
"001106","LUIS ALBERTO GRIMALDES VARGAS","",".","Santa Cruz","70986205","6/8/2026","","7679509 sc","0002","Suscriptores NO Facturables","Santa Cruz",".","PARTICULAR","090102"
"001107","ANA MARIA RIBERA","",".","SANTA CRUZ","70826076","6/8/2026","","4549539 sc","0002","Suscriptores NO Facturables","Santa Cruz",".","PARTICULAR","090215"
"001108","MIGUEL ANGEL BANEGAS","",".","SANTA CRUZ","3512422- 72660660","6/8/2026","","3861574 sc","0002","Suscriptores NO Facturables","Santa Cruz",".","PARTICULAR","090182"
"001109","LUIS FERNANDO MEDINA PAZ","",".","SANTA CRUZ","71063214","6/8/2026","","8190346 SC","0002","Suscriptores NO Facturables","Santa Cruz",".","PARTICULAR","090040"
"001110","PICKY VACA","",".","SANTA CRUZ","77645365","6/8/2026","","4599775 SC","0002","Suscriptores NO Facturables","Santa Cruz",".","PARTICULAR","090169"
"001111","ROXANA PARADA","",".","SANTA CRUZ","75621124","6/8/2026","","3171385 sc","0002","Suscriptores NO Facturables","Santa Cruz",".","PARTICULAR","090155"
"001112","LUIS MENDEZ","",".","sANTA CRUZ","77000127","6/8/2026","","1975354 sc","0002","Suscriptores NO Facturables","Santa Cruz",".","PARTICULAR","090182"
"001113","ORLANDO IGNACIO CUELLAR ALPIRI","",".","SANTA CRUZ","60839424","6/8/2026","","0","0002","Suscriptores NO Facturables","Santa Cruz",".","PARTICULAR","090243"
"001114","FERNANDO ZABALA","",".","SANTA CRUZ","69141969","6/8/2026","","0","0002","Suscriptores NO Facturables","Santa Cruz",".","PARTICULAR","090132"
"001115","EDGAR MARCELO ZAVALA GUTIERREZ","",".","SANTA CRUZ","72107640","6/8/2026","","4296190 lp","0002","Suscriptores NO Facturables","Santa Cruz",".","PARTICULAR","090182"
"001116","ARIEL CABRERA","",".","SANTA CRUZ","68939595","6/8/2026","","4719242 SC","0002","Suscriptores NO Facturables","Santa Cruz",".","PARTICULAR","090262"
"001117","MARCI CENTELLAS","",".","SANTA CRUZ","75019844","6/8/2026","","8235732 sc","0002","Suscriptores NO Facturables","Santa Cruz",".","PARTICULAR","090328"
"001118","SERGIO SOLETO RODRIGUEZ","",".","SANTA CRUZ","72128277","6/8/2026","","4694360 SC","0002","Suscriptores NO Facturables","Santa Cruz",".","PARTICULAR","090161"
"001119","INDUSTRIAS BELEN- ANA LIDIA BERTHALET","",".","SANTA CRUZ","78516465 – 3461029","6/8/2026","","4736683 sc","0002","Suscriptores NO Facturables","Santa Cruz",".","EMPRESA","090155"
"001120","DAMARIS SENZANO","",".","SANTA CRUZ","76000677","6/8/2026","","5824063 SC","0002","Suscriptores NO Facturables","Santa Cruz","0","PARTICULAR","090155"
"001121","RAQUEL RIVERA (DIMA LTDA)","",".","SANTA CRUZ","33125777","6/8/2026","","5337298 sc","0002","Suscriptores NO Facturables","Santa Cruz",".","EMPRESA","090169"
"001122","MARVIN W. MORALES PONCE","",".","BENI","77253542(numero personal) - 71494371 (corporativo de su trabajo).","6/8/2026","","5873645 SC","0002","Suscriptores NO Facturables","Santa Cruz",".","PARTICULAR","090080"
"001123","RUTH TUMIRI","",".","SANTA CRUZ","77698516","6/8/2026","","62241888 SC","0002","Suscriptores NO Facturables","Santa Cruz",".","PARTICULAR","090040"
"001124","BROMBER SRL. (CRISTHIAN PEDRAZA)","",".","Santa Cruz","76075437","6/8/2026","","5356113 SC","0002","Suscriptores NO Facturables","Santa Cruz",".","EMPRESA","090182"
"001125","CINTHIA MERCADO","",".","Santa Cruz","75004038","6/8/2026","","1069368 SC","0002","Suscriptores NO Facturables","Santa Cruz",".","PARTICULAR","090102"
"001126","LUIS TAMAYO RIVADENEIRA","",".","Santa Cruz","71072460","6/8/2026","","176329 LP","0002","Suscriptores NO Facturables","Santa Cruz",".","PARTICULAR","090262"
"001127","HUGO CESAR SAUCEDO MASAY","",".","Santa Cruz","69051533","6/8/2026","","0","0002","Suscriptores NO Facturables","Santa Cruz",".","PARTICULAR","090238"
"001128","ELIAS ORTUÑO NAVIA","","RADIAL 13 ENTRE 5TO Y 6TO ANILLO","Santa Cruz","70857447","6/8/2026","","5356139","0001","Suscriptores Generales Facturables","Santa Cruz",".","PARTICULAR","090155"
"001129","MARIA DEL CARMEN DORADO DORADO","",".","Santa Cruz","70090578","6/8/2026","","3276731 sc","0002","Suscriptores NO Facturables","Santa Cruz",".","PARTICULAR","090142"
"001130","CECILIA CHAVEZ","",".","Santa Cruz","67701414","6/8/2026","","5383403 SC","0002","Suscriptores NO Facturables","Santa Cruz",".","PARTICULAR","090169"
"001131","HUBERT MARQUEZ GUTIERREZ","",".","santa Cruz","69999133 - 33353515","6/8/2026","","0","0002","Suscriptores NO Facturables","Santa Cruz",".","PARTICULAR","090170"
"001132","MIGUEL ANGEL NÚÑEZ JIMÉNEZ","",".","SANTA CRUZ","72176005","6/8/2026","","2816984","0002","Suscriptores NO Facturables","Santa Cruz",".","PARTICULAR","090051"
"001133","GONZALO EDUARDO ROCHA ESPINOZA","",".","santa Cruz","73145042","6/8/2026","","359347 LP","0002","Suscriptores NO Facturables","Santa Cruz",".","PARTICULAR","090040"
"001134","MIGUEL FREITDES","",".","SANTA CRUZ","73976129","6/8/2026","","10159158","0002","Suscriptores NO Facturables","Santa Cruz",".","PARTICULAR","090089"
"001135","EMIDIO MARTINEZ","",".","SANTA CRUZ","72106550","6/8/2026","","6208196 SC","0002","Suscriptores NO Facturables","Santa Cruz",".","PARTICULAR","090262"
"001136","ERICH FLEIG","","","SANTA CRUZ","76005610","","","2821379 SC","0002","Suscriptores NO Facturables","Santa Cruz","","PARTICULAR","090089"
"001137","RICHARD RIBERA","",".","SANTA CRUZ","69236401","6/8/2026","","7812857 SC","0002","Suscriptores NO Facturables","Santa Cruz",".","PARTICULAR","090045"
"001138","DANNY  PIMENTEL MARTINEZ","",".","SANTA CRUZ","67883438","6/8/2026","","4644175 Sc","0002","Suscriptores NO Facturables","Santa Cruz",".","PARTICULAR","090102"
"001139","JUAN JESÚS PEREZ PARADA","",".","SANTA CRUZ","75569831","6/8/2026","","13484704 sc","0002","Suscriptores NO Facturables","Santa Cruz",".","PARTICULAR","090102"
"001140","JACINTO LOAYZA","",".","SANTA CRUZ","78096331","6/8/2026","","7668765 SC","0002","Suscriptores NO Facturables","Santa Cruz",".","PARTICULAR","090092"
"001141","LILIANA ARAUZ CHAVEZ","",".","SANTA CRUZ","75566851","6/8/2026","","6374334 SC","0002","Suscriptores NO Facturables","Santa Cruz",".","PARTICULAR","090092"
"001142","EDDY RUIZ","",".","SANTA CRUZ","33470808","6/8/2026","","2940654 Sc","0002","Suscriptores NO Facturables","Santa Cruz",".","EMPRESA","090238"
"001143","DAVID DANIEL GARCIA ARTEAGA","",".","SANTA CRUZ","71638967","6/8/2026","","6265620 sc","0002","Suscriptores NO Facturables","Santa Cruz",".","PARTICULAR","090089"
"001144","CARLOS VARGAS AÑEZ","",".","SANTA CRUZ","71603463 / 332-7645","6/8/2026","","0","0002","Suscriptores NO Facturables","Santa Cruz",".","PARTICULAR","090174"
"001145","CARLOS ZURITA MARTINEZ","",".","SANTA CRUZ","65006000","6/8/2026","","8992285 SC","0002","Suscriptores NO Facturables","Santa Cruz",".","PARTICULAR","090120"
"001146","GMESAL MANTENIMIENTO INDUSTRIAL (JOHNNY SALVATIERRA)","",".","SANTA CRUZ","72719301","6/8/2026","","3103011 Or","0002","Suscriptores NO Facturables","Santa Cruz",".","PARTICULAR","090040"
"001147","RAMON TALAVERA","",".","SANTA CRUZ","79880096","6/8/2026","","8945252 SC","0002","Suscriptores NO Facturables","Santa Cruz",".","PARTICULAR","090182"
"001148","MARIBEL PEJA","",".","Cochabamba","71426996","6/8/2026","","8738627 CB","0002","Suscriptores NO Facturables","",".","PARTICULAR",""
"001149","JUAN CRESPO GUTIERREZ","",".","SANTA CRUZ","73172226","6/8/2026","","3181123 SC","0002","Suscriptores NO Facturables","Santa Cruz",".","EMPRESA","090182"
"001150","JUAN JOSE QUIROZ CRESPO","",".","SANTA CRUZ","73171315","6/8/2026","","4093772 Ch","0002","Suscriptores NO Facturables","Santa Cruz",".","PARTICULAR","090068"
"001151","JAVIER MIGUEL MARAZA QUISPE","",".","Santa Cruz","78155705","6/8/2026","","4829977 LP","0002","Suscriptores NO Facturables","Santa Cruz",".","PARTICULAR","090095"
"001152","RAUL PEÑA","",".","SANTA CRUZ","60097029","6/11/2026","","4733889 sc","0002","Suscriptores NO Facturables","Santa Cruz",".","PARTICULAR","090262"
"001153","CARMELO VILLAFAN","",".","SANTA CRUZ","72150283","6/11/2026","","4717763 SC","0002","Suscriptores NO Facturables","Santa Cruz",".","PARTICULAR","090102"
"001154","EMPRESA PLUBLITRADE (CONTACTO ANDREA JAIMES).","",".","SANTA CRUZ","77728827","6/11/2026","","10755949 sc","0002","Suscriptores NO Facturables","Santa Cruz",".","EMPRESA","090182"
"001155","CIRO CHUVIRU RODRIGUEZ","",".","SANTA CRUZ","71317116","6/11/2026","","4601083 SC","0002","Suscriptores NO Facturables","Santa Cruz",".","PARTICULAR","090194"
"001156","WALTER ALPIRE MENDOZA","RV","Av. San Martin Barrio Guapay calle A Pab","SANTA CRUZ","70838362","","","41961","0001","Suscriptores Generales Facturables","Santa Cruz","","PARTICULAR","090089"
"001157","LEDDY CECILIA SANJINEZ LARA","",".","PANDO","76217418","6/11/2026","","6146219 LP","0002","Suscriptores NO Facturables","Santa Cruz",".","PARTICULAR","090017"
"001158","LUIS ALBERTO BOLLER","",".","SANTA CRUZ","77070444","6/11/2026","","E10141404","0002","Suscriptores NO Facturables","Santa Cruz",".","PARTICULAR","090089"
"001159","SAMANTHA RODAS","",".","SANTA CRUZ","77318921","6/11/2026","","7722311 SC","0002","Suscriptores NO Facturables","Santa Cruz",".","PARTICULAR","090194"
"001160","JOSE DAVID SUAREZ","",".","SANTA CRUZ","76055433","6/11/2026","","532850263 sc","0002","Suscriptores NO Facturables","Santa Cruz",".","PARTICULAR","090245"
"001161","PABLO FIGUEROA","",".","SANTA CRUZ","77308973","6/11/2026","","10156189 sc","0002","Suscriptores NO Facturables","Santa Cruz",".","PARTICULAR","090102"
"001162","ARMANDO GARCIA VILLEGAS","",".","Santa Cruz","72120132","6/11/2026","","4263417 lp","0002","Suscriptores NO Facturables","Santa Cruz",".","PARTICULAR","090040"
"001163","RUBEN DARIO","",".","SANTA CRUZ","71312883","6/11/2026","","3937189 sc","0002","Suscriptores NO Facturables","Santa Cruz",".","PARTICULAR","090040"
"001164","HEBERTO SOTO MENDOZA","",".","Santa Cruz","70833080","6/11/2026","","3839438 sc","0002","Suscriptores NO Facturables","Santa Cruz",".","PARTICULAR","090102"
"001165","FÁTIMA BELÉN ZEBALLOS ORDOÑEZ","",".","SANTA CRUZ","79868808","6/11/2026","","5842302 SC","0002","Suscriptores NO Facturables","Santa Cruz",".","PARTICULAR","090012"
"001166","LUIS COSSIO AÑEZ (GINA KELLY LOPEZ)","",".","Santa CRUZ","77376352","6/11/2026","","5420579 SC","0002","Suscriptores NO Facturables","Santa Cruz",".","EMPRESA","090040"
"001167","WILLIAN PALACIOS ANTELO","",".","Santa CRUZ","65892982","6/11/2026","","1539298 SC","0002","Suscriptores NO Facturables","Santa Cruz",".","PARTICULAR","090211"
"001168","LUIS ALBERTO CARRASCO MONRROY","",".","Santa Cruz","70056121","6/11/2026","","4274853 lp","0002","Suscriptores NO Facturables","Santa Cruz",".","PARTICULAR","090182"
"001169","TERESA CUETO","",".","Santa Cruz","78446996","6/11/2026","","8244781 sc","0002","Suscriptores NO Facturables","Santa Cruz",".","PARTICULAR","090224"
"001170","SANDRA STRUABE","",".","Santa Cruz","75014799","6/11/2026","","1999096 SC","0002","Suscriptores NO Facturables","Santa Cruz",".","EMPRESA","090182"
"001171","DENNIS GOMEZ","",".","Santa Cruz","67207000","6/11/2026","","4506474 cbba","0002","Suscriptores NO Facturables","Santa Cruz",".","PARTICULAR","090182"
"001172","EMPRESA NIBOL LTDA. (MARCELO CAMPOS HURTADO)","",".","Santa Cruz","77608668 - 33418880","6/11/2026","","6326924 sc","0002","Suscriptores NO Facturables","Santa Cruz",".","EMPRESA","090245"
"001173","RAUL ROCA","",".","Santa Cruz","69831314","6/11/2026","","4832569 LP","0002","Suscriptores NO Facturables","Santa Cruz",".","PARTICULAR","090040"
"001174","BRUNO SALVATIERRA","",".","Santa Cruz","70240840","6/11/2026","","7735691 sc","0002","Suscriptores NO Facturables","Santa Cruz",".","PARTICULAR","090224"
"001175","VICTOR HUGO VIRUEZ CALLAU","",".","Santa Cruz","77031070","6/11/2026","","1576707 sc","0002","Suscriptores NO Facturables","Santa Cruz",".","PARTICULAR","090224"
"001176","SOCIEDAD PETROLERA SRL. (NESTOR ZAMORA).","",".","Santa Cruz","79696111","6/11/2026","","4851027 lp","0002","Suscriptores NO Facturables","Santa Cruz",".","EMPRESA","090182"
"001177","ANA CAROLA HEREDIA","",".","Santa Cruz","77054922","6/11/2026","","8941035 sc","0002","Suscriptores NO Facturables","Santa Cruz",".","PARTICULAR","090114"
"001178","ALEX VALDIVIEZO","",".","Santa Cruz","68958050","6/11/2026","","3159467 cbba","0002","Suscriptores NO Facturables","Santa Cruz",".","PARTICULAR","090095"
"001179","IVAN ESCOBAR","",".","Cochabamba","71454254","6/11/2026","","5289052 cbba","0002","Suscriptores NO Facturables","Santa Cruz",".","PARTICULAR","090018"
"001180","ROBERTO CARLOS CUELLAR ALDERETE","",".","Santa Cruz","76004584","6/11/2026","","3242198 sc","0002","Suscriptores NO Facturables","Santa Cruz",".","PARTICULAR","090213"
"001181","ALVARO CESAR CHAVEZ BURGOS","",".","Santa Cruz","77802168","6/11/2026","","13488537 sc","0002","Suscriptores NO Facturables","Santa Cruz",".","PARTICULAR","090213"
"001182","ANTONIO FERNANDEZ","",".","Santa Cruz","78442903 - 33520863","6/11/2026","","2309472 lp","0002","Suscriptores NO Facturables","Santa Cruz",".","PARTICULAR","090095"
"001183","FRITZ MOSUA","",".","Santa Cruz","76884935","6/11/2026","","6123873 lp","0002","Suscriptores NO Facturables","Santa Cruz",".","PARTICULAR","090179"
"001184","PEPE CALDERON","",".","Santa Cruz","69127038","6/11/2026","","3929647 SC","0002","Suscriptores NO Facturables","Santa Cruz",".","PARTICULAR","090095"
"001185","EMPRESA TURERE&VOLGA (CAMILA RAU)","",".","Santa Cruz","76381364","6/11/2026","","6310728 sc","0002","Suscriptores NO Facturables","Santa Cruz",".","PARTICULAR","090224"
"001186","RODRIGO VELASCO","","","Santa Cruz","77468816","","","5604683 BN","0002","Suscriptores NO Facturables","Santa Cruz","","EMPRESA","090224"
"001187","PADRE CARLOS MAMANI","","","Santa Cruz","73767467-33323695","","","5065768 Or.","0002","Suscriptores NO Facturables","Santa Cruz","","EMPRESA","090102"
"001188","ORLANDO LOZADA","","","Santa Cruz","71030038","","","4549556 SC","0002","Suscriptores NO Facturables","Santa Cruz","","PARTICULAR","090100"
"001189","LIC. TOMAS LIMON BONILLA","","","Santa Cruz","76032054","","","3904113 SC","0002","Suscriptores NO Facturables","Santa Cruz","","PARTICULAR","090182"
"001190","SALVADOR ROMAN MOLLO LUNA","","","Oruro","71859306","","","2759581 Or.","0002","Suscriptores NO Facturables","Santa Cruz","","PARTICULAR","090044"
"001191","ALFONSO CORTEZ UZEDA","","","SANTA CRUZ","75640004","","","2849940 SC","0002","Suscriptores NO Facturables","Santa Cruz","","EMPRESA","090003"
"001192","JORGE RONALD ARTEAGA","","Condominio Vista Verde Edificio #1, Piso","SANTA CRUZ","77011007","","","3652085","0001","Suscriptores Generales Facturables","Santa Cruz","","PARTICULAR","090142"
"001193","E&T CONSTRUCCIONES Y SERVICIOS SRL (DORA ROCA)","","","Santa Cruz","76002508","","","5596513 Bn","0002","Suscriptores NO Facturables","Santa Cruz","","EMPRESA","090095"
"001194","LIC. HEYDI ROCHA","","","Santa Cruz","78490329","","","14468375 sc","0002","Suscriptores NO Facturables","Santa Cruz","","PARTICULAR","090102"
"001195","MOISES CORREA","","","SANTA CRUZ","72619455","","","4602754 sc","0002","Suscriptores NO Facturables","Santa Cruz","","PARTICULAR","090090"
"001196","ALAN USQUIANO MENDEZ","","","Santa Cruz","70813981","","","4935922 LP","0002","Suscriptores NO Facturables","Santa Cruz","","PARTICULAR","090102"
"001197","GUILLERMO NAKASHIMA","","","Santa Cruz","74722898","","","1748300 SC","0002","Suscriptores NO Facturables","Santa Cruz","","PARTICULAR","090102"
"001198","MARTIN URIONA MORALES","","","Santa Cruz","75380859","","","7670647 SC","0002","Suscriptores NO Facturables","Santa Cruz","","PARTICULAR","090192"
"001199","ROGER MAMANI RIOS","","","PANDO","72497874","","","4057440 OR","0002","Suscriptores NO Facturables","Santa Cruz","","PARTICULAR","090017"
"001200","ROMMEL FERNANDEZ","","","Santa Cruz","71642222","","","4455038 CB","0002","Suscriptores NO Facturables","Santa Cruz","","PARTICULAR","090102"
"001201","JUAN AVILLANEDA PINAICOBO","","","BENI","68958861","","","5617999 BN","0002","Suscriptores NO Facturables","Santa Cruz","","PARTICULAR","090055"
"001202","WILMAN MONTAÑO","","","Santa Cruz","77670528","","","1973129 SC","0002","Suscriptores NO Facturables","Santa Cruz","","PARTICULAR","090095"
"001203","JAVIER JAIME ROMERO COCA","","","Santa Cruz","70407451","","","6316089 SC","0002","Suscriptores NO Facturables","Santa Cruz","","PARTICULAR","090040"
"001204","ELIAS BALCAZAR MARTINEZ","","","Santa Cruz","75687476","","","6281132 sc","0002","Suscriptores NO Facturables","Santa Cruz","","PARTICULAR","090174"
"001205","JUAN JESUS CUELLAR","","","PANDO","78008813","","","6326359 sc","0002","Suscriptores NO Facturables","Santa Cruz","","PARTICULAR","090017"
"001206","MAGGY TALAVERA","","","Santa Cruz","70898430","","","1505843 sc","0002","Suscriptores NO Facturables","Santa Cruz","","PARTICULAR","090182"
"001207","FRANCISCO ROJAS VIDAL","","","SANTA CRUZ","71608039","","","1032970 SC","0002","Suscriptores NO Facturables","Santa Cruz","","PARTICULAR","090102"
"001208","CARLOS DANIEL ROMERO MONTERO","","","SANTA CRUZ","75511214","","","14467554 sc","0002","Suscriptores NO Facturables","Santa Cruz","","PARTICULAR","090095"
"001209","BRAYAN ALVARO CAMACHO GARCIA","","","Cochabamba","61590556","","","5276191 Cbba","0002","Suscriptores NO Facturables","Santa Cruz","","PARTICULAR","090018"
"001210","JORGE VALDIVIEZO / MARIA LENNY ORTIZ","","","SANTA CRUZ","77367652 - 33220724","","","465548 LP","0002","Suscriptores NO Facturables","Santa Cruz","","PARTICULAR","090138"
"001211","ISRAEL SANJINEZ FLORES","","","Santa Cruz","77678020","","","7824154 sc","0002","Suscriptores NO Facturables","Santa Cruz","","PARTICULAR","090182"
"001212","ANIBAL TORREZ","","","Santa Cruz","77665599","","","E-0053718","0002","Suscriptores NO Facturables","Santa Cruz","","PARTICULAR","090182"
"001213","JUAN MANUEL JOSE SANCHEZ","","","Cochabamba","70710901","","","952032 cbba","0002","Suscriptores NO Facturables","Santa Cruz","","PARTICULAR","090018"
"001214","EDWAR AYALA SUAREZ","","","Santa Cruz","70970806","","","4692808 sc","0002","Suscriptores NO Facturables","Santa Cruz","","PARTICULAR","090095"
"001215","MARIA DE LOS ANGELES CUOMO","","","Santa Cruz","71631572","","","6248165 sc","0002","Suscriptores NO Facturables","Santa Cruz","","PARTICULAR","090165"
"001216","AYRTON HERNAN LINO QUISPE","","","Santa Cruz","60871547","","","7135406 tj","0002","Suscriptores NO Facturables","Santa Cruz","","PARTICULAR","090211"
"001217","OSCAR ETEROVICH","","","Santa Cruz","76083034","","","3722443 cbba","0002","Suscriptores NO Facturables","Santa Cruz","","PARTICULAR","090089"
"001218","HUMBERTO MORENO PEREZ","","","Santa Cruz","60095371","","","2947679 sc","0002","Suscriptores NO Facturables","Santa Cruz","","PARTICULAR","090089"
"001219","PEDRO OLIVER LARA RODAS","","","Santa Cruz","67698906","","","9610567 sc","0002","Suscriptores NO Facturables","Santa Cruz","","PARTICULAR","090182"
"001220","JUAN CARLOS CHAMBI QUISBERTH","","","SANTA CRUZ","76077932","","","3910300 sc","0002","Suscriptores NO Facturables","Santa Cruz","","PARTICULAR","090040"
"001221","RONALD CALDERON","","","Santa Cruz","70888159","","","12448416 sc","0002","Suscriptores NO Facturables","Santa Cruz","","PARTICULAR","090095"
"001222","JOAQUIN TEIXEIRA","","","Santa Cruz","78183081","","","2964648 sc","0002","Suscriptores NO Facturables","Santa Cruz","","PARTICULAR","090089"
"001223","JACKSON NEYER GUTIERREZ","","","Santa Cruz","78106093","","","8245834 sc","0002","Suscriptores NO Facturables","Santa Cruz","","PARTICULAR","090181"
"001224","LUIS FERNANDO RIVERO","","","Santa Cruz","77074702","","","7824490 sc","0002","Suscriptores NO Facturables","Santa Cruz","","PARTICULAR",""
"001225","JOSE MIGUEL GAMBARTE","","","Santa Cruz","76681122","","","7714413 sc","0002","Suscriptores NO Facturables","Santa Cruz","","PARTICULAR","090174"
"001226","SANDER FRANCO DE MORAES (ALISON ACHIAGA ZURITA ES LA ESPOSA)","","","Santa Cruz","71532670","","","E-0064446","0002","Suscriptores NO Facturables","Santa Cruz","","PARTICULAR","090040"
"001227","JAIRO PARDO","","","Santa Cruz","60015807","","","6258770 sc","0002","Suscriptores NO Facturables","Santa Cruz","","PARTICULAR","090040"
"001228","FERDDY URGEL BEJARANO","","","Santa Cruz","76311801","","","6324777 sc","0002","Suscriptores NO Facturables","Santa Cruz","","PARTICULAR","090165"
"001229","WILLBERT FUERTES","","","Santa Cruz","60400931","","","1147208 Sucre","0002","Suscriptores NO Facturables","Santa Cruz","","PARTICULAR","090095"
"001230","OSCAR ARAMAYO","","","Santa Cruz","72146021","","","3022750 SC","0002","Suscriptores NO Facturables","Santa Cruz","","PARTICULAR","090089"
"001231","ALEX HOLGUIN","","","Cochabamba","69151503","","","13861229","0002","Suscriptores NO Facturables","Santa Cruz","","PARTICULAR","090018"
"001232","""EMPRESA ALBO S.A( SR IVAN CAMACHO )""","","","Santa Cruz","""3467020 - 75645991""","","","5415193","0002","Suscriptores NO Facturables","Santa Cruz","","PARTICULAR","090102"
"001233","JENNIFER VARGAS ROJAS","","","Santa Cruz","69059002","","","9759224 SC","0002","Suscriptores NO Facturables","Santa Cruz","","PARTICULAR","090213"
"001234","HOTEL RADISON (CONTACTO ANA LUCIA FLORES)","","","Santa Cruz","77810336","","","10277089 SC","0002","Suscriptores NO Facturables","Santa Cruz","","PARTICULAR","090131"
"001235","INGRID MIRABAL","","","Santa Cruz","78444434","","","3344348 LP","0002","Suscriptores NO Facturables","Santa Cruz","","PARTICULAR","090040"
"001236","MAURICIO SIÑANIZ","","","Santa Cruz","72720541","","","4412245 Cbba","0002","Suscriptores NO Facturables","Santa Cruz","","PARTICULAR","090243"
"001237","RAMIRO MORALES GUTIERREZ","","","SANTA CRUZ","72611543","","","4589572 sc","0002","Suscriptores NO Facturables","Santa Cruz","","PARTICULAR","090083"
"001238","JOSE CEDIL MENDEZ","","","Santa Cruz","70877044","","","2891795 CBBA","0002","Suscriptores NO Facturables","Santa Cruz","","PARTICULAR","090143"
"001239","JAVIER VACA DIEZ","","","Santa Cruz","750-25686","","","2820813 SC","0002","Suscriptores NO Facturables","Santa Cruz","","PARTICULAR",""
"001240","ADOLFO ORTIZ ROJAS","","","SAnta Cruz","71364124","","","6238394011","0002","Suscriptores NO Facturables","Santa Cruz","","PARTICULAR","090102"
"001241","DALMA VEIZAGA","","","Santa Cruz","73206926","","","6496699 cbba","0002","Suscriptores NO Facturables","Santa Cruz","","PARTICULAR","090221"
"001242","CLAUDIA ESCALANTE","","","Santa Cruz","75031127","","","3933741 sc","0002","Suscriptores NO Facturables","Santa Cruz","","PARTICULAR","090102"
"001243","RAMIRO ARGANDOÑA (NÚMERO PERTENECE A MAURICIO OSTRIA)","","","Santa Cruz","78459778","","","4612912 SC","0002","Suscriptores NO Facturables","Santa Cruz","","PARTICULAR","090176"
"001244","EMPRESA PROFESIONALES EN TALENTO S.R.L. (CARLA MEDINA PESONA DE CONTACTO).","","","Santa Cruz","73981811","","","3478977 lp","0002","Suscriptores NO Facturables","Santa Cruz","","EMPRESA","090182"
"001245","JAVIER CALDERON","","","Santa Cruz","75004430","","","12270 lp","0002","Suscriptores NO Facturables","Santa Cruz","","PARTICULAR","090211"
"001246","WILMA VASQUEZ","","","SANTA CRUZ","69166226","","","6216629 SC","0002","Suscriptores NO Facturables","Santa Cruz","","PARTICULAR","090040"
"001247","DORIAN FERNANDO PARADA RIVERO","","CONDOMINIO LE PARC - CASA N.- 14 NANZANO N.- 2","Santa Cruz","70830444","","","3822787","0001","Suscriptores Generales Facturables","Santa Cruz","","PARTICULAR",""
"001248","ALVA EUGENIA FLORES","","","Santa Cruz","78055350","","","4565753 SC","0002","Suscriptores NO Facturables","Santa Cruz","","PARTICULAR","090182"
"001249","CONSULADO DE ESPAÑA (CONTACTO MIGUEL GONZALES)","","","Santa Cruz","69006964","","","XGA021189","0002","Suscriptores NO Facturables","Santa Cruz","","EMPRESA","090176"
"001250","ROSARIO MANSILLA","","","Santa Cruz","71010805","","","5881795 sc","0002","Suscriptores NO Facturables","Santa Cruz","","PARTICULAR","090219"
"001251","JAIME MEYUY","","","Santa Cruz","77300294","","","3836081 SC","0002","Suscriptores NO Facturables","Santa Cruz","","PARTICULAR","090092"
"001252","ADOLFO MIER RIVAS","","","Santa Cruz","70960895","","","714271 cbba","0002","Suscriptores NO Facturables","Santa Cruz","","PARTICULAR","090003"
"001253","JUAN AGUIRRE","","","Santa Cruz","71682000","","","2227792 lp","0002","Suscriptores NO Facturables","Santa Cruz","","PARTICULAR","090102"
"001254","IVAN CENTELLAS","","","Santa Cruz","79062196","","","4578283 sc","0002","Suscriptores NO Facturables","Santa Cruz","","PARTICULAR","090090"
"001255","PAULO ROBERTO GARCIA SANTOS","","","Santa Cruz","75572913","","","6217624 sc","0002","Suscriptores NO Facturables","Santa Cruz","","PARTICULAR","090182"
"001256","FRANKLIN VARGAS OCHOA","","","SANTA CRUZ","67736180","","","9625799 sc","0002","Suscriptores NO Facturables","Santa Cruz","","PARTICULAR","090020"
"001257","ALVARO VALDIVIESO","","","Santa Cruz","76006036","","","4608993 sc","0002","Suscriptores NO Facturables","Santa Cruz","","PARTICULAR","090102"
"001258","JUAN MANUEL OLIVA SERRATE","","","Santa Cruz","78105465 - 3348048 - 76009051","","","2811472 SC","0002","Suscriptores NO Facturables","Santa Cruz","","PARTICULAR","090328"
"001259","ALVARO MARIN","","","Santa Cruz","67894574","","","5993444 lp","0002","Suscriptores NO Facturables","Santa Cruz","","PARTICULAR","090328"
"001260","RAFAEL GUZMAN","","","Santa Cruz","77204708","","","323234 lp","0002","Suscriptores NO Facturables","Santa Cruz","","PARTICULAR","090040"
"001261","EULALIA JOHNSON","","","Santa Cruz","73176097","","","3864737 sc","0002","Suscriptores NO Facturables","Santa Cruz","","PARTICULAR","090120"
"001262","YANIRA OVANDO","","","Santa Cruz","60832969","","","7941855 cbba","0002","Suscriptores NO Facturables","Santa Cruz","","PARTICULAR","090100"
"001263","MARIA RENE SUAREZ","","","Santa Cruz","60800040","","","5323383 sc","0002","Suscriptores NO Facturables","Santa Cruz","","PARTICULAR","090184"
"001264","DANILO ARTEAGA DAZA","","","Santa Cruz","77889520","","","8165894 sc","0002","Suscriptores NO Facturables","Santa Cruz","","PARTICULAR","090243"
"001265","SERGIO SANTA CRUZ","","","Santa Cruz","75622912","","","3430046 sc","0002","Suscriptores NO Facturables","Santa Cruz","","PARTICULAR","090092"
"001266","MARIOLY ARTEAGA ORELLANA","","","Santa Cruz","65054342","","","4661755 sc","0002","Suscriptores NO Facturables","Santa Cruz","","PARTICULAR","090182"
"001267","TATIANA PEREZ ROBLES","","","Santa Cruz","78031633","","","5839903 sc","0002","Suscriptores NO Facturables","Santa Cruz","","PARTICULAR","090182"
"001268","SARA MOLINA MENDOZA","","","Santa Cruz","76066021","","","5853401 sc","0002","Suscriptores NO Facturables","Santa Cruz","","PARTICULAR","090102"
"001269","JOSE LUIS PEREYRA","","","Santa Cruz","71686058","","","5864928 sc","0002","Suscriptores NO Facturables","Santa Cruz","","PARTICULAR","090182"
"001270","JHON CARLOS AVILA","","","Santa Cruz","75375392","","","7835695 sc","0002","Suscriptores NO Facturables","Santa Cruz","","EMPRESA","090102"
"001271","JOSE FERNANDO ROJAS SUAREZ","","","Santa Cruz","75092007","","","8255606 sc","0002","Suscriptores NO Facturables","Santa Cruz","","PARTICULAR","090095"
"001272","DANNY ROJAS","","","Santa Cruz","69108827","","","6205090 sc","0002","Suscriptores NO Facturables","Santa Cruz","","PARTICULAR","090102"
"001273","MELISSA ANTOINETTE","","","Santa Cruz","69122663","","","9034744 SC","0002","Suscriptores NO Facturables","Santa Cruz","","PARTICULAR","090243"
"001274","MARIA ROSA VERA","","","Santa Cruz","76000566","","","","0002","Suscriptores NO Facturables","Santa Cruz","","PARTICULAR","090182"
"001275","GEAN CARLOS ZABALA","","","Santa Cruz","79929987","","","7609521 sc","0002","Suscriptores NO Facturables","Santa Cruz","","PARTICULAR","090003"
"001276","SARA USTAMAYTA (YA NO TRABAJA EN LA EMPRESA). - ELIANA EGUEZ VELEZ(NUEVA ENCARGADA- MARLENE SCHUALSER)","","","Santa Cruz","3335101","","","5411506 SC","0002","Suscriptores NO Facturables","Santa Cruz","","EMPRESA","090237"
"001277","FRANZ ALVARO  JUSTINIANO  SAAVEDRA","","","Santa Cruz","75324195","","","7819711Sc","0002","Suscriptores NO Facturables","Santa Cruz","","PARTICULAR","090118"
"001278","LUIS FERNANDO BALCAZAR MERCADO","","SANTA CRUZ","Santa Cruz","70011022-70200003","","","2927098","0002","Suscriptores NO Facturables","Santa Cruz","","PARTICULAR","090182"
"001279","SOFIA SHIRASAWA","","","Santa Cruz","76664899 - 75378281","","","5865944 sc","0002","Suscriptores NO Facturables","Santa Cruz","","EMPRESA","090120"
"001280","ROSSMERY ANDRADE","","","Santa Cruz","75022014","","","3834022 sc","0002","Suscriptores NO Facturables","Santa Cruz","","PARTICULAR","090100"
"001281","ALVARO ALEJANDRO AYALA MARTINEZ","","","Santa Cruz","78183280","","","5426109 SC","0002","Suscriptores NO Facturables","Santa Cruz","","PARTICULAR","090204"
"001282","PABLO AGUILAR VARGAS","","","santa Cruz","76614194","","","5253168 sc","0002","Suscriptores NO Facturables","Santa Cruz","","PARTICULAR","090187"
"001283","MANUEL RUBEN JOPIA PASTEN / ZORCA CARMONA","","","Santa Cruz","72169070 (personal)/ 71621212  (esposa)","","","112476 lp","0002","Suscriptores NO Facturables","Santa Cruz","","PARTICULAR","090120"
"001284","LUIS MARTIN TERRAZAS RUIZ","","","PANDO","76100355 - 38421548","","","1760742 pn.","0002","Suscriptores NO Facturables","Santa Cruz","","PARTICULAR","090017"
"001285","TROPICAL TOURS LTDA.","","calle tropical","Santa Cruz","3170000 int 1002 celular 69191002","","","1013389020","0001","Suscriptores Generales Facturables","","","EMPRESA",""
"001286","ALICIA LOBO VACA","","","Santa Cruz","70923943","","","4615004 SC","0002","Suscriptores NO Facturables","Santa Cruz","","PARTICULAR","090040"
"001287","NATALI BARRETO","","","Santa Cruz","69018418","","","4662084 SC","0002","Suscriptores NO Facturables","Santa Cruz","","PARTICULAR","090182"
"001288","VIVIANA VASQUEZ","","","Santa Cruz","70926633","","","3195860 sc","0002","Suscriptores NO Facturables","Santa Cruz","","PARTICULAR","090040"
"001289","DONAL VACA CABRUJA","","","Santa Cruz","70814287","","","4688469 sc","0002","Suscriptores NO Facturables","Santa Cruz","","PARTICULAR",""
"001290","BERNARDO INARRA","","","Santa Cruz","75668286","","","6119782 LP","0002","Suscriptores NO Facturables","Santa Cruz","","PARTICULAR",""
"001291","DAVID VACA DURAN- NOHEMI ARNEZ","","","Santa Cruz","67703240","","","3297353 SC","0002","Suscriptores NO Facturables","Santa Cruz","","PARTICULAR",""
"001292","RAÚL REVILLA VASQUEZ","","","Santa Cruz","72956350","","","5879812 sc","0002","Suscriptores NO Facturables","Santa Cruz","","PARTICULAR",""
"001293","DANIELA DOMINGUEZ / CARLA CABEZAS","","","Santa Cruz","68924928","","","-","0002","Suscriptores NO Facturables","Santa Cruz","","PARTICULAR",""
"001294","CRISTIAN BLANCO","","","Santa Cruz","77009333","","","3831789 SC","0002","Suscriptores NO Facturables","Santa Cruz","","PARTICULAR",""
"001295","GONZALO CABRERA","","","Santa Cruz","76003378","","","489583 LP","0002","Suscriptores NO Facturables","Santa Cruz","","PARTICULAR",""
"001296","FERNANDO FERNANDEZ","","","Santa Cruz","72152074","","","3930112 SC","0002","Suscriptores NO Facturables","Santa Cruz","","PARTICULAR",""
"001297","MARÍA CECILIA TONDELLI PARDO","","","Santa Cruz","78987400","","","3419070 LP","0002","Suscriptores NO Facturables","Santa Cruz","","PARTICULAR","090089"
"001298","VICENTE EGBERTO ROCABADO SOLIZ (ROCABADO & ASOCIADOS)","","Av. Doble Vía a la Guardia Condominio mallorca Casa Nro 2 puerta de la casa Nro 2","Santa Cruz","76612087","","","192622028","0001","Suscriptores Generales Facturables","","","PARTICULAR","090184"
"001299","ANA ESPERANZA MORO","","","Santa Cruz","77660150 / 347012","","","","0002","Suscriptores NO Facturables","Santa Cruz","","PARTICULAR",""
"001300","LAURA MONTERO VACA","","","Santa Cruz","70059149","","","3892542 sc","0002","Suscriptores NO Facturables","Santa Cruz","","PARTICULAR","090192"
"001301","ANDREA PAREDES","","","Santa Cruz","78742223","","","7632220 Bn","0002","Suscriptores NO Facturables","Santa Cruz","","PARTICULAR","090120"
"001302","HERMANN KRUTZFELDT SCIARONI","","","Santa Cruz","76613136","","","120133 LP","0002","Suscriptores NO Facturables","Santa Cruz","","PARTICULAR",""
"001303","ROBERTO SAAVEDRA RENGIFO","","","Santa Cruz","76325800 -  3345699","","","-","0002","Suscriptores NO Facturables","Santa Cruz","","PARTICULAR",""
"001304","SOFIA ALVARADO","","","Santa Cruz","78035553","","","1520019 sc","0002","Suscriptores NO Facturables","Santa Cruz","","PARTICULAR","090155"
"001305","MAURICIO PAZ","","","Santa Cruz","75006067","","","1906361 Bn.","0002","Suscriptores NO Facturables","Santa Cruz","","PARTICULAR","090182"
"001306","JOSE LUIS SORIA MEDINA","",".","Santa Cruz","79047585","","","5822461 sc","0002","Suscriptores NO Facturables","Santa Cruz","","PARTICULAR",""
"001307","MANUEL CARDOSO","","","Santa Cruz","76917131","","","6465571 cbba","0002","Suscriptores NO Facturables","Santa Cruz","","PARTICULAR","090174"
"001308","JORGE MALDONADO / ZULMA SOSA.","","","Santa Cruz","70611216 - 70121955","","","3457688 lp","0002","Suscriptores NO Facturables","Santa Cruz","","PARTICULAR","090138"
"001309","ERICKA MENDEZ","","","Santa Cruz","78528681","","","8191496 sc","0002","Suscriptores NO Facturables","Santa Cruz","","PARTICULAR","090138"
"001310","RODRIGO BARBA MARQUEZ","","","Santa Cruz","79802736","","","7739254 sc","0002","Suscriptores NO Facturables","Santa Cruz","","PARTICULAR","090090"
"001311","HUGO LANDIVAR - (PERSONA DE CONTACTO DORITA ARANCIBIA)","","","Santa Cruz","70870194","","","1522370 sc","0002","Suscriptores NO Facturables","Santa Cruz","","PARTICULAR","090211"
"001312","CAROLA CESPEDES","","","Santa Cruz","77959222","","","3035684 cbba","0002","Suscriptores NO Facturables","Santa Cruz","","PARTICULAR","090131"
"001313","JOAQUIN ORTIZ MERCADO","","","Santa Cruz","78487888","","","2969731 sc","0002","Suscriptores NO Facturables","Santa Cruz","","PARTICULAR","090101"
"001314","JOSE LOPEZ","","","Santa Cruz","75555819","","","10760795 SC","0002","Suscriptores NO Facturables","Santa Cruz","","PARTICULAR","090245"
"001315","VIOLETA ADORNO","","","Santa Cruz","77643575","","","15771","0002","Suscriptores NO Facturables","Santa Cruz","","PARTICULAR","090245"
"001316","JERJES JUSTINIANO","","","Santa Cruz","77617511","","","1548064 sc","0002","Suscriptores NO Facturables","Santa Cruz","","PARTICULAR","090102"
"001317","LUIS CARLOS HURTADO GUTIÉRREZ","","","Santa Cruz","69136182","","","6364271 sc","0002","Suscriptores NO Facturables","Santa Cruz","","PARTICULAR","090102"
"001318","CINTHIA CABALLERO (RADIO MELODIA)","","","Santa Cruz","76533310","","","924190 cbba","0002","Suscriptores NO Facturables","Santa Cruz","","EMPRESA","090262"
"001319","MARIO SALINAS","","","Santa Cruz","72688824","","","2945802 SC","0002","Suscriptores NO Facturables","Santa Cruz","","PARTICULAR","090182"
"001320","GERALDINE DAZA","","","Santa Cruz","78564541","","","5861840","0002","Suscriptores NO Facturables","Santa Cruz","","PARTICULAR","090102"
"001321","NARDY VALDIVIA","","","Santa Cruz","65064098","","","6119894 LP","0002","Suscriptores NO Facturables","Santa Cruz","","PARTICULAR","090245"
"001322","CONSULTORIA Y DESARROLLO TECNOLOGICO MC4 S.R.L. (CONTACTO CLAUDIA ROCA)","","","Santa Cruz","67196508","","","5344012 SC","0002","Suscriptores NO Facturables","Santa Cruz","","PARTICULAR","090089"
"001323","NESTOR MIRANDA","","","Santa Cruz","68939796","","","5479668 LP","0002","Suscriptores NO Facturables","Santa Cruz","","EMPRESA","090174"
"001324","NESTOR MIRANDA","","","Santa Cruz","68939796","","","5479668 LP","0002","Suscriptores NO Facturables","Santa Cruz","","EMPRESA","090174"
"001325","NESTOR MIRANDA","","","Santa Cruz","68939796","","","5479668 LP","0002","Suscriptores NO Facturables","Santa Cruz","","EMPRESA","090174"
"001326","RONALD HERNÁNDEZ LLANOS","","","Santa Cruz","71092288","","","5960447 LP","0002","Suscriptores NO Facturables","Santa Cruz","","EMPRESA","090170"
"001327","CAMILA CALVI","","","Santa Cruz","33256512","","","5933143 cbba","0002","Suscriptores NO Facturables","Santa Cruz","","PARTICULAR","090169"
"001328","JOSÉ LUIS VALDIVIA CASANOVAS","","","Santa Cruz","70816890","","","3271627 sc","0002","Suscriptores NO Facturables","Santa Cruz","","PARTICULAR","090260"
"001329","LAURA IBARAKI / ARWAN GONZALES","","","Santa Cruz","75010211 - 75516777","","","3855329 SC","0002","Suscriptores NO Facturables","Santa Cruz","","PARTICULAR","090245"
"001330","ANDRE CHALAN","","","Santa Cruz","78819830","","","4794219 LP","0002","Suscriptores NO Facturables","Santa Cruz","","PARTICULAR","090245"
"001331","ALEXANDER CABRAL DURAN","","","Santa Cruz","77690964 - 3623154","","","5346357 SC","0002","Suscriptores NO Facturables","Santa Cruz","","PARTICULAR","090123"
"001332","BRENER LUIZ NEVES","","","Santa Cruz","77940154","","","10154760 E","0002","Suscriptores NO Facturables","Santa Cruz","","PARTICULAR","090169"
"001333","JACQUELINE AGUILERA","","","Santa Cruz","65060037 - 65006512","","","2962176 sc","0002","Suscriptores NO Facturables","Santa Cruz","","PARTICULAR","090169"
"001334","FERNANDA KARNINCIC","","","Santa Cruz","78124597 - 3314900","","","10913003 lp","0002","Suscriptores NO Facturables","Santa Cruz","","PARTICULAR","090169"
"001335","PABLO URIOSTE (DE LA UNIVERSIDAD DE LOS ANDES)","","","Santa Cruz","77200917","","","3455412 lp","0002","Suscriptores NO Facturables","Santa Cruz","","PARTICULAR","090102"
"001336","ERICK CARDOZO(RIVIERA2)","","","SANTA CRUZ","76345080","","","7769418 SC","0002","Suscriptores NO Facturables","Santa Cruz","","PARTICULAR","090245"
"001337","ERWIN RUIZ (SEVILLA2)","","","Santa Cruz","71616724","","","3859042 sc","0002","Suscriptores NO Facturables","Santa Cruz","","PARTICULAR","090181"
"001338","LUIS RENE ZILVETTY","","","Santa Cruz","75395297","","","6319843 sc","0002","Suscriptores NO Facturables","Santa Cruz","","EMPRESA","090182"
"001339","MELISSA VACA / GABRIEL RIBERA","","","Santa Cruz","76089623","","","7834305 SC","0002","Suscriptores NO Facturables","Santa Cruz","","PARTICULAR","090142"
"001340","SERGIO INCHAUSTI HINOJOSA","","","Santa Cruz","78006564","","","5833865 SC","0002","Suscriptores NO Facturables","Santa Cruz","","PARTICULAR","090226"
"001341","LIZBETH LANDIVAR (SEVILLA2)","","","Santa Cruz","77859097","","","6291920 sc","0002","Suscriptores NO Facturables","Santa Cruz","","PARTICULAR","090040"
"001342","LIC. PATTY KARINA AYALA","","","Santa Cruz","77334108","","","4677810 SC","0002","Suscriptores NO Facturables","Santa Cruz","","EMPRESA","090182"
"001343","NOTARIA 113 (CONTACTO ICHIN ISAIAS MA AVALOS)","","","Santa Cruz","3404512","","","3212235 SC","0002","Suscriptores NO Facturables","Santa Cruz","","PARTICULAR","090142"
"001344","RUBEN RAMIREZ SOTO","","","Santa Cruz","75536972","","","3874486 sc","0002","Suscriptores NO Facturables","Santa Cruz","","EMPRESA","090090"
"001345","ROSARIO LIJERON / MARCO ANTONIO SILES","","","Santa Cruz","72684096","","","8089564 sc","0002","Suscriptores NO Facturables","Santa Cruz","","PARTICULAR","090142"
"001346","SARA RIVERO","","","Santa Cruz","60887305","","","8230475 SC","0002","Suscriptores NO Facturables","Santa Cruz","","PARTICULAR","090095"
"001347","CESAR ROBERTO ORTIZ VELASQUEZ","","","Santa Cruz","76631654","","","4686798","0002","Suscriptores NO Facturables","Santa Cruz","","PARTICULAR","090095"
"001348","JORGE LEMA PATIÑO","","","Santa Cruz","70191891","","","139729 LP","0002","Suscriptores NO Facturables","Santa Cruz","","PARTICULAR","090102"
"001349","ALEJANDRO CONDE","","","Santa Cruz","71617184","","","2688756 lp","0002","Suscriptores NO Facturables","Santa Cruz","","PARTICULAR",""
"001350","SADRACH AGUILAR COPA","","","Santa Cruz","77812344","","","11385547 SC","0002","Suscriptores NO Facturables","Santa Cruz","","PARTICULAR","090090"
"001351","MABEL SUAREZ","","","Santa Cruz","78060977","","","4543639 sc","0002","Suscriptores NO Facturables","Santa Cruz","","PARTICULAR","090262"
"001352","LUIS ROJAS","","","Santa Cruz","73009005","","","2355935 lp","0002","Suscriptores NO Facturables","Santa Cruz","","PARTICULAR","090092"
"001353","HUGO TOLA ANDIA","","","Santa Cruz","76649271","","","8049806 CBBA","0002","Suscriptores NO Facturables","Santa Cruz","","PARTICULAR","090102"
"001354","SALON DE BELLEZA SANDRA Y TEO (SANDRA MANO)","","","Santa Cruz","3553939","","","3378241 LP","0002","Suscriptores NO Facturables","Santa Cruz","","PARTICULAR","090169"
"001355","CESAR ANGEL GOITA VARGAS","","","Santa Cruz","78450624","","","3200148 sc","0002","Suscriptores NO Facturables","Santa Cruz","","PARTICULAR","090179"
"001356","DINAH MIGLIORANSA","","","Santa Cruz","65029339","","","6840786 LP","0002","Suscriptores NO Facturables","Santa Cruz","","PARTICULAR","090194"
"001357","MARIANA SORIANO (CONTACTO FREDDY MAMANI)","","","Santa Cruz","708745006-3354988-70612248","","","3279269 lp","0002","Suscriptores NO Facturables","Santa Cruz","","EMPRESA","090102"
"001358","JOSE MIGUEL NAVIA ROMERO","","","Santa Cruz","79897309 - 75676113","","","8951425","0002","Suscriptores NO Facturables","Santa Cruz","","PARTICULAR","090123"
"001359","MIGUEL VEIZAGA","","","Santa Cruz","70337447","","","7475130 ch","0002","Suscriptores NO Facturables","Santa Cruz","","PARTICULAR","090262"
"001360","ERICK DEL CASTILLO","","","Santa Cruz","70526107","","","4813508 LP","0002","Suscriptores NO Facturables","Santa Cruz","","PARTICULAR","090102"
"001361","TENIENTE CORONEL FERNADO ORTIZ ANTEZANA","","","Santa Cruz","3433373","","","3295386 sc","0002","Suscriptores NO Facturables","Santa Cruz","","EMPRESA","090131"
"001362","ENRRIQUE GONZALO ARO","","","Santa Cruz","73188521","","","5736258 sc","0002","Suscriptores NO Facturables","Santa Cruz","","PARTICULAR","090143"
"001363","SERGIO (EMPRESA DECORAX SRL.)","","","Santa Cruz","78189317","","","78223330 sc","0002","Suscriptores NO Facturables","Santa Cruz","","PARTICULAR","090174"
"001364","EMPRESA LA NUEVA SANTA CRUZ (CONTACTO VANIA TERCEROS)","","","Santa Cruz","60831103","","","9039273 SC","0002","Suscriptores NO Facturables","Santa Cruz","","EMPRESA","090169"
"001365","EMPRESA AGENCIAS GENERALES (CONTACTO SEÑORA ARACELY VIRUEZ)","","","Santa Cruz","33322021 / 75600815","","","4626216 SC","0002","Suscriptores NO Facturables","Santa Cruz","","EMPRESA","090169"
"001366","EMPRESA AGENCIAS GENERALES (CONTACTO SEÑORA ARACELY VIRUEZ)","","","Santa Cruz","33322021 / 75600815","","","4626216 SC","0002","Suscriptores NO Facturables","Santa Cruz","","EMPRESA","090169"
"001367","FRANKLIN GOMEZ NUÑEZ (16:28:31- NO CONTESTA).","","","Santa Cruz","77628340","","","","0002","Suscriptores NO Facturables","Santa Cruz","","PARTICULAR",""
"001368","RODRIGO MORENO (MARIA RENE HURTADO DE LA EMPRESA SIDECAF)","","","Santa Cruz","79878481 - 33369667","","","2803538 sc","0002","Suscriptores NO Facturables","Santa Cruz","","EMPRESA","090142"
"001369","SRA DRINA JUSTINIANO, ES CLIENTE DE PUBLICIDAD DEL PERIÓDICO.","","","Santa Cruz","78400900","","","8235497 sc","0002","Suscriptores NO Facturables","Santa Cruz","","PARTICULAR","090040"
"001370","JOSE LUIS ORMEÑO","","","Santa Cruz","65858499","","","0029679 sc","0002","Suscriptores NO Facturables","Santa Cruz","","PARTICULAR","090245"
"001371","ROMINA SAAT","","","Santa Cruz","33888469","","","6210708 Sc","0002","Suscriptores NO Facturables","Santa Cruz","","PARTICULAR","090131"
"001372","NORA BOLIVAR","","","Santa Cruz","77060532 -3430255","","","233914 sc","0002","Suscriptores NO Facturables","Santa Cruz","","PARTICULAR","090120"
"001373","JUAN PABLO GUTIERREZ SANTIVAÑEZ","","","Santa Cruz","77066634","","","5187911 CBBA","0002","Suscriptores NO Facturables","Santa Cruz","","PARTICULAR","090200"
"001374","EMPRESA CREDINFORM (CONTACTO MARCO DAZA)","","","Santa Cruz","33635400 - 3593730","","","3849736 SC","0002","Suscriptores NO Facturables","Santa Cruz","","EMPRESA","090197"
"001375","RICHARD CARPIO","","","Santa Cruz","33261433 - 60852381","","","6539768 cbba","0002","Suscriptores NO Facturables","Santa Cruz","","EMPRESA","090170"
"001376","JULIO CRONEMBOLD","","","Santa Cruz","76300030","","","1559381 SC","0002","Suscriptores NO Facturables","Santa Cruz","","PARTICULAR","090102"
"001377","MARISOL PEÑA (HOTEL LOS ANGELES).","","Calle Vallegrande #245 esquina Calle Cam","SANTA CRUZ","33331995 / 75574266","","","2855000010","0001","Suscriptores Generales Facturables","Santa Cruz","","EMPRESA","090174"
"001378","MERY JULIA BARRIENTOS RENGEL","","","Santa Cruz","78459222","","","4688983 SC","0002","Suscriptores NO Facturables","Santa Cruz","","PARTICULAR","090118"
"001379","BENJAMIN SAUCEDO","","","Santa Cruz","70208470","","","","0002","Suscriptores NO Facturables","Santa Cruz","","PARTICULAR","090102"
"001380","WILSON FERNANDEZ ZEBALLOS","","","Santa Cruz","72108256","","","4585575 sc","0002","Suscriptores NO Facturables","Santa Cruz","","PARTICULAR","090181"
"001381","HUGO EDUARDO SUAREZ COSIO","","","Santa Cruz","76681851","","","8985257 sc","0002","Suscriptores NO Facturables","Santa Cruz","","PARTICULAR","090118"
"001382","(COLEGIO EAGLES SCHOOL) XAVIER MAURICIO ANTONIO RIBERA TORRICOS","","","Santa Cruz","77030922","","","2465069 LPZ","0002","Suscriptores NO Facturables","Santa Cruz","","EMPRESA","090138"
"001383","LIZETTE VARGAS PAZ","","","Santa Cruz","78113369","","","4805958 lp","0002","Suscriptores NO Facturables","Santa Cruz","","PARTICULAR","090138"
"001384","LILY VACA SAUCEDO","","","Santa Cruz","76321188","","","3886832 SC","0002","Suscriptores NO Facturables","Santa Cruz","","PARTICULAR","090102"
"001385","ORLANDO IGNACIO CUELLAR ALPIRE","","","Santa Cruz","60839424","","","1568995 sc","0002","Suscriptores NO Facturables","Santa Cruz","","PARTICULAR","090181"
"001386","NADIA GLADYS CAMACHO RO","","","Santa Cruz","78474917","","","12507143 SC","0002","Suscriptores NO Facturables","Santa Cruz","","PARTICULAR",""
"001387","ANDERSON CESCONETTO","","","Santa Cruz","3442602","","","17434 E","0002","Suscriptores NO Facturables","Santa Cruz","","PARTICULAR","090040"
"001388","ZULEMA ESPINOZA VELASCO","","","Santa Cruz","78430954","","","8984836 sc","0002","Suscriptores NO Facturables","Santa Cruz","","PARTICULAR",""
"001389","JUDI CAMACHO (EMPRESA ASESCOR SRL. CORREDORES DE SEGUROS)","","","Santa Cruz","33368250 - 77385416","","","5323467 sc","0002","Suscriptores NO Facturables","Santa Cruz","","EMPRESA","090003"
"001390","MARCO ANTONIO CHOQUE FLORES","","","Santa Cruz","79044639","","","6323177 sc","0002","Suscriptores NO Facturables","Santa Cruz","","PARTICULAR","090102"
"001391","VALKIRIA PERALES ROJAS","","","Santa Cruz","67710122","","","7786074 SC","0002","Suscriptores NO Facturables","Santa Cruz","","PARTICULAR",""
"001392","JUAN RAMÓN VARGAS RAPU","","","Santa Cruz","77811995","","","9274964 bn","0002","Suscriptores NO Facturables","Santa Cruz","","PARTICULAR","090102"
"001393","CARLOS SADUB (CONTACTO CECILIA SADUB)","","","Santa Cruz","78002114","","","1022593 CH","0002","Suscriptores NO Facturables","Santa Cruz","","PARTICULAR",""
"001394","EDUARDO PEREZ","","","Santa Cruz","71365457","","","1022054 Ch.","0002","Suscriptores NO Facturables","Santa Cruz","","PARTICULAR","090120"
"001395","MARIA ELIZABETH USTARES","","","Santa Cruz","78182857","","","3889062 SC","0002","Suscriptores NO Facturables","Santa Cruz","","PARTICULAR","090102"
"001396","CECILIA SADUD","","","Santa Cruz","78002114","","","3273606 SC","0002","Suscriptores NO Facturables","Santa Cruz","","PARTICULAR","090138"
"001397","JACKELINE MOLINA SALVATIERRA","","","Santa Cruz","75555351","","","9012789 sc","0002","Suscriptores NO Facturables","Santa Cruz","","PARTICULAR","090100"
"001398","YOVINCA ARREDONDO","","","Santa Cruz","78004332","","","5323044 sc","0002","Suscriptores NO Facturables","Santa Cruz","","PARTICULAR",""
"001399","ANDREINA ALVILLAR","","","Santa Cruz","75339316","","","13863116 sc","0002","Suscriptores NO Facturables","Santa Cruz","","PARTICULAR","090142"
"001400","CRISTIAN TORRICO","","","Santa Cruz","76667408","","","2903680 cbba","0002","Suscriptores NO Facturables","Santa Cruz","","PARTICULAR",""
"001401","GERMAN POMPEYUS","","","Santa Cruz","75322668","","","5429421 sc","0002","Suscriptores NO Facturables","Santa Cruz","","PARTICULAR",""
"001402","ADONAY SAUCEDO NAVARRO (CONTACTO MARTHA GUZMAN)","","","Santa Cruz","77079319","","","3178129 sc","0002","Suscriptores NO Facturables","Santa Cruz","","PARTICULAR",""
"001403","SOFIA KARENINA CHAVEZ SUAREZ","","","SANTA CRUZ","75076166","","","3254530 sc","0002","Suscriptores NO Facturables","Santa Cruz","","PARTICULAR",""
"001404","LIMBERT CAMBARÁ (ALCALDÍA DE SAN JOSÉ DE CHIQUITOS)","","","SANTA CRUZ","79878651","","","3922165 sc","0002","Suscriptores NO Facturables","Santa Cruz","","EMPRESA","090275"
"001405","CONSULTORA DE COMUNICACIÓN KREAB BOLIVIA S.A. (CONTACTO: SHEILA GUTIERREZ TELLEZ)","","","SANTA CRUZ","69202317/ 3433322","","","311308026","0002","Suscriptores NO Facturables","Santa Cruz","","EMPRESA","090170"
"001406","AMADOR","","","Santa Cruz","79926579","","","7607452-1O","0002","Suscriptores NO Facturables","Santa Cruz","","PARTICULAR",""
"001407","ANGEL LIDERS ALMANZA","","","Santa Cruz","67709590","","","1545784 sc","0002","Suscriptores NO Facturables","Santa Cruz","","PARTICULAR",""
"001408","HELEN SEJAS COCA","","","Santa Cruz","78532585","","","9595098 sc","0002","Suscriptores NO Facturables","Santa Cruz","","PARTICULAR","090224"
"001409","YESY GERARDO AVALOS CORTEZ","","","Santa Cruz","72155066","","","3831296 sc","0002","Suscriptores NO Facturables","Santa Cruz","","PARTICULAR",""
"001410","RICARDO MONTOYA GONZALEZ","","","Santa Cruz","69412281","","","64631950E","0002","Suscriptores NO Facturables","Santa Cruz","","PARTICULAR","090100"
"001411","HORACIO PERINI SIMONETTA","","","Santa Cruz","72648733","","","0042687E","0002","Suscriptores NO Facturables","Santa Cruz","","PARTICULAR",""
"001412","JUAN CARLOS ROCA EYZAGUIRRE","","","Santa Cruz","76079784","","","2836408 sc","0002","Suscriptores NO Facturables","Santa Cruz","","PARTICULAR","090165"
"001413","EDUARDO QUINTANILLA","","","Santa Cruz","33120996","","","486111 Lp","0002","Suscriptores NO Facturables","Santa Cruz","","PARTICULAR","090003"
"001414","RONALD VICKER","","","Santa Cruz","70928299","","","2709324 LP","0002","Suscriptores NO Facturables","Santa Cruz","","PARTICULAR","090181"
"001415","RENY ARANCIBIA LOLA","","","Santa Cruz","71378878","","","3295321 sc","0002","Suscriptores NO Facturables","Santa Cruz","","PARTICULAR","090102"
"001416","ROBERTO AGUILAR FERNANDEZ","","","SANTA CRUZ","68934899","","","5199583 CBBA","0002","Suscriptores NO Facturables","Santa Cruz","","PARTICULAR","090083"
"001417","LUZ SOCORRO ADALLA UNDAJON (EMPRESA DXN BOLIVIA SRL.) (CONTACTO EDGAR SANCHEZ).","","","Santa Cruz","3122985","","","E-68188","0002","Suscriptores NO Facturables","Santa Cruz","","EMPRESA",""
"001418","ROSARIO SUAREZ","","","Santa Cruz","70892183","","","4641470 SC","0002","Suscriptores NO Facturables","Santa Cruz","","PARTICULAR",""
"001419","LITZI DURÁN","","","Santa Cruz","65846821","","","8923306 1U SC","0002","Suscriptores NO Facturables","Santa Cruz","","EMPRESA","090240"
"001420","NILTON YAULI","","","Santa Cruz","79812044","","","6090741 LP","0002","Suscriptores NO Facturables","Santa Cruz","","PARTICULAR","090245"
"001421","JAVIER PRADO CONTRERAS","","","Santa Cruz","60097891","","","800593 cbba","0002","Suscriptores NO Facturables","Santa Cruz","","PARTICULAR","090102"
"001422","VICTOR LEDERMANN","","","Santa Cruz","69190050","","","1508319 SC","0002","Suscriptores NO Facturables","Santa Cruz","","PARTICULAR","090123"
"001423","NORMA FLORES","","","Santa Cruz","78485869","","","9048095 SC","0002","Suscriptores NO Facturables","Santa Cruz","","PARTICULAR","090092"
"001424","WILSON PRIMINTELA","","","Santa Cruz","78451799","","","3294031 sc","0002","Suscriptores NO Facturables","Santa Cruz","","PARTICULAR","090118"
"001425","JUAN GABRIEL APAZA","","","Santa Cruz","72692391","","","","0002","Suscriptores NO Facturables","Santa Cruz","","PARTICULAR",""
"001426","MAGUIVER SANDOVAL MERIDA","","","Santa Cruz","70872952","","","6259822 SC","0002","Suscriptores NO Facturables","Santa Cruz","","PARTICULAR","090181"
"001427","JOSÉ AMÉRICO MATNY ARTEAGA","","","Santa Cruz","72122304","","","1486468 Sc","0002","Suscriptores NO Facturables","Santa Cruz","","PARTICULAR","090233"
"001428","JENNY CASTILLO","","","BENI","67281659","","","1739862 Bn.","0002","Suscriptores NO Facturables","Santa Cruz","","PARTICULAR",""
"001429","ROMEL ZAPATA PADILLA","","","Santa Cruz","75653343","","","4652516Sc","0002","Suscriptores NO Facturables","Santa Cruz","","EMPRESA",""
"001430","MARIA JESUS RODRIGUEZ","","","Santa Cruz","77645118","","","1563549 Sc","0002","Suscriptores NO Facturables","Santa Cruz","","EMPRESA",""
"001431","WILLY ANTONIO MIJARIA URIONA","","","Cochabamba","60382676","","","4531078 CBBA","0002","Suscriptores NO Facturables","Santa Cruz","","PARTICULAR",""
"001432","JOSÉ LUIS CAMACHO SALVATIERRA","","","Cochabamba","72278372","","","6335546 SC.","0002","Suscriptores NO Facturables","Santa Cruz","","PARTICULAR",""
"001433","GERMAN LARCY VARGAS","","","Santa Cruz","70207654","","","5877332 Sc","0002","Suscriptores NO Facturables","Santa Cruz","","PARTICULAR","090179"
"001434","ARMINDA DE GONZALES","","","Santa Cruz","70071575","","","1539647 Sc","0002","Suscriptores NO Facturables","Santa Cruz","","PARTICULAR","090102"
"001435","OMAR CALDERON","","","Santa Cruz","75572771","","","7665317 sc","0002","Suscriptores NO Facturables","Santa Cruz","","PARTICULAR","090212"
"001436","RONALD ALVARO RAMIREZ CUELLAR","","","Santa Cruz","75575666","","","3296454 Sc","0002","Suscriptores NO Facturables","Santa Cruz","","PARTICULAR","090003"
"001437","MARCO GAMARRA","","","Santa Cruz","72115581","","","4738784 SC","0002","Suscriptores NO Facturables","Santa Cruz","","PARTICULAR",""
"001438","SR. CHIKARA UECHI (CONTACTO MARIE CASTILLO)","","","Santa Cruz","3344080 - 70952665","","","2816283 SC","0002","Suscriptores NO Facturables","Santa Cruz","","PARTICULAR","090150"
"001439","FRANKLIN EVER TICONA CARRILLO","","","BENI","67355831","","","06071551 Lp","0002","Suscriptores NO Facturables","Santa Cruz","","PARTICULAR","090053"
"001440","GLORIA LEAÑOS","","","Santa Cruz","76631488","","","1544145 SC","0002","Suscriptores NO Facturables","Santa Cruz","","PARTICULAR","090102"
"001441","ADHEMAR MANJON VARGAS","","","Santa Cruz","70072813 - 3580507","","","3242346 Sc","0002","Suscriptores NO Facturables","Santa Cruz","","PARTICULAR","090224"
"001442","MARCIAL CARLOS FERREL","","","Santa cruz","67171052","","","3856537 Sc","0002","Suscriptores NO Facturables","Santa Cruz","","PARTICULAR","090102"
"001443","CHRISTIAN DABDOUB","","","Santa Cruz","77611666","","","7671828 Sc","0002","Suscriptores NO Facturables","Santa Cruz","","PARTICULAR","090165"
"001444","RONNY VINCENT","","","Santa Cruz","79877327","","","6681456 sc","0002","Suscriptores NO Facturables","Santa Cruz","","PARTICULAR","090230"
"001445","JUAN ANDRES MOLLO","","","Santa Cruz","70907970","","","7781671 SC","0002","Suscriptores NO Facturables","Santa Cruz","","PARTICULAR","090224"
"001446","LEONARDO GAMARRA LANGUIDEY","","","Santa Cruz","70975882","","","3229845 SC","0002","Suscriptores NO Facturables","Santa Cruz","","PARTICULAR","090151"
"001447","ANDREA PAZ / RICARDO GONZALES","","","Santa Cruz","68938539","","","3905366 SC","0002","Suscriptores NO Facturables","Santa Cruz","","PARTICULAR","090100"
"001448","DIEGO ALEJANDRO RIVERA MONTAÑO","Calle Pavi #1925 esquina las Cutas, fren","Calle Pavi #1925 esquina las Cutas, fren","SANTA CRUZ","73668191","","591","5968498","0001","Suscriptores Generales Facturables","","","PARTICULAR","090102"
"001449","RONALD VEIZAGA MARTINEZ","","","SANTA CRUZ","72668824","","","1078338 ch","0002","Suscriptores NO Facturables","Santa Cruz","","PARTICULAR","090005"
"001450","EVELYN CHAVEZ (EMPRESA MEDLAB)","","","SANTA CRUZ","69199181","","","1025027025","0002","Suscriptores NO Facturables","Santa Cruz","","EMPRESA","090120"
"001451","ALEJANDRO MENDEZ HEREDIA","","","Santa Cruz","79051323","","","1965211 SC","0002","Suscriptores NO Facturables","Santa Cruz","","PARTICULAR","090102"
"001452","YESENIA MONTAÑO","","","Santa Cruz","70950249","","","7835737Sc","0002","Suscriptores NO Facturables","Santa Cruz","","PARTICULAR","090003"
"001453","JAIME IRUSTA MONTAÑO","","","Cochabamba","72780995","","","1239241 Pt.","0002","Suscriptores NO Facturables","Santa Cruz","","PARTICULAR","090018"
"001454","GUSTAVO GANDARILLA DE LA EMPRESA DISMATEC","","","Santa Cruz","3473030 Int.- 1041","","","5400376 SC","0002","Suscriptores NO Facturables","Santa Cruz","","EMPRESA","090182"
"001455","PAUL MICHEL ROMERO ESPADA","","","Santa Cruz","78437790","","","4645736 SC","0002","Suscriptores NO Facturables","Santa Cruz","","EMPRESA","090092"
"001456","KATHERINE NIETO (VIAGGIO MOTOR S.A.)","","","Santa Cruz","33121679","","","","0002","Suscriptores NO Facturables","Santa Cruz","","EMPRESA","090118"
"001457","GERMAN SUAREZ AÑEZ / SRA. ROSARIO","","","Santa Cruz","70824302 - 3535916","","","5361298 SC","0002","Suscriptores NO Facturables","Santa Cruz","","PARTICULAR","090092"
"001458","EDUARDO MENDEZ","","","Santa cruz","77041995","","","2842956 sc","0002","Suscriptores NO Facturables","Santa Cruz","","PARTICULAR","090095"
"001459","DRA. DUNNIA SALINAS VÁSQUEZ","","","Santa cruz","69112735","","","","0002","Suscriptores NO Facturables","Santa Cruz","","PARTICULAR","090245"
"001460","SILVANA RIVERA MONTERO","","","Santa cruz","70810390","","","","0002","Suscriptores NO Facturables","Santa Cruz","","PARTICULAR","090245"
"001461","PAOLA MENDOZA","","","Santa cruz","73111979","","","","0002","Suscriptores NO Facturables","Santa Cruz","","PARTICULAR","090245"
"001462","ANA MARÍA CORTEZ DE PAZ","","","Santa cruz","72140008","","","376559 LP","0002","Suscriptores NO Facturables","Santa Cruz","","PARTICULAR","090245"
"001463","RORIGO JUVENAL ASCUY VACA","","","Santa Cruz","77600007","","","5387994 Sc","0002","Suscriptores NO Facturables","Santa Cruz","","PARTICULAR","090131"
"001464","MIGUEL ANGEL MIRANDA CRISANTO","","","Santa Cruz","71374076","","","8337091","0002","Suscriptores NO Facturables","Santa Cruz","","PARTICULAR","090120"
"001465","JUAN NICOLAS MIRANDA CHOQUE","","","Santa Cruz","76831366 o 73297316","","","5784306 TJ","0002","Suscriptores NO Facturables","Santa Cruz","","PARTICULAR","090211"
"001466","SANTOS SABINO CHOQUE ROCHA","","","Santa Cruz","67882771","","","3133820 sc","0002","Suscriptores NO Facturables","Santa Cruz","","PARTICULAR",""
"001467","MARIANA GONZALES SAUCEDO","","","Santa Cruz","77091704","","","976478302 sc","0002","Suscriptores NO Facturables","Santa Cruz","","PARTICULAR",""
"001468","WALTER RUEDA SEVERICHE","","","Santa Cruz","73136516","","","1497469 sc","0002","Suscriptores NO Facturables","Santa Cruz","","PARTICULAR","090102"
"001469","DANITZA VALVERDE GARCÍA","","","Santa Cruz","73980493","","","13301191 sc","0002","Suscriptores NO Facturables","Santa Cruz","","PARTICULAR",""
"001470","CLEIDY LORENT","","","Santa Cruz","73650287","","","7794162 sc","0002","Suscriptores NO Facturables","Santa Cruz","","PARTICULAR",""
"001471","VIRGINIA CHOMA PUTARE / JORGE ROCA","","","Santa Cruz","76663345","","","6326579 SC","0002","Suscriptores NO Facturables","Santa Cruz","","PARTICULAR",""
"001472","RODRIGO ASCUY VACA / CECILIA TERRAZAS (CONTACTO)","","","Santa Cruz","69121758 / 77883303","","","5387994 sc","0002","Suscriptores NO Facturables","Santa Cruz","","EMPRESA","090131"
"001473","FREDDY LEDEZMA","","","Santa Cruz","77303392","","","4380924 cbba","0002","Suscriptores NO Facturables","Santa Cruz","","EMPRESA","090102"
"001474","GUILLERNO RODRIGUEZ ARCE","","","santa Cruz","3421300-71650406","","","1691678 Bn","0002","Suscriptores NO Facturables","Santa Cruz","","PARTICULAR",""
"001475","DAVID PAYE","","","Santa Cruz","73107067","","","8177579 sc","0002","Suscriptores NO Facturables","Santa Cruz","","PARTICULAR","090120"
"001476","EMPRESA BELLE MARIEE (CONTACTO ANA CAROLA)","","","Santa Cruz","76392890","","","4698729 sc","0002","Suscriptores NO Facturables","Santa Cruz","","EMPRESA","090100"
"001477","LIC. EBER SANDOVAL ROSALES (EMPRESA NEXOLIDER).","","","Santa Cruz","33450405 - 33450406","","","3876096 SC","0002","Suscriptores NO Facturables","Santa Cruz","","EMPRESA","090102"
"001478","EMILIO ROMERO FERNANDEZ","","","Santa Cruz","69215909","","","3420107 lp","0002","Suscriptores NO Facturables","Santa Cruz","","PARTICULAR",""
"001479","ROSARIO ERAZO DE LINARES","","Calle Teniente Parada N.- 140 Barrio los","SANTA CRUZ","70035354","","","2854195","0001","Suscriptores Generales Facturables","Santa Cruz","","PARTICULAR","090226"
"001480","FATIMA MENDEZ CABRAL","","","Santa Cruz","72152099","","","3885114 sc","0002","Suscriptores NO Facturables","Santa Cruz","","PARTICULAR","090120"
"001481","JUAN PABLO JACOBS","","","Santa Cruz","71093870 - Of. 3460404 rrhh.","","","3100594 Or","0002","Suscriptores NO Facturables","Santa Cruz","","PARTICULAR","090182"
"001482","FABIOLA RODRIGUEZ","","","Santa Cruz","77824307","","","9001666 SC","0002","Suscriptores NO Facturables","Santa Cruz","","EMPRESA","090211"
"001483","CLAUDIA VIVECA MEDINA PAZ","","","Santa Cruz","77887081","","","8084020 SC","0002","Suscriptores NO Facturables","Santa Cruz","","PARTICULAR","090120"
"001484","ALVARO ZUMELZU","","Av.Radial 26 6to anillo Casa  #7 con una","Santa Cruz","77395765","","","179265019","0001","Suscriptores Generales Facturables","Santa Cruz","","PARTICULAR","090132"
"001485","GIOVANNA FRANCO- LABORATORIO ROEMMERS","","","Santa Cruz","3337556","","","4660739 sc","0002","Suscriptores NO Facturables","Santa Cruz","","EMPRESA","090176"
"001486","BELA EDELMAN DE OLDSHMDT","","","Santa Cruz","77297763","","","39322 Lp","0002","Suscriptores NO Facturables","Santa Cruz","","PARTICULAR","090003"
"001487","CRISTINA POIQUI","","","Santa Cruz","75689769 - 3474635","","","3204902 sc","0002","Suscriptores NO Facturables","Santa Cruz","","EMPRESA","090179"
"001488","JORGE GONZALES FERNANDEZ","","","santa cruz","71346623","","","6262227 Sc","0002","Suscriptores NO Facturables","Santa Cruz","","PARTICULAR","090179"
"001489","ELIANA SUAREZ","","","Santa Cruz","61342426 - 33474044","","","13781787 sc","0002","Suscriptores NO Facturables","Santa Cruz","","PARTICULAR","090179"
"001490","MELISSA SUAREZ","","","Santa Cruz","77771111","","","3335741 LP","0002","Suscriptores NO Facturables","Santa Cruz","","PARTICULAR","090187"
"001491","JOSE CARLOS VACA EL HAGE","","","Santa Cruz","76378899","","","3278644 sc","0002","Suscriptores NO Facturables","Santa Cruz","","PARTICULAR",""
"001492","MARIA EUGENIA MAMANI CHAPI","","","Santa Cruz","71392153","","","8910464 sc","0002","Suscriptores NO Facturables","Santa Cruz","","PARTICULAR","090174"
"001493","ANA KARINA CLAROS","","","Santa Cruz","76372288","","","3907761 sc","0002","Suscriptores NO Facturables","Santa Cruz","","PARTICULAR",""
"001494","IVAN GROVER HIDALGO MOSCOSO","","","SANTA CRUZ","76019342","","","2979967 sc","0002","Suscriptores NO Facturables","Santa Cruz","","PARTICULAR",""
"001495","FRANZ RIVERO ARCE (CONTACTO STEFANI GÓMEZ - SECRETARIA DE UNO CORPORACION INMOBILIARIA)","","","Santa Cruz","74166111","","","4537728 cbba","0002","Suscriptores NO Facturables","Santa Cruz","","EMPRESA","090102"
"001496","RUDY JUSTINIANO","","","Santa Cruz","75075644","","","3860294 Sc","0002","Suscriptores NO Facturables","Santa Cruz","","PARTICULAR","090040"
"001497","JORGE EDUARDO ZENTENO SALAZAR","","","SANTA CRUZ","75006137","","","8975118 sc","0002","Suscriptores NO Facturables","Santa Cruz","","PARTICULAR","090040"
"001498","JOSE EDGAR SAGARNAGA","","","Santa Cruz","75037196","","","652519 Or","0002","Suscriptores NO Facturables","Santa Cruz","","PARTICULAR","090102"
"001499","CARLOS ALBERTO CARDONA CUELLAR (PRETMIX DISTRIBUIDORA)","","","Santa Cruz","68918327","","","2945701Sc","0002","Suscriptores NO Facturables","Santa Cruz","","PARTICULAR","090181"
"001500","JOSE HUASACE PESOA","","","SANTA CRUZ","73671681","","","6207343 SC","0002","Suscriptores NO Facturables","Santa Cruz","","EMPRESA",""
"001501","JEANNETH GARCIA ANDRADE","","","Santa Cruz","79921627","","","6217024 sc","0002","Suscriptores NO Facturables","Santa Cruz","","PARTICULAR","090182"
"001502","MIRIAN MARIBEL ROJAS","","","Santa Cruz","67772637","","","7667168Sc","0002","Suscriptores NO Facturables","Santa Cruz","","PARTICULAR","090224"
"001503","JUAN FRANCISCO ARDAYA GARCI­A","","","Santa Cruz","78475167","","","5840493 SC","0002","Suscriptores NO Facturables","Santa Cruz","","PARTICULAR",""
"001504","BELZU GUACHALLA CLAROS","","","Santa Cruz","77313520","","","1992103 sc","0002","Suscriptores NO Facturables","Santa Cruz","","PARTICULAR",""
"001505","MIRTHA VERDUGUEZ","","","Santa Cruz","71596551","","","3334039 lp","0002","Suscriptores NO Facturables","Santa Cruz","","PARTICULAR","090102"
"001506","MAURICIO DUPLEICH U","","","Santa Cruz","76777068","","","3343644 sc","0002","Suscriptores NO Facturables","Santa Cruz","","PARTICULAR","090131"
"001507","MARIA DE LOS ANGELES LOAIZA KELLEMBERGER","","","Santa Cruz","70834834","","","154699 lp","0002","Suscriptores NO Facturables","Santa Cruz","","PARTICULAR",""
"001508","MARIA DEL CARMEN PANIAGUA","","","SANTA CRUZ","71490663","","","9827506 Sc","0002","Suscriptores NO Facturables","Santa Cruz","","PARTICULAR","090169"
"001509","JOHNNY SAAVEDRA ALIAGA","","","Santa Cruz","69800140","","","3497948 lp","0002","Suscriptores NO Facturables","Santa Cruz","","PARTICULAR","090169"
"001510","JAVIER GUZMÁN","","","Santa Cruz","60834701","","","7678623 SC","0002","Suscriptores NO Facturables","Santa Cruz","","PARTICULAR","090135"
"001511","SIC FUTURO LTDA","","Santa Cruz","Santa Cruz",".","6/12/2026","","135007027","0002","Suscriptores NO Facturables","Santa Cruz",".","PARTICULAR","090036"
"001512","SAMUEL LLAVE CASTRO","","","Santa Cruz","68476721 - 33553848","","","7860740 cbba","0002","Suscriptores NO Facturables","Santa Cruz","","PARTICULAR","090161"
"001513","IGNACIO SORUCO MONTENEGRO","","","Santa Cruz","77038389","","","3839539 sc","0002","Suscriptores NO Facturables","Santa Cruz","","PARTICULAR","090179"
"001514","JOSE PARADA VILLAVICENCIO","","","Santa Cruz","78008575","","","3912458 sc","0002","Suscriptores NO Facturables","Santa Cruz","","PARTICULAR","090182"
"001515","ELIAS ELISEO MALDONADO","","","Santa Cruz","77809534","","","8760305 cbba","0002","Suscriptores NO Facturables","Santa Cruz","","PARTICULAR","090102"
"001516","EVELYN ROMAN (CORREO DEL SR. JOHN CARRASCO)","","","Santa Cruz","76618406","","","3889289 sc","0002","Suscriptores NO Facturables","Santa Cruz","","PARTICULAR","090169"
"001517","MAURICIO QUIROGA","","","Santa Cruz","67551152","","","4483649 cbba","0002","Suscriptores NO Facturables","Santa Cruz","","PARTICULAR","090179"
"001518","MANUEL CHAMO TOMICHA","","","Santa Cruz","73650874","","","9762576 SC","0002","Suscriptores NO Facturables","Santa Cruz","","PARTICULAR",""
"001519","EMANUEL SAUCEDO ROCA","","","SANTA CRUZ","76692182","","","823396 SC","0002","Suscriptores NO Facturables","Santa Cruz","","PARTICULAR",""
"001520","VLADIMIR CANAVIRI FLORES","","","Santa Cruz","73133674","","","5850971 SC","0002","Suscriptores NO Facturables","Santa Cruz","","PARTICULAR","090224"
"001521","REINALDO CHUVE TOMICHA","","","Santa Cruz","75610420","","","8209587 sc","0002","Suscriptores NO Facturables","Santa Cruz","","PARTICULAR","090135"
"001522","JORGE ACOSTA - COMPAÑÍA IMPORTADORA DE AUTOMOTORES MATHIAS CSAPEK S.A","","","Santa Cruz","(f) 591-3-3446045 (f) 591-3-3446045","","","","0002","Suscriptores NO Facturables","Santa Cruz","","EMPRESA",""
"001523","SERGIO JUSTINIANO","","","SANTA CRUZ","","","","","0002","Suscriptores NO Facturables","Santa Cruz","","PARTICULAR","090040"
"001524","ERASMO RICHARD VILLCA GONZALES","","","Santa Cruz","69134954","","","5843116sc","0002","Suscriptores NO Facturables","Santa Cruz","","PARTICULAR",""
"001525","CECY VARGAS","","","Santa Cruz","72928811","","","9268672 SC","0002","Suscriptores NO Facturables","Santa Cruz","","PARTICULAR","090102"
"001526","WALTER BARRANCOS MERCADO","","","BENI","72812271","","","1918897 Bn","0002","Suscriptores NO Facturables","Santa Cruz","","PARTICULAR","090080"
"001527","JUAN PABLO PALACIOS CUELLAR","","","Santa Cruz","76855780","","","5856946 Sc","0002","Suscriptores NO Facturables","Santa Cruz","","PARTICULAR",""
"001528","COMPAÑIA DE INVERSIONES MERCANTILES S.A. (CIMSA)","","Calle Jaime Mendoza Nro.26 zona sur","LA PAZ","2979860","6/16/2026","","1016971020","0003","SUSCRIPTORES DE PAGO DE LA PAZ","",".","EMPRESA",""
"001529","NACIONES UNIDAS - PNUD","","calle 14 esq Sanchez Bustamante CALACOTO","LA PAZ","2624514","","","99001","0003","SUSCRIPTORES DE PAGO DE LA PAZ","","","EMPRESA",""
"001530","EMBAJADA ARGENTINA","","Calle aspiazu esquina sanchez lima #497","LA PAZ","22422912","","","99001","0003","SUSCRIPTORES DE PAGO DE LA PAZ","",".","EMPRESA",""
"001531","CATOLICAS POR EL DERECHO A DECIDIR","RV","LA PAZ","LA PAZ","","","","123539023","0003","SUSCRIPTORES DE PAGO DE LA PAZ","","","EMPRESA",""
"001532","INSTITUTO NACIONAL DE ESTADISTICA","RV","LA PAZ","LA PAZ","","","","1001751025","0003","SUSCRIPTORES DE PAGO DE LA PAZ","","","ESTATAL",""
"001533","IVAN SOTO","RV","Mexico al lado Biblioteca Municipal","LA PAZ","","","","4956235","0003","SUSCRIPTORES DE PAGO DE LA PAZ","","","PARTICULAR",""
"001534","BALLIVIAN CONSUELO","","Av. Arce y Pinilla","LA PAZ","2430556","","","253538","0003","SUSCRIPTORES DE PAGO DE LA PAZ","","","PARTICULAR",""
"001536","SIC FUTURO LTDA.","RV","Vincenti 850 Sopocachi","LA PAZ","2115110","","","135007027","0003","SUSCRIPTORES DE PAGO DE LA PAZ","",".","EMPRESA",""
"001537","FUNDACION FRIEDRICH EBERT- FES","RV","Av. Hernando Siles 5998 Obrajes","LA PAZ","2750005","","","1004035029","0003","SUSCRIPTORES DE PAGO DE LA PAZ","","","EMPRESA",""
"001538","FLUICONST - SRA ANA ALCOBA DE AYALA","","Calle Guatemala Nro. 1415","LA PAZ","2115391 - 2248578","","","139741024","0003","SUSCRIPTORES DE PAGO DE LA PAZ","","","EMPRESA",""
"001539","MERINCO SRL - HOTEL RITZ","","Av. Arce 2478 Plaza Isabel La Catolica","LA PAZ","","","","1020761022","0003","SUSCRIPTORES DE PAGO DE LA PAZ","","","EMPRESA",""
"001540","INNOVA BOLIVIA S.R.L.","RV","Av. Mcal. Santa Cruz esquina Socabaya Ed","LA PAZ","77296014","","","371133024","0003","SUSCRIPTORES DE PAGO DE LA PAZ","","","EMPRESA",""
"001541","BANCO PYME ECOFUTURO S.A.","","Calle 9 esq Sanchez Bustamante-Calacoto","LA PAZ","78968394","","","1020271020","0003","SUSCRIPTORES DE PAGO DE LA PAZ","","","EMPRESA",""
"001542","MARIO ARENAS AGUADO","","Casco Viejo Calle: cobija Casa Nro.661","SANTA CRUZ","3339230","","","5882599","0001","Suscriptores Generales Facturables","","","PARTICULAR",""
"001543","MARTIN RIBERA","","Calle: Santa Barbara Casa Nro.136","SANTA CRUZ","77392032","","","1530676010","0001","Suscriptores Generales Facturables","","","PARTICULAR",""
"001544","CARLOS ARENAS","","SA","","","","","5882599","0002","Suscriptores NO Facturables","","","DIGITAL",""
"001545","CAROLA VACA DIEZ","","Calle Yomomo #2075, entre Calle Totai","SANTA CRUZ","78189911","","","1981600","0001","Suscriptores Generales Facturables","","","PARTICULAR",""
"001546","MIGUEL ANGEL LINARES MERCADO","","Urb. San Aurelio Calle 1, casa #16 Al fr","SANTA CRUZ","77610444 - 78000334","","","3186118","0001","Suscriptores Generales Facturables","","","PARTICULAR",""
"001547","JHONNY YUCRA GUTIERREZ","","Av. 3 pasos al frente #3430","SANTA CRUZ","70912587","","","3557956010","0001","Suscriptores Generales Facturables","","","PARTICULAR",""
"001548","JORGE ALBERTO VALDEZ","","Calle El Bi #2036, entre 2do y 3er anill","SANTA CRUZ","77333540 - 33225028","","","3204223","0001","Suscriptores Generales Facturables","","","PARTICULAR",""
"001550","JORGE RAFAEL FLORES AGUILERA","","Radial Castilla Casa:# 645 Barrio Las Pa","SANTA CRUZ","70953491","","591","1469606016","0001","Suscriptores Generales Facturables","","","PARTICULAR",""
"001551","MARIA NELLY SAUTO","","Calle: manuel Ignacio Salvatierra Casa #","SANTA CRUZ","76304100- 3322655","","","1510950018","0001","Suscriptores Generales Facturables","","","PARTICULAR",""
"001552","DONACIANO BUSTAMANTE ALMANZA","","Radial 26 esquina calle: 4 entre 4to y 5","SANTA CRUZ","70918485 - 33426785","","","778431016","0001","Suscriptores Generales Facturables","","","PARTICULAR",""
"001553","COOPERATIVA DE TRANSPORTE HEROES DEL CHACO R.L. (NORMA ADELA VELASQUEZ)","","4to anillo Radial 12 y medio, malla del","SANTA CRUZ","76357076","","","128177023","0001","Suscriptores Generales Facturables","","","EMPRESA",""
"001554","YALILE GALEB DE VACA","RV","Calle: Toborochi  Casa de color Roja de","SANTA CRUZ","33353098 - 71648395","","","2724417015","0001","Suscriptores Generales Facturables","","","PARTICULAR",""
"001555","HUGO ALVARO REYES RODAS","","Barrio: Sirari Calle: Los Nogales  barda","SANTA CRUZ","69066332","","591","2374279016","0001","Suscriptores Generales Facturables","","","PARTICULAR",""
"001556","JOSE CUELLAR","","Condominio Villa Toscana casa #38 Flia C","SANTA CRUZ","76001460 - 77639683","","","1575532019","0001","Suscriptores Generales Facturables","","","PARTICULAR",""
"001557","BETZABETH PEREZ","","Of. Calle Beni Esquina Bolivar Edifico L","SANTA CRUZ","33377486 - 60994164","","","2938281010","0001","Suscriptores Generales Facturables","","","PARTICULAR",""
"001558","RONALD LAIME JORGE","S","S","S","","","","4709997","0001","Suscriptores Generales Facturables","","","PARTICULAR",""
"001559","YLSE ARIAS RODRIGUEZ","","Barrio: El Pari Calle: Membirai Casa #24","SANTA CRUZ","33531942 - 70963321","","","1675103","0001","Suscriptores Generales Facturables","","","PARTICULAR",""
"001560","BLANCA CALIZAYA","","3er anillo externo entre Tomas de Lezo y","SANTA CRUZ","72694665 (Contacto del esposo Hugo Pozo)","","","632131","0001","Suscriptores Generales Facturables","","","PARTICULAR",""
"001561","UNAGRO S.A.","","Calle Las Maras Plazuela Malfredo Kent,","SANTA CRUZ","70066140","","","1015495024","0001","Suscriptores Generales Facturables","","","EMPRESA",""
"001562","ADOLFO FARIÑAS ABREGO","","UV 18 Barrio Los Angeles, entre 3er y 4t","SANTA CRUZ","70066140","","","1531546","0001","Suscriptores Generales Facturables","","","PARTICULAR",""
"001563","JUAN DANIEL BARBA MONTERO","","Barrio Petrolero Guaracachi Av. isaias #","SANTA CRUZ","72616070 - 69209140","","","4706213","0001","Suscriptores Generales Facturables","","","PARTICULAR",""
"001564","EDGAR FUENTES GONZALES","","Calle: Manuel castro Pinto Esquina: Regi","SANTA CRUZ","72117149","","","1025665020","0001","Suscriptores Generales Facturables","","","EMPRESA",""
"001566","PEÑARANDA MOLINA CARLOS","RV","Calle Manuel Huici 707 Plaza Líbano","LA PAZ","","","","5861687","0002","Suscriptores NO Facturables","","","PARTICULAR",""
"001567","FERNANDO DE LAS RIBAS","","Av. Paragua entre el 2do y 3er anillo a","SANTA CRUZ","72168226","","","1978758016","0001","Suscriptores Generales Facturables","","","PARTICULAR",""
"001568","MIGUEL ANGEL ANTELO DE BARNEVILLE (AGENCIA DESPACHANTE MERSUR)","","Av. Alemana Calle Taropes esquina Cupech","SANTA CRUZ","33418001 - 33418441","","","157954024","0001","Suscriptores Generales Facturables","","","EMPRESA",""
"001569","ALVARO ORTIZ","","Radial 19 Barrio Las Madre Calle 11 entr","SANTA CRUZ","71620900 - 70846705","","","128505021","0001","Suscriptores Generales Facturables","","","PARTICULAR",""
"001570","SARA ROBERTSON DE ROCA","","Barrio: El Remanzo Av. Los Salamos 9no a","SANTA CRUZ","79836408- 3706886","","","139271","0001","Suscriptores Generales Facturables","","","PARTICULAR",""
"001571","JHONNY RAMIRO SANTIAGO (EMPRESA TRACTO REPUESTOS SANTIAGO)","","Of. Barrio Villa Luz Av. Cristo Redentor","SANTA CRUZ","75684578","","","936733018","0001","Suscriptores Generales Facturables","","","EMPRESA",""
"001572","FLORENCIO SANCHEZ BARRERO (TRANSANBOL SRL.)","","Of. Radila 17 1/2 entre 5to y 6to anillo","SANTA CRUZ","77392921","","","198082022","0001","Suscriptores Generales Facturables","","","EMPRESA",""
"001573","JOSE LUIS FUENTES","","Barrios: Sirari Calles: Los Claveles cas","SANTA CRUZ","77690386 - 3427406","","","1479365","0001","Suscriptores Generales Facturables","","","PARTICULAR",""
"001574","JORGE LORENZO KEFER GONZALEZ","","Av. Santos Dumont y 3er anillo externo,","SANTA CRUZ","77396860","","","288536024","0001","Suscriptores Generales Facturables","","","PARTICULAR",""
"001575","MARIELA SALAZAR","","Av. Piraí cuadra y media antes del 3er a","SANTA CRUZ","33524397- 77654836","","","3900528","0001","Suscriptores Generales Facturables","","","PARTICULAR",""
"001576","GUADALUPE JACQUELIN VARGAS CRUZ (CEINCE)","","C/ Santa Barbara, esquina Cuellar, al fr","SANTA CRUZ","33358009","","","4591222","0001","Suscriptores Generales Facturables","","","EMPRESA",""
"001577","MARIA LOURDES CASTEDO","","Calle Fortin Toledo #93, una calle paral","SANTA CRUZ","75061925","","","1011861023","0001","Suscriptores Generales Facturables","","","EMPRESA",""
"001578","JORGE FISCHER MERCADO","","Calle Doctor Fermin Peralta #132, equipe","SANTA CRUZ","72120001 - 3327717","","","2920141","0002","Suscriptores NO Facturables","","","PARTICULAR",""
"001579","DENISSE JUSTINIANO (ANDESFILMS)","","Calle Las Ramplas Edificio Cubo 1  Piso","SANTA CRUZ","3-401505","","","316490028","0001","Suscriptores Generales Facturables","","","EMPRESA",""
"001580","CHRISTIAN VARGAS","","Calle: Juan Jose Martines #1055 a media","SANTA CRUZ","77385001","","","3854172013","0002","Suscriptores NO Facturables","","","PARTICULAR",""
"001581","FILIBERTO CALDERON","","Barrio Polanco, calle 1, casa #5. Ref. e","SANTA CRUZ","71620274","","","1025770","0001","Suscriptores Generales Facturables","","","PARTICULAR",""
"001582","JORGE CUELLAR","","5to Anillo Barrio: Las Vegas Zona La cuc","SANTA CRUZ","78058795","","","7819481","0001","Suscriptores Generales Facturables","","","PARTICULAR",""
"001583","SANTOS JAVIER TELLEZ ROMERO","","Barrio: Universitario Docente Norte 6to","SANTA CRUZ","70887869","","","1574092","0001","Suscriptores Generales Facturables","","","PARTICULAR",""
"001584","RODRIGO SANDOVAL","","Av. 16 de Julio Barrio Simon Bolivar #61","SANTA CRUZ","75544033","","","8231668","0001","Suscriptores Generales Facturables","","","PARTICULAR",""
"001585","GUSTAVO TOBAR","","Urb. Santa Cruz entre 5to y 6to anillo d","SANTA CRUZ","75300049 -  3581812","","","2928182019","0001","Suscriptores Generales Facturables","","","PARTICULAR",""
"001587","NATALIA RAMOS - NATULIFE LTDA","Dom:Calle: Enrique Finot entre calle 8 y","Of: Barrio Equipetrol entre 2do y 3er an","SANTA CRUZ","77886306","","","284620022","0001","Suscriptores Generales Facturables","","","EMPRESA",""
"001588","MARCELO ESPINOSA","","Radial 26 y 5to anillo, Barrio 15 Julio","SANTA CRUZ","76060976","","","4642546","0001","Suscriptores Generales Facturables","","","PARTICULAR",""
"001589","RAMIRO ROCHA","","SANTA CRUZ","SANTA CRUZ","","","","3023047013","0001","Suscriptores Generales Facturables","","","PARTICULAR",""
"001590","ALEJANDRO PEÑA","","Barrio Urbari Calle Baracea esquina Guac","SANTA CRUZ","77618999","","","320096","0001","Suscriptores Generales Facturables","","","PARTICULAR",""
"001591","WOLFANGO PEÑA CLAROS","","6to anillo #2555 Norte, entre Beni y Ale","SANTA CRUZ","77653399","","","320096","0001","Suscriptores Generales Facturables","","","PARTICULAR",""
"001592","EMMA VACA DIEZ","","Condominio Torre del parque departamento","SANTA CRUZ","77349445","","","2835946","0001","Suscriptores Generales Facturables","","","PARTICULAR",""
"001593","OSCAR PAZ UZIN","","Calle Alameda Potosí, edificio piso 6D,","SANTA CRUZ","76607696","","","2053591","0001","Suscriptores Generales Facturables","","","PARTICULAR",""
"001594","ALFREDO ROJAS VALLE","","Zona central, Av. Isabe La Catolica #35,","SANTA CRUZ","65849754","","","3909156","0001","Suscriptores Generales Facturables","","","PARTICULAR",""
"001595","FRANCISCO GRIMALDE JUSTINIANO","","Entre 5to y 6to anillo de la doble via a","SANTA CRUZ","72100844 - 33532403","","","1012577027","0001","Suscriptores Generales Facturables","","","EMPRESA",""
"001596","JORGE LUIS CÓRDOVA OROZCO","","Condominio La Floresta del Urubo Manzano","SANTA CRUZ","67704098","","","144852020","0001","Suscriptores Generales Facturables","","","EMPRESA",""
"001597","RUTH VIRGINIA MENDIETA DE JIMENEZ","DFD","FDS","SANTA CRUZ","","","","2966712","0001","Suscriptores Generales Facturables","","","PARTICULAR",""
"001598","FREDDY ROMAN AÑEZ PEÑA","","Av. Paragua Calle: 9 Casa#2005 entre 2do","SANTA CRUZ","79464732","","","1596542","0001","Suscriptores Generales Facturables","","","PARTICULAR",""
"001599","GUEDDY PAZ JUSTINIANO","","Barrio Universitario, Calle 2 #51. Radia","SANTA CRUZ","70997363- 3520110","","","3871227","0001","Suscriptores Generales Facturables","","","PARTICULAR",""
"001600","DAVID MONTAÑO JIMENEZ","","Condiminio Santa Cruz 1, piso 11 Dpto 11","SANTA CRUZ","77072896","","","3236800017","0001","Suscriptores Generales Facturables","","","PARTICULAR",""
"001601","ABAD CASTELO","","Av. Ovidio Barberi entre el 2do y 3er an","SANTA CRUZ","72490998","","","3274606","0002","Suscriptores NO Facturables","","","PARTICULAR",""
"001602","HECTOR HERBAS","","Calle Pathiuba #2335, entre Av, Alemana","","72133093","","","3292078","0001","Suscriptores Generales Facturables","","","PARTICULAR",""
"001603","ANTONIETA ESCALERA MERCADO","","ANTONIO VACA DIEZ, ENTRE QUIJARRO Y AROM","SANTA CRUZ","70847996","","","782965012","0001","Suscriptores Generales Facturables","","","PARTICULAR",""
"001604","FELIPE ROCA","","Barrio Los Jardines, Calle Agata #008 en","SANTA CRUZ","70035986","","","1012639029","0001","Suscriptores Generales Facturables","","","PARTICULAR",""
"001606","VULCAN LTDA (MOYA JOEL)","","Jorge Sáenz 1058 entre Haití y Honduras","LA PAZ","70166655","","","335312020","0003","SUSCRIPTORES DE PAGO DE LA PAZ","","","PARTICULAR",""
"001607","PRUEBA 1","","PRUEBA","PRUEBA","","","","0","0003","SUSCRIPTORES DE PAGO DE LA PAZ","","","PARTICULAR",""
"001608","FEDERACION BOLIVIANA DE FUTBOL","","calle 6 Nº 633 Achumani","LA PAZ","2776037","","","1019531024","0003","SUSCRIPTORES DE PAGO DE LA PAZ","","","EMPRESA",""
"001609","ENTEL S.A. (LA PAZ)","","Federico Suazo- Ed. Tower Entel","LA PAZ","2122287-72550276","","","1020703023","0003","SUSCRIPTORES DE PAGO DE LA PAZ","","","ESTATAL",""
"001610","AAPS - AUTORIDAD FISCALIZACION Y CONTROL SOCIAL DE AGUA POTABLE Y SANEAMIENTO BASICO","","Edif. Camara de Comercio piso 16","LA PAZ","2310801","","","165426021","0003","SUSCRIPTORES DE PAGO DE LA PAZ","","","EMPRESA",""
"001612","ORLANDO PIRO BORQUES","Dom. Condominio Jardines del Urubo 1 Cas","Of. Av. Los Cusis #2120 Dpto. #6C, entre","SANTA CRUZ","72130084","","","2236018","0001","Suscriptores Generales Facturables","","","PARTICULAR",""
"001613","BOLSA BOLIVIANA DE VALORES S.A.","","Av. Arce  esq. Rosendo Gutierrez","LA PAZ","","","","1020505029","0003","SUSCRIPTORES DE PAGO DE LA PAZ","","","EMPRESA",""
"001614","MARIA SELFA MENDOZA","","Barrio Braniff calle Villamontes casa #3","SANTA CRUZ","76383365","","","3229127","0001","Suscriptores Generales Facturables","","","PARTICULAR",""
"001615","OSCAR ANTONIO FRANCO VACA","","Calle CBBA #780 Edif. Los Mangales Dpto","SANTA CRUZ","77200070","","","3827748","0001","Suscriptores Generales Facturables","","","PARTICULAR",""
"001616","ARIEL GONZALES CASTRO","","Satelite Norte Urbanización Pentaguazu U","","79876763","","","4706946019","0001","Suscriptores Generales Facturables","","","PARTICULAR",""
"001617","CONSTANTINO WEISE (ILSE DE WEISE)","","Av. Elvira de Mendoza esquina Av. Rene M","SANTA CRUZ","72629333","","","342851019","0001","Suscriptores Generales Facturables","","","PARTICULAR",""
"001618","JENNY MIRTA CHAVEZ DE PANTOJA  (GUSTAVO VILLARROEL)","","Condominio Costa verde Casa # 5 casa bla","SANTA CRUZ","70945502- 3431453","","","5412313012","0001","Suscriptores Generales Facturables","","","PARTICULAR",""
"001619","MINISTERIO DE RELACIONES EXTERIORES - CANCILLERIA","","Calle Ingavi esq. Junin  s/n","LA PAZ","2408397","","","120765020","0003","SUSCRIPTORES DE PAGO DE LA PAZ","","","EMPRESA",""
"001620","RAQUEL FUERTES- LOLA GROUP","","Calle Los Lirios #305 Barrio Sirari, 4to","","77677808/  3444264- 3424701","","","282584022","0001","Suscriptores Generales Facturables","","","PARTICULAR",""
"001621","MARIELA VEGA MORALES (D-GALLIA S.R.L.)","","Av. Paurito, una cuadra antes del Hiperm","SANTA CRUZ","3743153","","","353345026","0001","Suscriptores Generales Facturables","","","PARTICULAR",""
"001622","MUHAMMAD CORNEJO (AGENCIA UNIVERSITAS LA PAZ)","","Agencia La Paz Universitas","LA PAZ","70659154","","","5955550014","0003","SUSCRIPTORES DE PAGO DE LA PAZ","","","PARTICULAR",""
"001623","ALVARO GUTIERREZ (HOUSE INN APART HOTEL)","","Calle Colon #643 entre Calle Lemoine y L","SANTA CRUZ","33391684 - 72150380","","","4800868015","0001","Suscriptores Generales Facturables","","","EMPRESA",""
"001624","ALFREDO GUTIERREZ HOTEL CONTINENTAL PARK","","Hotel Continental Park Av. Cañoto Esquin","SANTA CRUZ","33391684 - 72150380","","","779305012","0001","Suscriptores Generales Facturables","","","EMPRESA",""
"001625","INVERHOTEL S.A. (HOTEL TERRANOVA)","","SANTA CRUZ","SANTA CRUZ","3386000 Int. 469","","","185494022","0001","Suscriptores Generales Facturables","","","EMPRESA",""
"001626","MIXY ANTONIA SUAREZ (JUAN JUSTINIANO VACA)","","SANTA CRUZ","SANTA CRUZ","71027503","","","2819890","0001","Suscriptores Generales Facturables","","","PARTICULAR",""
"001627","AUTORIDAD DE FISCALIZACIÓN DEL JUEGO (AJ)","","Calle Prolongación Campero #155","SANTA CRUZ","70681510","","","181266024","0001","Suscriptores Generales Facturables","","","EMPRESA",""
"001628","CENTRO DE LA CULTURA PLURINACIONAL (CCP SANTA CRUZ)","","Calle René Moreno #369, al frente de la","SANTA CRUZ","3356905","","","1001249025","0001","Suscriptores Generales Facturables","","","EMPRESA",""
"001629","AUTORIDAD DE SUPERVISIÓN DE LA SEGURIDAD SOCIAL DE CORTO PLAZO (ASUSS)","","Ministerio Salud - Plaza Estudiante","LA PAZ","","","","365147028","0003","SUSCRIPTORES DE PAGO DE LA PAZ","","","EMPRESA",""
"001630","BANCO BISA S.A. (SANTA CRUZ)","","AV. MONSEÑOR RIVERO- AGENCIA CENTRAL","SANTA CRUZ","2611192","","","1020149020","0001","Suscriptores Generales Facturables","","","EMPRESA",""
"001631","MINISTERIO DE EDUCACION","","LA PAZ","LA PAZ","","","","1016551022","0003","SUSCRIPTORES DE PAGO DE LA PAZ","","","EMPRESA",""
"001632","CARLOS SALVATIERRA TAPIA","","SOBRE EL 4TO ANILLO, ZONA LA CUCHILLA, B","SANTA CRUZ","76024329","","","8890163018","0001","Suscriptores Generales Facturables","","","PARTICULAR",""
"001633","OGC SRL - SUSANA GAMARRA","","LA PAZ","LA PAZ","","","","212210025","0003","SUSCRIPTORES DE PAGO DE LA PAZ","","","EMPRESA",""
"001634","SAFI UNION","","LA PAZ","LA PAZ","","","","1006963027","0003","SUSCRIPTORES DE PAGO DE LA PAZ","","","EMPRESA",""
"001635","AGENCIA ESTATAL DE VIVIENDA","","Guachalla 411 esq 20 Octubre","LA PAZ","2147891","","","192310023","0003","SUSCRIPTORES DE PAGO DE LA PAZ","","","EMPRESA",""
"001636","INSUMOS BOLIVIA","","LA PAZ","LA PAZ","","","","1016935024","0003","SUSCRIPTORES DE PAGO DE LA PAZ","","","EMPRESA",""
"001637","MOLINO ANDINO S.A.","","zona Calacoto calle 18","LA PAZ","2773777","","","1020387020","0003","SUSCRIPTORES DE PAGO DE LA PAZ","","","EMPRESA",""
"001638","GOBIERNO AUTONOMO MUNICIPAL DE MONTERO","","Calle Bolivar entre Cañoto y Angel Maria","","73108803","","","1012329026","0001","Suscriptores Generales Facturables","","","EMPRESA",""
"001639","SERECI (ORGANO ELECTORAL PLURINACIONAL)","","Barrio 2 de abril, Calle 5 #48 (detrás d","SANTA CRUZ","76017626","","","120803024","0001","Suscriptores Generales Facturables","","","EMPRESA",""
"001640","INTERQUIMICA INDUSTRIAL S.A.  (GABRIELA BARRETO)","","Sexto anillo detrás del parque industria","SANTA CRUZ","79494245","","","192898024","0001","Suscriptores Generales Facturables","","","EMPRESA",""
"001641","BANCO DE CREDITO DE BOLIVIA S.A.","","Av. Hernando Siles esq. calle 10 OBRAJES","LA PAZ","2175000 int. 2227","","","1020435022","0003","SUSCRIPTORES DE PAGO DE LA PAZ","","","EMPRESA",""
"001642","RICARDO SUAREZ SELUM- JUAN PABLO SUAREZ","","Barrio Hamacas, Av. Beni entre 3er y 4to","SANTA CRUZ","76381903","","","4735283016","0001","Suscriptores Generales Facturables","","","PARTICULAR",""
"001643","CARITAS BOLIVIANA","","Casa del Migrante, Tercer anillo interno","SANTA CRUZ","22406206 - 77549140 (701 65676 – 789 88946)","","","121391027","0001","Suscriptores Generales Facturables","","","EMPRESA",""
"001644","BANCO FIE S.A.","","Av 6 Agosto esq Gozalves Nº2652 piso 18","LA PAZ","","","","1020273023","0003","SUSCRIPTORES DE PAGO DE LA PAZ","","","EMPRESA",""
"001645","FONDO NACIONAL DE DESARROLLO REGIONAL","","Pedro Salazar 631 esq.Andres Muñoz","LA PAZ","","","","122061028","0003","SUSCRIPTORES DE PAGO DE LA PAZ","","","EMPRESA",""
"001646","DELEGACION DE LA UNION EUROPEA EN BOLIVIA","","Av.Costanera Nº 500 esq calle 10","LA PAZ","951)(2)782244-int 214","","","99001","0003","SUSCRIPTORES DE PAGO DE LA PAZ","","","EMPRESA",""
"001647","CONSTRUCCIONES RUBAU S.A. - SUCURSAL BOLIVIA","","Av. Arce 2799 Edif. Fortaleza piso 3 of.","LA PAZ","78888684 - 78989551","","","288202028","0003","SUSCRIPTORES DE PAGO DE LA PAZ","","","EMPRESA",""
"001648","VANESSA CANUDAS PARADA (PETROBRAS)","","Edificio Centro Empresarial Equipetrol,","SANTA CRUZ","3664044- 71698064","","","1028173027","0001","Suscriptores Generales Facturables","","","EMPRESA",""
"001649","ASTERIO MENACHO  ROJAS (JUBILADOS DE CRE)","","Av. Noel Kempff  Mercado #3003 esquina 3","SANTA CRUZ","78031455 - 3381024","","","351247026","0001","Suscriptores Generales Facturables","","","EMPRESA",""
"001650","CHK  DATA MEDIA S.R.L.","","Sopocachi Bajo Avenida Kantutani Nro 280","LA PAZ","2420096","","","335644029","0003","SUSCRIPTORES DE PAGO DE LA PAZ","","","EMPRESA",""
"001651","PAURA RODRIGUEZ LEYTON","","C/ Eduardo Avaroa #51","","79890094","","","406114024","0001","Suscriptores Generales Facturables","","","PARTICULAR",""
"001652","LEON PIMENTEL DAVID EDUARDO","","Comercio esq. Socabaya- Edif. Bata","LA PAZ","72205868","","","4620322","0003","SUSCRIPTORES DE PAGO DE LA PAZ","","","PARTICULAR",""
"001653","RODRIGO MORENO PEDRAZAS (EMPRESA SIDECAF)","","Calle El Salvador 46 Barrio Panamericano","SANTA CRUZ","79878481","","","1013313026","0001","Suscriptores Generales Facturables","","","EMPRESA",""
"001654","MARCELO ARGANDOÑA CESPEDES","","Ed Punta del Este C/Libertad 1111","SANTA CRUZ","70405111","","","1144711","0001","Suscriptores Generales Facturables","","","PARTICULAR",""
"001655","FATIMA GARCIA GUEVARA (MARCO MENDUIÑA)","","calle jupiter # 13","SANTA CRUZ"," 70811368, 70811390 / 70811505","","","475859026","0001","Suscriptores Generales Facturables","","","EMPRESA",""
"001656","COMANDO GENERAL DE LA POLICIA BOLIVIANA","","Av. 20 de Octubre esq. Lisimaco Gutierre","LA PAZ","","","","121989025","0003","SUSCRIPTORES DE PAGO DE LA PAZ","","","ESTATAL",""
"001657","ROSALVA ARANDIA PEREZ","","C/Mariano Duran Canelas #213 2do Anillo","","70005000","","","4574415015","0001","Suscriptores Generales Facturables","","","PARTICULAR",""
"001658","CONSULADO GENERAL DE ESPAÑA EN SANTA CRUZ","","Consulado de España en c/Perú, esquina C","SANTA CRUZ","3346540","","","99001","0001","Suscriptores Generales Facturables","","","EMPRESA",""
"001659","RAFAEL GUZMAN ORTIZ (TRADINTER SRL)","","Av Enrique Finott piso 3","SANTA CRUZ","77204708","","","125937028","0001","Suscriptores Generales Facturables","","","PARTICULAR",""
"001660","UNIVERSITAS SRL","","Agencia La Paz","LA PAZ","77236672","","","1002657020","0003","SUSCRIPTORES DE PAGO DE LA PAZ","","","EMPRESA",""
"001661","MARTHA AVILA PARRADO","","Avenida Pauserna No 3 (Canal Cotoca entr","SANTA CRUZ","3640708 y 76070872","","","1027575025","0001","Suscriptores Generales Facturables","","","PARTICULAR",""
"001662","ROLANDO CASTRO","","Monseñor Salvatierra #22","SANTA CRUZ","65070123","","","2928927012","0001","Suscriptores Generales Facturables","","","PARTICULAR",""
"001663","ESTADO MAYOR GENERAL - COMANDO GENERAL DEL EJERCITO- EJERCITO DE BOLIVIA","","Estado Mayor-Miraflores","LA PAZ","69849185","","","147956025","0003","SUSCRIPTORES DE PAGO DE LA PAZ","","","EMPRESA",""
"001664","PLAMAT S.A (LEIDY SANCHEZ)","","km. 10 Avenida a Cotoca Z/ guapilo (a la","SANTA CRUZ","3470008 - 79497526","","","1028603027","0001","Suscriptores Generales Facturables","","","EMPRESA",""
"001665","IMCRUZ (FEDRA ROJAS)","","Av. Cristóbal de Mendoza, 2do anillo, of","SANTA CRUZ","69051183","","","1026469026","0001","Suscriptores Generales Facturables","","","EMPRESA",""
"001666","RAFAEL MUÑOZ HURTADO (CODESA SRL)","","Av. Irala # 421 planta baja (lado izquie","SANTA CRUZ","3396661 - 78444534","","","133023025","0001","Suscriptores Generales Facturables","","","EMPRESA",""
"001667","CLINICA MEDICA MELENDRES SRL","","Av. Grigota N°2450 casi 3er anillo Inter","SANTA CRUZ","78010231","","","136165029","0001","Suscriptores Generales Facturables","","","EMPRESA",""
"001668","NESTLE BOLIVIA S.A.","","PARQUE INDUSTRIAL MZA. 21 B (PORTON ROJO) FABRICA GALLETAS MABELS","SANTA CRUZ","71312794","","","1020293026","0001","Suscriptores Generales Facturables","","","EMPRESA",""
"001669","DANIEL RIBERA JUSTINIANO (EMPRESA DRJ CONSTRUCCIONES)","","Barrio cordecruz Calle 5 este casa 76, e","SANTA CRUZ","3465707 - 76002808","","","5378469013","0001","Suscriptores Generales Facturables","","","EMPRESA",""
"001670","(MONOPOL LTDA) RITA CARMEN DOLORES FALKENSTEIN DE REZNICEK","","Urbanización Colinas del Urubó, Sector 1","SANTA CRUZ","78888300","","","130692","0001","Suscriptores Generales Facturables","","","PARTICULAR",""
"001671","SEARPI (SANTA CRUZ)","","4to anillo entre avenida 2 de agosto y A","SANTA CRUZ","60843138","","","1025981029","0001","Suscriptores Generales Facturables","","","EMPRESA",""
"001672","DIREMAR - DIREC ESTRATEG REINVINDIC MARITIMA","","DIREMAR - Direc Estrateg Reinvindic Mari","LA PAZ","","","","182886027","0003","SUSCRIPTORES DE PAGO DE LA PAZ","","","EMPRESA",""
"001673","LORGIO RODRIGUEZ MOLINA (FEDERACIÓN UNIVERSITARIA DE PROFESORES)","","2do anillo av busch, (al lado de la unif","SANTA CRUZ","78091901","","","1028037020","0001","Suscriptores Generales Facturables","","","EMPRESA",""
"001674","CAROLINA RODRÍGUEZ (PRICEWATERHOUSECOOPERS S.R.L.)","","Barrio Equipetrol calle i, esquina Viado","SANTA CRUZ","3444311- 77161622","","","1020379024","0001","Suscriptores Generales Facturables","","","EMPRESA",""
"001675","ALVARO ORTIZ","","SC","","71620900","","",".","0002","Suscriptores NO Facturables","","","DIGITAL",""
"001676","MIGUEL VALDEZ","","2626 26","Jaramillo","78053566","","26",".","0001","Suscriptores Generales Facturables","","","DIGITAL",""
"001677","MICROAGRO SRL","","4to Anillo Banzer lado a barrio norte, l","SANTA CRUZ","3422929- 77600150","","","1027587021","0001","Suscriptores Generales Facturables","","","EMPRESA",""
"001678","HECTOR VICENTE CACERES GONZALES (EMPRESA SINERGIA)","","AV. NOEL KEMPFF MERCADO, ENTRE AV. CENTE","SANTA CRUZ","3-3200005  Cel: 77383087","","","6254414013","0001","Suscriptores Generales Facturables","","","EMPRESA",""
"001679","EMBAJADA DE ALEMANIA","","Av. Arce esq. Belisario Salinas","LA PAZ","2440066","","","99001","0003","SUSCRIPTORES DE PAGO DE LA PAZ","",".","EMPRESA",""
"001680","MARTHA CELINA ROCA ECHAZU (CONTACTO PAULA CESPEDES)","","Barrio Equipetrol calle F esq. Victor Pi","SANTA CRUZ","76020694","","","135007027","0001","Suscriptores Generales Facturables","","","PARTICULAR",""
"001681","A&E IMPORT EXPORT","","Radial 17 y medio, entre 5to y 6to Anill","SANTA CRUZ","3543449- 77355411","","","5010750017","0001","Suscriptores Generales Facturables","","","EMPRESA",""
"001682","BARBERIA SOLO EL","","Avenida Noel Kempff Mercado # 22, 3er an","SANTA CRUZ","753-29297","","","1012261029","0001","Suscriptores Generales Facturables","","","EMPRESA",""
"001683","GROVER CLAUDIO NINA APAZA (SUSCRIPCIÓN DIGITAL- EPAPER)","","LA PAZ SUSCRIPCIÓN DIGITAL","LA PAZ","73003243","","","2281839","0005","SUSCRIPTORES DIGITALES","","","PARTICULAR",""
"001684","Y.P.F.B.","","Av. 16 de Julio esq. Reyes Ortiz","LA PAZ","77774750","","","1020269020","0003","SUSCRIPTORES DE PAGO DE LA PAZ","","","EMPRESA",""
"001685","MARCELO APONTE RIBERA","","Av. El Trompillo 573, edif. Hiller 1er p","SANTA CRUZ","70836045","","","4703162","0001","Suscriptores Generales Facturables","","","PARTICULAR",""
"001686","EMPRESA CONSTRUCTORA CASTILLO SRL","","Av. Mutualista Nº2515, 3er anillo intern","SANTA CRUZ","3471959- 79026579","","","1025059021","0001","Suscriptores Generales Facturables","","","EMPRESA",""
"001687","MATIAS HONNEN MIYADA","","Av. El Trompillo 573, edificio Hiller","SANTA CRUZ","70818428","","","2968450","0001","Suscriptores Generales Facturables","","","PARTICULAR",""
"001688","COOPERATIVA DE AHORRO Y CREDITO ABIERTA FATIMA RL. (COOPERATIVA FATIMA)","","Calle Obispo Peña No.63 (Zona segundo an","SANTA CRUZ","69078819- Anibal Cruz- Jefe Dpto Finanzas","","","1028775025","0001","Suscriptores Generales Facturables","","","EMPRESA",""
"001689","ASOSUR (CONTACTO MARÍA EDID SARAVIA)","","Torre Cainco calle La Paz","SANTA CRUZ","3369115- 75688275","","","1013987029","0001","Suscriptores Generales Facturables","","","EMPRESA",""
"001690","CARLOS HUGO SOSA ARREAZA - MARÍA LOURDES ARANO PEREDO","","Barrio Urbari, Caripui 77","SANTA CRUZ","76004830","","","3926311","0001","Suscriptores Generales Facturables","","","PARTICULAR",""
"001691","CONFERENCIA EPISCOPAL BOLIVIANA","","LA PAZ","LA PAZ","Lic. Roberto Justo Uriarte Gonzalez","","","1001273022","0003","SUSCRIPTORES DE PAGO DE LA PAZ","","","EMPRESA",""
"001692","ASOBAN (SANTA CRUZ)","","calle René Moreno Edificio del BNB piso","SANTA CRUZ","336-4890/Cel.: 68905590","","","1006935029","0001","Suscriptores Generales Facturables","","","EMPRESA",""
"001697","CARLOS LORGIO CASTEDO CASTEDO","","Suscripción digital","","78001992","","","1474411013","0005","SUSCRIPTORES DIGITALES","","","PARTICULAR",""
"001698","BANCO DE CRÉDITO DE BOLIVIA SA (SANTA CRUZ)","","Central: CALLE 24 DE SEPTIEMBRE #158","SANTA CRUZ","3175311 CEL.72167786 (Contacto: 78006899)","","","1020435022","0001","Suscriptores Generales Facturables","","","EMPRESA",""
"001699","KARINE PONCE","","URBANIZACIÓN CIUDAD JARDÍN, AVENIDA LAS","SANTA CRUZ","67088685 (Contacto hija)76202575- 33441437","","","2477870017","0001","Suscriptores Generales Facturables","","","PARTICULAR",""
"001700","ASAMBLEA DEPARTAMENTAL DE SANTA CRUZ","","Av. Omar Chávez Ortiz, Bloque B, tercer piso Asamblea Legislativa Departamental Santa Cruz","SANTA CRUZ","75064200","","","176634026","0001","Suscriptores Generales Facturables","","","EMPRESA",""
"001701","FERNANDO OLGUIN TRUJILLO- MOLARIABOLIVIA SRL","","Av la salle entre tercer y segundo anill","SANTA CRUZ","69236936","","","405319027","0001","Suscriptores Generales Facturables","","","PARTICULAR",""
"001702","PROGRAMA DE LAS NACIONES UNIDAS PARA EL DESARROLLO","","Ed.Los Nardos #444 Piso 5","LA PAZ","71507759","","","99001","0003","SUSCRIPTORES DE PAGO DE LA PAZ","","","EMPRESA",""
"001703","BM OUTSOURCING SRL","","Calle Cbba y esquina General Saavedra, T","SANTA CRUZ","3-122645 - 77700666- 76210044 (Contacto de pago)","","","159168020","0001","Suscriptores Generales Facturables","","","EMPRESA",""
"001704","CLAUDIA ALEJANDRA BARRIOS PEREZ","","Radial 17 1/2 5to anillo, Barrio Jardin","SANTA CRUZ","77355411","","","3031753","0001","Suscriptores Generales Facturables","","","PARTICULAR",""
"001705","Miguel Valdez","","av fatima 368 368","santa cruz de la sierra","78053566","5/12/2026","","7671060010","0005","SUSCRIPTORES DIGITALES","","","DIGITAL",""
"001706","DIEGO AMELUNGE (SALTEÑERIA SANTEÑA)","","Avenida Beni del 4to hacia el 3er anillo","","78183095","","","383095025","0001","Suscriptores Generales Facturables","","","EMPRESA",""
"001707","NICOLE BISBAL BRITO","","Calle Nicolas Ortiz, edificio el conquit","SANTA CRUZ","77250860","","","4335901","0001","Suscriptores Generales Facturables","","","PARTICULAR",""
"001708","MARIA LOURDES MENDIETA ARREDONDO","","Carretera a Cotoca entrando a la derecha","SANTA CRUZ","70807613","","","3261259","0001","Suscriptores Generales Facturables","","","PARTICULAR",""
"001709","JHONNY CORONADO GONZALES","","8vo anillo, por el nuevo mercado del pla","SANTA CRUZ","71033130","","","1062904","0001","Suscriptores Generales Facturables","","","PARTICULAR",""
"001710","VICEPRESIDENCIA DEL ESTADO PLURINACIONAL","","Vicepresidencia del Estado","LA PAZ",".","","","1019113027","0003","SUSCRIPTORES DE PAGO DE LA PAZ","",".","ESTATAL",""
"001711","DAVID MOLLINEDO MACHICADO","","Zona Club hipico, radial 16, avenida Fat","SANTA CRUZ","17038641471 (Whatsapp internacional)","","","1735777013","0001","Suscriptores Generales Facturables","","","PARTICULAR",""
"001712","JORGE CABRERA SANGUINO","","Parque Industrial, Helados Cabrera","","76002288// 3482222","","","1503045019","0001","Suscriptores Generales Facturables","","","PARTICULAR",""
"001713","MARIA VIRGINIA CALLE MORALES","","Calle 17 de Agosto  Nro. 2110 Zona Petro","SANTA CRUZ","3464800- 77333375","","","4606818019","0001","Suscriptores Generales Facturables","","","PARTICULAR",""
"001714","MARIA CECILIA LINARES LOPEZ","","Condominio Vista Verde, bloque 5 402","SANTA CRUZ","71160833","","","1034503","0001","Suscriptores Generales Facturables","","","PARTICULAR",""
"001715","FISCALIA DEPARTAMENTAL DE SANTA CRUZ","","Avenida Monseñor Rivero No. 400 esquina","SANTA CRUZ","70866334","","","1000399023","0001","Suscriptores Generales Facturables","","","ESTATAL",""
"001716","FERNANDO TARABILLO","","Beni 170","Santa Cruz","3324131","","","1573042","0005","SUSCRIPTORES DIGITALES","","","DIGITAL",""
"001717","VIVIANA VACA DÍEZ KEMPFF","","Avenida Marcelo Terceros (Tercer anillo","SANTA CRUZ","73188969","","","1516227013","0001","Suscriptores Generales Facturables","","","PARTICULAR",""
"001718","YADIRA PATRONI HURTADO","","Av Alemana entre 5to y 6to anillo calle","","72161334","","","3866922","0001","Suscriptores Generales Facturables","","","PARTICULAR",""
"001719","MARIA LUISA PATIÑO ZUAZO","","Calle Valencia #4, Barrio Las Palmas","SANTA CRUZ","76668765","","","212806","0001","Suscriptores Generales Facturables","","","PARTICULAR",""
"001720","MARIELA AÑEZ","","Condominio Cañada zona urubo","","72027772","","","192428024","0001","Suscriptores Generales Facturables","","","PARTICULAR",""
"001721","PABLO GONZALEZ","","Cond Los Jardines casa 18 Remanzo II 8vo anillo norte","Ibañez","72111001","","","4276747015","0001","Suscriptores Generales Facturables","","","PARTICULAR",""
"001722","JESSICA DE NWEZE","","Macombe Macossa #57","Maputo","863339304","5/18/2026","1100","6224868","0005","SUSCRIPTORES DIGITALES","","","DIGITAL",""
"001723","JORGE MAURICIO JUSTINIANO HELBINGEN","","Av. Banzer KM 8.5 Condiminio Almeria Sumuque 77","Santa cruz de la sierra","76696315","","10260","6359707","0005","SUSCRIPTORES DIGITALES","","","DIGITAL",""
"001724","SHIRLEY IVONNE SAUCEDO YABETA (CASA COLOR SRL.)","","Zona: Barrio Santa Rosita Av. Roque Aguilera n°27 (3° anillo interno frente al comercial indana)","SANTA CRUZ","70844733 - 3520076","","","1028709021","0001","Suscriptores Generales Facturables","","","EMPRESA",""
"001725","FATIMA VARGAS","","Av. San Martín de Porres Calle Junín, casi esquina tocopilla Número 5705. Portón negro, barda café.","SANTA CRUZ","72155619","","","8134801","0001","Suscriptores Generales Facturables","","","PARTICULAR",""
"001726","Carlos Krutzfeldt","","La rioja 30","Santa Cruz","76356751","5/18/2026","","3243010","0005","SUSCRIPTORES DIGITALES","","","DIGITAL",""
"001727","CARLOS ENRIQUE CAMACHO MORENO","","Av. Escuadron Velasco #3930 a una cuadra del 4to anillo, casa reja negra barda mostaza","","67831407","","","4609163","0001","Suscriptores Generales Facturables","","","PARTICULAR",""
"001728","ANA MARIA GONZALEZ","","Condominio Vitorno 2 casa 2","SANTA CRUZ","74667470","","","16224","0001","Suscriptores Generales Facturables","","","PARTICULAR",""
"001729","RODRIGO MARQUEZ","","Rio Sierra 4","Urubo","7779077","","","3329066","0005","SUSCRIPTORES DIGITALES","","","DIGITAL",""
"001730","LORENA KEMPFF","","Suárez de Figueroa 165","Santa Cruz de la Sierra","59170400217","5/18/2026","","1516227","0005","SUSCRIPTORES DIGITALES","","","DIGITAL",""
"001731","Gabriela Salama","","9 oeste 123 2 42","Santa Cruz","78146348","5/18/2026","0591","3151762","0005","SUSCRIPTORES DIGITALES","","","DIGITAL",""
"001733","MARIA VICTORIA ZAMORA","","Condominio uno, av trinidad esquina C. Orton dpto 5E","SANTA CRUZ","72085408","","","10765956","0001","Suscriptores Generales Facturables","","","PARTICULAR",""
"001734","CARLOS JALIL","","Pablo Busch 305","Santa Cruz de la Sierra","76840071","","","3293152","0005","SUSCRIPTORES DIGITALES","","","DIGITAL",""
"001735","Carlos Diaz","","Ovidio Barbery NA","Santa Cruz de la Sierra","59176002380","5/18/2026","","1986550","0005","SUSCRIPTORES DIGITALES","","","DIGITAL",""
"001736","CARLOS ALBERTO DABDOUB","","Condominio Costa Dorada 01","Santa Cruz de la Sierra","78000779","5/18/2026","591","3842951","0005","SUSCRIPTORES DIGITALES","","","DIGITAL",""
"001737","LINCOLN QUEVEDO","","Tte Oswaldo Parada 1400","Santa Cruz de la Sierra","71647900","","4749","1573005","0005","SUSCRIPTORES DIGITALES","","","DIGITAL",""
"001738","ROBERTO CADARIO","","La Hacienda 1 19","Santa Cruz","78005738","","","1984291","0005","SUSCRIPTORES DIGITALES","","","DIGITAL",""
"001739","JOPERL SRL","","las begonias 40","sirari","77644736","","0000","357745028","0005","SUSCRIPTORES DIGITALES","","","DIGITAL",""
"001740","FERNANDO ANTELO","","J 201 1 1","Santa Cruz","79850292","","07026","99001","0005","SUSCRIPTORES DIGITALES","","","DIGITAL",""
"001741","Horacio dArruda","","Pilcomayo 222","Santa Cruz de la Sierra","77395200","5/18/2026","","4308392","0005","SUSCRIPTORES DIGITALES","","","DIGITAL",""
"001742","ROSA MARIA SUAREZ ROJAS","","Av pirai 3","Santa cruz","77015500","","","3261766","0005","SUSCRIPTORES DIGITALES","","","DIGITAL",""
"001743","MATIAS HONNEN","","Av el Trompillo 573","Santa Cruz","33522520","5/18/2026","","99001","0005","SUSCRIPTORES DIGITALES","","","DIGITAL",""
"001744","RAFAEL HAENSCH","","Doble Via La Guardia km12, Av. a Porongo 12","La Guardia","75098861","","","65337","0005","SUSCRIPTORES DIGITALES","","","DIGITAL",""
"001745","Juan Pablo Martinez","","Urbanización Terranova 51","Santa Cruz","76374474","6/2/2026","","2458722","0005","SUSCRIPTORES DIGITALES","","0","DIGITAL",""
"001746","VANESSA BERNAR","","Sn 44","Remanso 3 Condominio Pamphilli","77037760","","","341038023","0005","SUSCRIPTORES DIGITALES","","","DIGITAL",""
"001747","rodolfo onishi Moron","","Higashino cho nishi 3 5 1 4 to 501","Kasugai Shi","8108072262790","5/18/2026","486 0818","3215241","0005","SUSCRIPTORES DIGITALES","","","DIGITAL",""
"001748","RICHARD LAPPER","","350 The Highway 350","London","07525120829","","E1W 3HU","99001","0005","SUSCRIPTORES DIGITALES","","","DIGITAL",""
"001749","Javier Ortiz","","Via Marzala 42 2 220","Roma","393358488493","6/2/2026","00185","3269904","0005","SUSCRIPTORES DIGITALES","",".","DIGITAL",""
"001750","Juan Otero","","Los Faunos 115  101","Santa Maria del Mar","51996570153","6/2/2026","00000","06293602","0005","SUSCRIPTORES DIGITALES","",".","DIGITAL",""
"001751","IMBER FRANZ FLORES MONTES","","Avenue du Lignon 22 10","Le Lignon","41796804781","","1219","12345678","0005","SUSCRIPTORES DIGITALES","","","DIGITAL",""
"001752","Brando Saavedra","","N/A N/A N/a N/a","Santa Cruz","77826628","6/2/2026","N/a","7732558","0005","SUSCRIPTORES DIGITALES","",".","DIGITAL",""
"001753","JULIO ROLY","","Libertad 0000","San Ignacio de Velasco","72663865","","0000000","3927964","0005","SUSCRIPTORES DIGITALES","","","DIGITAL",""
"001754","TECDESA BOLIVIA SRL","","Monseñor Costas 150","Santa Cruz de la Sierra","78526921","6/2/2026","","284618024","0005","SUSCRIPTORES DIGITALES","",".","DIGITAL",""
"001755","GUSTAVO JAVIER CANEDO MEDEIROS","","Homem de Melo 55 5 503","Rio de Janeiro","5521999977735","","20510180","1988106067","0005","SUSCRIPTORES DIGITALES","","","DIGITAL",""
"001756","ALEXIS ARIAS","","Cond La Hacienda 3","Santa Cruz","75050403","","","3914595","0005","SUSCRIPTORES DIGITALES","","","DIGITAL",""
"001757","Juan Rivero","","Calle Bermejo 2555","Santa Cruz de la Sierra","71625590","5/18/2026","","2974766","0005","SUSCRIPTORES DIGITALES","","","DIGITAL",""
"001758","Roberto Estupiñán","","Patujú Esquina Andaluz s/n 2 102","Santa Cruz de la Sierra","67700003","6/2/2026","","5387037","0005","SUSCRIPTORES DIGITALES","",".","DIGITAL",""
"001759","Cecilia Vidal","","Av Santa Martin 115","Santa Cruz","76086003","6/2/2026","","2836662","0005","SUSCRIPTORES DIGITALES","",".","DIGITAL",""
"001760","CARMEN ROSA MAKI YASUDA DESCARPONTRIEZ","","av banzer 4to y 5yo anillo condominio cozumel bloque 3 dpto pb 4","SANTA CRUZ","71018031","","","3242468","0001","Suscriptores Generales Facturables","","","PARTICULAR",""
"001761","Christian Flores","","Av pirai 206","Santa Cruz","79878484","6/2/2026","","3211871","0005","SUSCRIPTORES DIGITALES","",".","DIGITAL",""
"001762","ANNA INFANTAS","","Ñuflo de Chavez 617","Santa Cruz de la Sierra","75002092","","","3909078015","0005","SUSCRIPTORES DIGITALES","","","DIGITAL",""
"001763","Federico Rea","","C 29","Santa Cruz","75010779","6/2/2026","","3260371","0005","SUSCRIPTORES DIGITALES","",".","DIGITAL",""
"001764","PRICEWATERHOUSECOOPERS SRL","","Equipetrol calle i S/n 1","Santa Cruz de la sierra","77161622","9/18/2026","9999","1020379024","0005","SUSCRIPTORES DIGITALES","","","DIGITAL",""
"001765","ADELITA ORTUNO","","Englschalkinger Str. 154A","Munich","08999275134","6/2/2026","","99001","0005","SUSCRIPTORES DIGITALES","",".","DIGITAL",""
"001766","Gaby Rivero","","Tarope 4","Urbanización la hacienda 2","59176331004","6/2/2026","0000","2923827","0005","SUSCRIPTORES DIGITALES","",".","DIGITAL",""
"001767","Marco Antonio Cabrera Rivea","","Prolongacion 27 de Febrero 40","Villahermosa","5219935612662","6/2/2026","","3276969","0005","SUSCRIPTORES DIGITALES","",".","DIGITAL",""
"001768","DENNYS BARJA CARBALLO","","B/Universitario Norte Calle A # 9 bardita Rosada portoncito Negro","SANTA CRUZ","77691705","","","3483176","0001","Suscriptores Generales Facturables","","","PARTICULAR",""
"001769","WILLIANS SEJAS","","antonio rios 2540","iquique","932435284","","","3246124","0005","SUSCRIPTORES DIGITALES","","","DIGITAL",""
"001770","Gabriela Guzman","","17 121","Santa Cruz de la Sierra","67832569","6/2/2026","000","7672942","0005","SUSCRIPTORES DIGITALES","",".","DIGITAL",""
"001771","CARLOS ENRIQUE ROBLES PANIAGUA- EMPRESA KORBAN","","Av. San Martín, edificio Ambassador entre 2do y 3er anillo, piso 25 empresa Korban","SANTA CRUZ","75676726","","","280022021","0001","Suscriptores Generales Facturables","","","EMPRESA",""
"001772","Alvaro Mamani","","David terrazas S/n 1 3","Santa Cruz de la Sierra","72611352","","0000","4643590011","0005","SUSCRIPTORES DIGITALES","",".","DIGITAL",""
"001773","DAVID ALEJANDRO ARANCIO ROCA","","Carretera a Cotoca km 6 pasando la UNE sobre la carretera condominio Santa Bárbara calle central cas","SANTA CRUZ","76303601","","","5350077","0001","Suscriptores Generales Facturables","","","PARTICULAR",""
"001774","CARLOS SUAREZ","","Arce 17o2 17 1702","la paz","73077747","6/2/2026","","99001","0005","SUSCRIPTORES DIGITALES","",".","DIGITAL",""
"001775","FRANZ SCHMITT","","CHIHUAHUA N/81","CUATRO CAÑADAS","77834588","6/2/2026","3391","4619286","0005","SUSCRIPTORES DIGITALES","",".","DIGITAL",""
"001776","OSMAN RAMIREZ","","Numero 1 9","Santa Cruz","77085699","","","1088563","0005","SUSCRIPTORES DIGITALES","","","DIGITAL",""
"001777","JORGE YOVOVICH","","Azcuenaga 830","Carmen De Areco","005492273433967","5/27/2026","6725","17607997","0005","SUSCRIPTORES DIGITALES","","","DIGITAL",""
"001778","PAUL BERFERT","","Calle ballivian 772","Santa cruz","73504452","","","44872290","0005","SUSCRIPTORES DIGITALES","","","DIGITAL",""
"001779","P. ALESSANDRO MANENTI - PARROQUIA NUESTRA SEÑORA DE FÁTIMA","","2do anillo y Av. Grigota. Parroquia Ntra Sra de Fatima.","SANTA CRUZ","75596251- 354-2095","","","169968022","0001","Suscriptores Generales Facturables","",".","EMPRESA",""
"001780","CBA","","CALLE SUCRE N# 346, (entre calle Cochabamba y calle Potosí, puerta de blindex)","SANTA CRUZ",".- 3342299 Interno 1055  - 73655233","","","1028477021","0001","Suscriptores Generales Facturables","",".","EMPRESA",""
"001781","PABLO ANTELO","","Lazaro Cardenas 2435","Guadalajara","523317646379","5/27/2026","44440","4702000","0005","SUSCRIPTORES DIGITALES","","","DIGITAL",""
"001782","ALINE SERRANO","","5 oeste 8","santa cruz","59171094697","5/27/2026","","3890135","0005","SUSCRIPTORES DIGITALES","","","DIGITAL",""
"001783","SCHLUMBERGER SURENCO S.A.  (DAVID CABALLERO)","","KM 6 1/2 DOBLE VIA A LA GUARDIA","SANTA CRUZ","72122279 Carmen Luz Paz","","","1028411027","0001","Suscriptores Generales Facturables","",".","EMPRESA",""
"001784","ANGELA SAAVEDRA FRANCO","","Av. Argamosa #l83, entre arenales y Charcas. Acera Este","","77397861","","","1492074011","0001","Suscriptores Generales Facturables","",".","PARTICULAR","090329"
"001785","Miguel Valdez","","av fatima 368","santa cruz","78053566","5/27/2026","","6239607","0005","SUSCRIPTORES DIGITALES","","","DIGITAL",""
"001786","JAVIER RAMIRO VELÁSQUEZ RAMÍREZ","","Remberto Prado 3","Sucre","71820825","","","1368543","0005","SUSCRIPTORES DIGITALES","","","DIGITAL",""
"001787","MARIA RUTH ARAMAYO CUELLAR","","Urb Toborochi c/tajibo #8 rejas blancas con lanzas naranjas, barda de ladrillo visto, un pino sobre","SANTA CRUZ","77356073/77881181","","","3912811","0001","Suscriptores Generales Facturables","","","PARTICULAR",""
"001788","UNIVERSIDAD MAYOR DE SAN ANDRES (BIBLIOTECA)","","Av Villazon Ed Monoblock","LA PAZ","72543431","","","1020071028","0003","SUSCRIPTORES DE PAGO DE LA PAZ","",".","EMPRESA",""
"001789","MAURICIO SARAVIA- AGENCIA EL DEBER LA PAZ","","Agencia La Paz","LA PAZ","","","","4333385019","0003","SUSCRIPTORES DE PAGO DE LA PAZ","","","PARTICULAR",""
"001790","GERMAN CALLAU","","Elvira de mendoza 275 3","santacruz","72118989","5/27/2026","3130000","1469630","0005","SUSCRIPTORES DIGITALES","","","DIGITAL",""
"001791","Gary Joaquín Pereira aguilera","","Jardines del norte lll 23","Av banzer 8vo anillo","77397733","5/27/2026","","2925688","0005","SUSCRIPTORES DIGITALES","","","DIGITAL",""
"001792","LEANDRO ENRIQUE VENTICOLA","","Las Lengas 16 1","Salta","03874156756","5/27/2026","","36803927","0005","SUSCRIPTORES DIGITALES","","","DIGITAL",""
"001793","SEBASTIAN LANDIVAR","","nicolas ortiz 200","santa cruz","69111226","","","6283418012","0005","SUSCRIPTORES DIGITALES","","","DIGITAL",""
"001794","LEANDRO ENRIQUE VENTICOLA","","Las lengas 16 1 1","Salta","3874156756","","4400","36803927","0005","SUSCRIPTORES DIGITALES","","","DIGITAL",""
"001795","Pablo Alba","","Jose Otero 30","Santa Cruz","59177010050","5/27/2026","","4594336","0005","SUSCRIPTORES DIGITALES","","","DIGITAL",""
"001796","DEMETRIO SORUCO ANTELO","","Calle Libertad # 674","SANTA CRUZ","773 65959","","","1453696","0001","Suscriptores Generales Facturables","","","PARTICULAR",""
"001797","ENRIQUE GUTIERREZ","","Las americas 16","Santa cruz","71087026","","","4326832","0005","SUSCRIPTORES DIGITALES","","","DIGITAL",""
"001798","CARLOS NAVA","","Los Rosales Calle 7 No 7 Achumani","LA PAZ","73004966","","","3390915","0003","SUSCRIPTORES DE PAGO DE LA PAZ","","","PARTICULAR",""
"001799","CENETROP SANTA CRUZ","","Oficinas de la Dirección General Ejecutiva del Centro Nacional de Enfermedades Tropicales, ubicado e","SANTA CRUZ","72102906","","","178676026","0001","Suscriptores Generales Facturables","","","EMPRESA",""
"001800","SUSANA CISNEROS ARZA- ECOHABITAT SERVICIOS INTEGRALES SRL","","Condominio Munich casa 50, detrás del club blooming prolongación Beni","SANTA CRUZ","70653841","","","361151024","0001","Suscriptores Generales Facturables","","","PARTICULAR",""
"001801","LISETH ESTHEFANI PARADA YAVI","","Av. Perímetros, calle Esteban Rosas, en la esquina, casa color café, portón café","SANTA CRUZ","75302966","","","6207019","0001","Suscriptores Generales Facturables","","","PARTICULAR",""
"001802","INFOARCH SRL","","Roca y coronado casi 4to anillo S/N","SANTA CRUZ","70247754","","","159388028","0001","Suscriptores Generales Facturables","","","EMPRESA",""
"001803","COLEGIO SAN AGUSTIN","","3er anillo interno externo entre zoologico y canal izuto","SANTA CRUZ","77310797","","","315071012","0001","Suscriptores Generales Facturables","","","EMPRESA",""
"001804","HELMUT LAINUS QUISBERT PAIVA","","Av Cristóbal de Mendoza casi Av Paragua S/N","SANTA CRUZ","67585851","","","383806021","0001","Suscriptores Generales Facturables","","","PARTICULAR",""
"001805","MONTENEGRO PIRES","","Calle 21 de calacoto Edificio Paraiso","LA PAZ","77517180","","","6387","0003","SUSCRIPTORES DE PAGO DE LA PAZ","","","PARTICULAR",""
"001806","ALEJANDRO AGUILAR CABALLERO","","SEGUNDO ANILLO ALEMANA EDIFICIO TORRES AVENTURA, OFICINA #31, AL FRENTE DE LA CONTRALORIA O A LADO D","SANTA CRUZ","71028079","","","411119020","0001","Suscriptores Generales Facturables","","","PARTICULAR",""
"001807","VICTORIA VITTY ARANO DE RODRIGUEZ","","Calle Santa Fe # 51 (entre Av. Monseñor Rivero y Libertad)","SANTA CRUZ","78003457","","","1483000013","0001","Suscriptores Generales Facturables","","","PARTICULAR",""
"001808","CARLOS DEL RIO","","Avenida Alemania 2115 3 A","Santa Cruz","59169050686","","00000","11253437","0005","SUSCRIPTORES DIGITALES","","","DIGITAL",""
"001809","DONAIRE VALENCIA JOHANY","","C Fernando Guachalla 454 Ed Los Andes","","78757556","","","3442077","0003","SUSCRIPTORES DE PAGO DE LA PAZ","","","PARTICULAR",""
"001810","OSWALDO ULLOA PEÑA","","Prolongación Beni, Condominio Arete Departamento 5B","SANTA CRUZ","71011464","","","1510153","0001","Suscriptores Generales Facturables","","","PARTICULAR",""
"001811","CONSULADO GENERAL DE CHILE SANTA CRUZ","","Av. René Moreno #551, piso 2, media cuadra del segundo anillo, costado Megacenter. CONSULADO DE CHIL","SANTA CRUZ","69157428","","","99001","0001","Suscriptores Generales Facturables","",".","EMPRESA",""
"001812","RANSA OPERADOR LOGISTICO BOLIVIA S.A.","parque industrial","Av. Beni entre 4to y 5to anillo torre Rubi piso 7 oficina 701","","Yadira Gutierrez - 77652547","","","1030569027","0001","Suscriptores Generales Facturables","","","EMPRESA",""
"001813","FREDDY LOPEZ","","7 54","Barrio los Olivos","71031304","","0000","3907024","0005","SUSCRIPTORES DIGITALES","","","DIGITAL",""
"001814","BISA LEASING S.A.","","Av. San Martín Calle 7 Este (Córdoba) N 7B","SANTA CRUZ","76343049","","","1007051029","0001","Suscriptores Generales Facturables","","","EMPRESA",""
"001815","NELSON CALDERA RAMOS","","AV/ BENI ENTRE SEGUNDO Y TERCER ANILLO, CONDOMINIO CASA GRANDE OFICINA #102","","69000006- 72197498","","","4739055019","0001","Suscriptores Generales Facturables","","","PARTICULAR",""
"001816","GUILLERMO ESTRADA","","Kalmia St 6505","Fairfax County","7038614750","","22150","3235382","0005","SUSCRIPTORES DIGITALES","","","DIGITAL",""
"001817","CAMARA NACIONAL DE INDUSTRIA","","Calacoto Calle 9 Edificio Camara Nacional de Industrias","","2776321","","","1019329025","0001","Suscriptores Generales Facturables","","","EMPRESA",""
"001818","LUIS FERNANDO GUARDIA  SANCHEZ","","Radial 26 al norte entre 5 y 6 anillo condominio el Carmen casa familia Guardia","","77039387","","","470237","0001","Suscriptores Generales Facturables","","","PARTICULAR",""
"001819","NAPOLEON ALBERTI SAUCEDO","","AV.15 de agosto casi 4to anillo z/guaracachi,casa nro 1 lado sala motors","","77062510","","","229440028","0001","Suscriptores Generales Facturables","","","PARTICULAR",""
"001820","INTERNATIONAL INSURANCE BROKERS S.R.L.","","BARRIO SIRARI C/ LOS CLAVELES, EDIFICIO ALMOORA PISO Q OF. 1 A","","69023293","","","1001587023","0001","Suscriptores Generales Facturables","","","EMPRESA",""
"001821","Ezequiel Chavez Mercado","","Manuel guemes 4 9 9A","Santa cruz","72137561","5/27/2026","00000","6252255","0005","SUSCRIPTORES DIGITALES","","","DIGITAL",""
"001822","MARTA TERCEROS","","7 oeste 27","Santa Cruz equipetrol","77380002","","","1521293","0005","SUSCRIPTORES DIGITALES","","","DIGITAL",""
"001823","Marcela Baker","","41st Ave. 2912","Gainesville","3523286801","","32606","666728976","0005","SUSCRIPTORES DIGITALES","","","DIGITAL",""
"001824","JAIME BARRENECHEA","","Masavi 6","Santa cruz","71312810","5/12/2026","","1655155","0005","SUSCRIPTORES DIGITALES","","","DIGITAL",""
"001825","EJTI STIH","","Calle san diego 222","Santa cruz","76007704","","","3232422","0005","SUSCRIPTORES DIGITALES","","","DIGITAL",""
"001826","MIGUEL ORTIZ","","F 205","Santa Cruz","61333882","","","3166059","0005","SUSCRIPTORES DIGITALES","","","DIGITAL",""
"001827","ANA LIA MANSILLA","","Condominio Le Parc Casa N.- 18, Barrio 2 de abril atrás del Mall Ventura","","77371554","","","4616856","0001","Suscriptores Generales Facturables","","","DIGITAL",""
"001828","ELDA INVERSIONES SRL","","SANTA CRUZ","","","","","186690025","0001","Suscriptores Generales Facturables","","","DIGITAL",""
"001829","MARIA JESSICA CONTRERAS FIORENZA","","Calle Francisco Cuellar / Jose Mendez N.- 3500 ( Barrio La Belgica)","","","","","6201330","0001","Suscriptores Generales Facturables","","","DIGITAL",""
"001830","JUAN PABLO SALINAS SALEK","","35 w 96 street 35  4f","manhattan","9174028986","","10025","6280655","0005","SUSCRIPTORES DIGITALES","","","DIGITAL",""
"001831","LUIS DURÁN","","Enrique finot 20 4 4","Santa cruz","77071450","","000000","3356694","0005","SUSCRIPTORES DIGITALES","","","DIGITAL",""
"001832","BENANCIA GONZALES","","larrasko 2a","arrigorriaga","639096204","","48480","79461179c","0005","SUSCRIPTORES DIGITALES","","","DIGITAL",""
"001833","Knewin Mexico Sa de CV","","OBRERO MUNDIAL 644 1 102","BENITO JUAREZ","525542425710","5/27/2026","03010","0000000000000000000","0005","SUSCRIPTORES DIGITALES","","","DIGITAL",""
"001834","JAVIER MENDOZA","","ZONA BARRIO POLANCO","","716-27100","","","2987181","0001","Suscriptores Generales Facturables","",".","PARTICULAR",""
"001835","ASOCIACION DE JUBILADOS Y RENTISTAS  DE LA UAGRM","","AV. HERNANDO SABABRIA / CASI 2DO ANILLO","","77312148","","","310874025","0001","Suscriptores Generales Facturables","","","EMPRESA",""
"001836","BENJAMIN SAUCEDO PEREYRA","","C/Francisco Lopez n.- 115/ Esquina batallon Colorados","","70208470","","","6324177","0001","Suscriptores Generales Facturables","","","DIGITAL",""
"001837","BANCO SOLIDARIO S.A.","","Nicolas Acosta Banco Sol","","2484242","","","1020607027","0001","Suscriptores Generales Facturables","",".","EMPRESA",""
"001838","German Suarez","","Foxtail Creek 23281","Bonita Springs","6147465134","5/27/2026","34135","2835300","0005","SUSCRIPTORES DIGITALES","","","DIGITAL",""
"001839","LUIS FERNANDO CALVO","","Puerto Busch 506","santa cruz","59177055660","","ciudad","SIN NIT","0005","SUSCRIPTORES DIGITALES","","","DIGITAL",""
"001840","Bijoy Benny","","Enrique finot 24","Santa Cruz","75018950","","4123","4708233","0005","SUSCRIPTORES DIGITALES","","","DIGITAL",""
"001841","Monica Hunter","","Wolford way 7716","Lorton","7035203091","6/9/2026","22079","1590558","0005","SUSCRIPTORES DIGITALES","",".","DIGITAL",""
"001842","MARCO FLORES","","Urb. Rosas del Este 6","Santa Cruz","75554464","","0000","4614414","0005","SUSCRIPTORES DIGITALES","","","DIGITAL",""
"001843","oscar alexander","","ayacucho 445","santa cruz","63518340","6/9/2026","0000","388400022","0005","SUSCRIPTORES DIGITALES","",".","DIGITAL",""
"001844","JAIME ALONSO","","Terrapin St 12000","Franklin","8322669157","6/9/2026","37067","99001","0005","SUSCRIPTORES DIGITALES","",".","DIGITAL",""
"001845","alvaro lopez","","motacu 12","santa cruz","78182337","6/9/2026","0000","4606115","0005","SUSCRIPTORES DIGITALES","",".","DIGITAL",""
"001846","Miguel Rockholt","","Alameda potosi 888 1 B","Santa cruz","75031353","6/19/2026","0000”","3295099","0005","SUSCRIPTORES DIGITALES","","","DIGITAL",""
"001847","MARCELO BALDIVIESO","","Swallows Cove 24531","Katy","8326142582","","77494","2444899","0005","SUSCRIPTORES DIGITALES","","","DIGITAL",""
"001848","MARIO ALBERTO SUAREZ HOLLWEG","","Condominio Almeria Sumuque N.- 32","","780-55322","","","4603105","0001","Suscriptores Generales Facturables","","","DIGITAL",""
"001849","MARCOS ALBERTO CORDERO CAREÑO","","Radial 19 Calle 2 norte casa N.- 3010","","75009732","","","4699430","0001","Suscriptores Generales Facturables","","","DIGITAL",""
"001850","MIGUEL ANGEL VALDEZ COSSIO","","Av. Fatima n.- 368 ( Entre 3er  4to anillo Funeraria Valdez)","","78053566","","","6239607","0001","Suscriptores Generales Facturables","","","DIGITAL",""
"001851","BETINA BERMEJO","","Calle G N.- 119 Zona Equipetrol Norte","","77161622","","","299794027","0001","Suscriptores Generales Facturables","","","PARTICULAR",""
"001852","PAMELA TICONA","","ZONA MERCADO PRIMAVERA / 5TO ANILLO","","731-01213","","","6336580","0001","Suscriptores Generales Facturables","","","PARTICULAR",""
"001853","ROSSANA MARGOT TALAVERA ROMAN","","San German s/n urbanizacion La Madre","","70898430","","","1505843013","0001","Suscriptores Generales Facturables","","","DIGITAL",""
"001854","NOVARA SRL","","Edificio Torres Duo , Piso 1 , oficina 1B","","70078035","","","1020295022","0001","Suscriptores Generales Facturables","","","EMPRESA",""
"001855","Media Control Bolivia SRL","","Calacoto Calle 9, Edificio Vitruvio 123 4 11","La Paz","70440654","6/9/2026","00000","122561022","0005","SUSCRIPTORES DIGITALES","",".","DIGITAL",""
"001856","CHRISTIAN VILADEGUT","","Carmelo Rodriguez 3165","Andres Ibanez","77632721","6/9/2026","0000","99001","0005","SUSCRIPTORES DIGITALES","",".","DIGITAL",""
"001857","HOFFMAN PENA","","Odear Farm Rd 2250","creedmoor","014012434364","","27522","1965371","0005","SUSCRIPTORES DIGITALES","","","DIGITAL",""
"001858","Hernan Terrazas","","26#25  Cota Cota 25 Casa Casa","La paz","70170070","6/9/2026","0000","2014649","0005","SUSCRIPTORES DIGITALES","",".","DIGITAL",""
"001859","BENIGNO AGUILERA","","27 DE MAYO 22","BARRIO LINDO","525519526370","6/9/2026","0701","2924729","0005","SUSCRIPTORES DIGITALES","",".","DIGITAL",""
"001860","GUSTAVO VUCETICH","","JOSE ANTONIO ZEGADA 1649","CERCADO","65770611","","0301","3733979","0005","SUSCRIPTORES DIGITALES","","","DIGITAL",""
"001861","Gabriel Piotti","","BELEN 4025","SANTA CRUZ","502370249","6/9/2026","954","3253627","0005","SUSCRIPTORES DIGITALES","",".","DIGITAL",""
"001862","PABLO CASTRO","","Valenci 9","Santa Cruz","77347072","","00000","6288375017","0005","SUSCRIPTORES DIGITALES","","","DIGITAL",""
"001863","FER LANDIVAR","","Seyeye 24","Santa Cruz","76647777","","0000","99001","0005","SUSCRIPTORES DIGITALES","","","DIGITAL",""
"001864","Isabel Lucido","","Waterbury Ave 97","Staten Island","7182278038","","10309","3212126","0005","SUSCRIPTORES DIGITALES","","","DIGITAL",""
"001865","RICHARD LAPPER","","350 The Highway 207","Londres","07525120829","","E1W 3HU","NA","0005","SUSCRIPTORES DIGITALES","","","DIGITAL",""
"001866","FELIPE FELIPAO","","24 96","La Paz","65577118","","000","3395643","0005","SUSCRIPTORES DIGITALES","","","DIGITAL",""
"001867","JORGE RIBERA","","10803 SW 245 Street 10803","Homestead","3054543213","","33032","510747215","0005","SUSCRIPTORES DIGITALES","","","DIGITAL",""
"001868","jorge costas","","alamo ct 11257","Lusby","5914434044781","","20657","1963101","0005","SUSCRIPTORES DIGITALES","","","DIGITAL",""
"001869","RICARDO CARDONA","","Calle Man Cesped 8619  4b","La Paz","71266977","","00000","3370318","0005","SUSCRIPTORES DIGITALES","","","DIGITAL",""
"001870","ROLANDO OYOLA","","S/N 7","Santa Cruz","78101215","","0701","1598386","0005","SUSCRIPTORES DIGITALES","","","DIGITAL",""
"001871","SEBAS MICHEL","","san miguel m2","la paz","71577036","","0000","2446642lp","0005","SUSCRIPTORES DIGITALES","","","DIGITAL",""
"001872","LIDIA HONNEN","","Calle 11 15","Santa Cruz","70817056","","1717","99001","0005","SUSCRIPTORES DIGITALES","","","DIGITAL",""
"001873","EMILIA LARA LEON","","Romecin Campos 615","Sopocachi","0041799454318","","808238","X6680114","0005","SUSCRIPTORES DIGITALES","","","DIGITAL",""
"001874","JIAHAO YANG","","Greenwood 915 No B","Ann Arbor","7349344997","","48104","EA1981693","0005","SUSCRIPTORES DIGITALES","","","DIGITAL",""
"001875","FERNANDO DELGADO","","13770 SW 272 ST 103","Homestead","3059169090","","33032","3176060","0005","SUSCRIPTORES DIGITALES","","","DIGITAL",""
"001876","MARIOLY ROCHA ARANCIBIA","","CALLE BUENOS AIRES NRO.54","","","","","5421390012","0001","Suscriptores Generales Facturables","","","PARTICULAR",""
"001877","JESUS CARLOS SOMMER SUAREZ","","C/ SEOANE N.- 176 ENTRE 21 DE MAYO Y LIBERTAD_x000D_
","","604-78249_x000D_
","","","1471893","0001","Suscriptores Generales Facturables","","","DIGITAL",""
"001878","Karl Stetter","","La Paz 1","Velasco","76075135","","0","2934795","0005","SUSCRIPTORES DIGITALES","","","DIGITAL",""
"001879","MARTHA LANDIVAR","","Av las americas 105  201","Santa Cruz","18098657401","","123","99001","0005","SUSCRIPTORES DIGITALES","","","DIGITAL",""
"001880","JUAN JUSTINIANO","","22 Deborah St 2 2","Providence","4013474949","","02909","3295052","0005","SUSCRIPTORES DIGITALES","","","DIGITAL",""
"001881","ALFREDO LANDIVAR VALDIVIA","","Av. Kennedy 6969 7 703","Santiago de Chile","56978773966","","7550000","213722 LP","0005","SUSCRIPTORES DIGITALES","","","DIGITAL",""
"001882","Milton Emilio Duran","","Parkwood Dr. 20","Daly City","14155734712","","94015","535772555","0005","SUSCRIPTORES DIGITALES","","","DIGITAL",""
"001883","FERNANDO BARBA","","Av Beni 277 6","Samaipata","71655656","","0000","4625169","0005","SUSCRIPTORES DIGITALES","","","DIGITAL",""
"001884","MARKETING BOLIVIA S.R.L. PROLIMPIO","","Calle Macario Pinilla N 469","","76707710","","","1017597029","0001","Suscriptores Generales Facturables","","","EMPRESA",""
"001885","OAKLAND CAPITAL GROUP","","Calle Victor Pinto N.- 22 Zona Equipetrol Norte","","1(305)812-5088","","","420971021","0001","Suscriptores Generales Facturables","","","DIGITAL",""
"001886","Carina Ljung","","Huggaregränd 15","Norrköping","46735248667","6/9/2026","60358","97297308","0005","SUSCRIPTORES DIGITALES","",".","DIGITAL",""
"001887","EXPRINTER LIFTVANS BOLIVIA","","km 8 1/2 carretera al Norte","","342-1142 ;  678-99121","","","1006281022","0001","Suscriptores Generales Facturables","","","EMPRESA",""
"001888","SILVIA GODEFROY KUSCEVIC","","CLIENTE EN EL EXTRANJERO","","","","","1567763017","0005","SUSCRIPTORES DIGITALES","","","DIGITAL",""
"001889","CESAR GOMEZ","","Calle 14 Irpavi","","","","","3504442017","0001","Suscriptores Generales Facturables","","","DIGITAL",""
"001890","GENERAL AUTOMOTORS GA S.R.L.","","4TO ANILLO , ENTRE AV. 2 DE AGOSTO Y AV. ALEMANA","","776-88886","","","209654023","0001","Suscriptores Generales Facturables","","","EMPRESA",""
"001891","CONTADMI CONSULTING","","CALLE 17 DE AGOSTO N.- 2110 ( BARRIO INSTITUTO GEOGRAFICO MILITAR )","","75097553","","","4606818019","0001","Suscriptores Generales Facturables","","","DIGITAL",""
"001892","HIJOS DE MAELY IMPORT EXPORT CORPORATION S.R.L.","","CRISTO REDENTOR ENTRE 7MO Y 8VO EDI.COMERCIAL CELVIT","","75020606","","","408355020","0001","Suscriptores Generales Facturables","","","EMPRESA",""
"001893","EDGAR MONTERO","","SEVILLA SUR 2 CASA G16 AV. SAN AURELIO 4TO ANILLO","","76402198","","","4667058","0001","Suscriptores Generales Facturables","","","DIGITAL",""
"001894","JORGE MARTINEZ","","37126 Formby ct 37126","murrieta","9515666772","6/9/2026","92562","C3001485","0005","SUSCRIPTORES DIGITALES","",".","DIGITAL",""
"001895","RODRIGO HERRERA","","Van 1211 9 917","Washington","12026897015","6/9/2026","20003","99001","0005","SUSCRIPTORES DIGITALES","",".","DIGITAL",""
"001896","Ignacio Sainz","","Doble Via la guardia 3.5","Santa Cruz","72158296","6/9/2026","0000","1104369","0005","SUSCRIPTORES DIGITALES","",".","DIGITAL",""
"001897","Ramiro Jesus","","Av. Arce 2780","la paz","61273591","","00","3590009","0005","SUSCRIPTORES DIGITALES","","","DIGITAL",""
"001898","Embajada Americana","","Ave Arce 2780","La Paz","61272691","5/12/2026","00","99001","0005","SUSCRIPTORES DIGITALES","","","DIGITAL",""
"001899","MILTON FREDDY MONTAÑO SALAVERRY","","reside en brasil","","784-69269","","","152614026","0005","SUSCRIPTORES DIGITALES","","","DIGITAL",""
"001900","JAIME SALDAÑA","","Condominio Barcelo  Carretera al Norte KM 10 Calle Monaco casa N.- 10","","753-19527","","","6303384015","0001","Suscriptores Generales Facturables","","","PARTICULAR",""
"001901","RODOLFO MAURICIO","","4to Anillo esq Av Pirai 3990 2 4A","Santa Cruz","59177645576","","591","6350885","0005","SUSCRIPTORES DIGITALES","","","DIGITAL",""
"001902","MARIANA BAPTISTA","","Av. Arce 2780","La Paz","61273444","","000","99001","0005","SUSCRIPTORES DIGITALES","","","DIGITAL",""
"001903","ERICK ALARCON","","Sandia 0 1 1","Santa Cruz","68928241","","0000","6689579","0005","SUSCRIPTORES DIGITALES","","","DIGITAL",""
"001904","FARMACIA CHAVEZ S.A. ( MAMA DE LEONARDO SALVATIERRA )","","5TO ANILLO ENTRE AV. CRISTO REDENTOR Y AV. BENI-  CONDOMINIO LA HACIENDA 1 CALLE  LAS PALMERAS N.- 8","","773-33488","","","133795023","0001","Suscriptores Generales Facturables","","","EMPRESA",""
"001905","FARMACIA CHAVEZ S.A. (OFICINA CENTRAL )","","AV. CRISTO REDENTOR ENTRE 4TO Y 5TO ANILLO ( OFICINAS CENTRALES DE FARMACIAS CHAVEZ )","","773-33488","","","133795023","0001","Suscriptores Generales Facturables","","","EMPRESA",""
"001906","RODRIGO RIBERO","","cond.Le Parc casa n.18 mno3","","70081129","","","2822160","0001","Suscriptores Generales Facturables","","","PARTICULAR",""
"001907","JOSÉ ERNESTO HURTADO PARADA","","Rua Basilio da Cunha 627 6 62","San Pablo","11992227092","","01544001","36555824 2","0005","SUSCRIPTORES DIGITALES","","","DIGITAL",""
"001908","Arturo Gushi","","Rubi 23","Santa Cruz","3104880","","77441","3167587","0005","SUSCRIPTORES DIGITALES","","","DIGITAL",""
"001909","RODRIGO TREPP","","Gulf of Mexico dr 4621","Longboat key","76383380","","34228","3430978","0005","SUSCRIPTORES DIGITALES","","","DIGITAL",""
"001910","RENE HEREDIA","","27 de mayo 86","Santa Cruz","71629999","","00000","5348632","0005","SUSCRIPTORES DIGITALES","","","DIGITAL",""
"001911","MARÍA MARTHA KAREN REIMERS DE ANTELO","","Av. Ejército Nacional 525","Santa Cruz","67896162","","591","3201582","0005","SUSCRIPTORES DIGITALES","","","DIGITAL",""
"001912","Erik Bustamante","","Combate bague 3460","Santa Cruz","76001336","","0000","4578314","0005","SUSCRIPTORES DIGITALES","","","DIGITAL",""
"001913","MARCIA ADLER","","Av. el palmar 10","Santa Cruz","78101001","","0000","3450100","0005","SUSCRIPTORES DIGITALES","","","DIGITAL",""
"001914","GUILLERMO APONTE","","Kiswaras esquina 21 de junio 20","Las lomas","76768877","","312342","390042","0005","SUSCRIPTORES DIGITALES","","","DIGITAL",""
"001915","MARIO VACA","","king louis 6450","alexandria","7034747962","","22312","2838652","0005","SUSCRIPTORES DIGITALES","","","DIGITAL",""
"001916","GUIDO COIMBRA","","Buckner ct. 14149","Plainfield IL.","6308539689","","60544","99001","0005","SUSCRIPTORES DIGITALES","","","DIGITAL",""
"001917","FERNANDO ARELLANO","","Av Pirai 39","Santa Cruz","71011700","","0000","1028739027","0005","SUSCRIPTORES DIGITALES","","","DIGITAL",""
"001918","JHIMMY SANJINES","","Av velarde 238 238 7 705","Santa Cruz","78100194","","00000","6248305017","0005","SUSCRIPTORES DIGITALES","","","DIGITAL",""
"001919","Paulo Galdioli Freitas","","Enrique Finot 365 4 404","Santa Cruz","17783854535","","000","16200764","0005","SUSCRIPTORES DIGITALES","","","DIGITAL",""
"001920","Maria Nelly Pavisich","","Elvira de Mendoza 24 7 D","Santa Cruz","77019408","6/11/2026","00000","1511073","0005","SUSCRIPTORES DIGITALES","",".","DIGITAL",""
"001921","JOSE ROBERTO LOPEZ BOBEDA","","Falcon Landing Blvd 3300  3314","Katy","13523010799","","77494","99001","0005","SUSCRIPTORES DIGITALES","","","DIGITAL",""
"001922","BENIGNO INFANTAS","","Calle a de Sanabria 3305","Santa Cruz","72165595","","0000","2034710-1R","0005","SUSCRIPTORES DIGITALES","","","DIGITAL",""
"001923","Luis Fernando Acasigue","","Condominio Villa Macarena 5to anillo No.1","Santa Cruz","62047853","","0000","3827074 SC","0005","SUSCRIPTORES DIGITALES","","","DIGITAL",""
"001924","Raul Ernesto Velasco","","velasco 233 233","Santa Cruz","971555384910","","xxxxx","1997809","0005","SUSCRIPTORES DIGITALES","","","DIGITAL",""
"001925","GONZALO ASTORGA","","Bezuidenhoutseweg 65 23 118","Den Haag","627334747","","2594AC","5954977","0005","SUSCRIPTORES DIGITALES","","","DIGITAL",""
"001926","ERICK PINTO","","Western Lane 12","Long Island","5162337571","","11793","7597741","0005","SUSCRIPTORES DIGITALES","","","DIGITAL",""
"001927","JENNY SCOTLAND","","Clapham Road 17","London","07503736333","","SW9 0JD","530847012","0005","SUSCRIPTORES DIGITALES","","","DIGITAL",""
"001928","Andreas Gruederich","","Los Claveles 28","Equipetrol","491777469499","5/27/2026","10260","13754501","0005","SUSCRIPTORES DIGITALES","","","DIGITAL",""
"001929","SERGIO PAREJA","","Av primera , colinas del urubo 8","Porongo","59177788080","","Scz","99001","0005","SUSCRIPTORES DIGITALES","","","DIGITAL",""
"001930","JOSE LIMPIAS","","Condominio Le Parc","","70811422","","","3929550","0001","Suscriptores Generales Facturables","","","PARTICULAR",""
"001931","BRUNITO BRYAN","","Centro 1","Santa cruz","67701589","","0000","6220384","0005","SUSCRIPTORES DIGITALES","","","DIGITAL",""
"001932","Juan Carlos Landivar","","Radial 26 nn  4","Santa Cruz","59170314688","","------","3225817","0005","SUSCRIPTORES DIGITALES","","","DIGITAL",""
"001933","JOSE LUIS","","Plaza Josep Pallach 3","Barcelona","34619868686","","08035","43457913B","0005","SUSCRIPTORES DIGITALES","","","DIGITAL",""
"001934","Carlos Ugalde","","Uyuni 451","Ciudad","9098155115","","89148","817719","0005","SUSCRIPTORES DIGITALES","","","DIGITAL",""
"001935","ALFREDO MEALLA","","Pasaje Enrique Finot 13 1 13","Santa Cruz","71094189","","10260","99001","0005","SUSCRIPTORES DIGITALES","","","DIGITAL",""
"001936","JOSÉ ARMANDO BALCAZAR VELARDE","","Condominio Montibello 23","Av pirai","70955564","","0701","1483187","0005","SUSCRIPTORES DIGITALES","","","DIGITAL",""
"001937","CARLOS RIOS","","Tupac Amaru 312 7 A","Cercado","76933154","","0591","3095189011","0005","SUSCRIPTORES DIGITALES","","","DIGITAL",""
"001938","CARLOS VEGA","","carretera  porongo s/n","santa cruz","0051957311560","","00","0017676","0005","SUSCRIPTORES DIGITALES","","","DIGITAL",""
"001939","NICOLE CHARBONNEAU","","Río urubo 25","Santa cruz","68908033","","591","2235542","0005","SUSCRIPTORES DIGITALES","","","DIGITAL",""
"001940","Ana Crespo","","Cástulo Chávez 001","Santa Cruz","5511952170711","","000001","5614600","0005","SUSCRIPTORES DIGITALES","","","DIGITAL",""
"001941","Herman Lopez","","Barron 70","Santa Cruz","77338670","","SC","1972253019","0005","SUSCRIPTORES DIGITALES","","","DIGITAL",""
"001942","Luis Alberto Nostas","","Km 8 al norte 212","Santa cruz","33428222","","6688","1981573","0005","SUSCRIPTORES DIGITALES","","","DIGITAL",""
"001943","joe nunez","","El Horcon SN","Santa Cruz","70997207","","00000","5388052","0005","SUSCRIPTORES DIGITALES","","","DIGITAL",""
"001944","GEOVANNE JUSTINIANO MOJICA","","Boulevard Carl-Vogt 62","Genève","0041786476717","","1205","99001","0005","SUSCRIPTORES DIGITALES","","","DIGITAL",""
"001945","LEGRAND & CO. LTDA.","","torre platinum II, piso 14 oficina 141 frente al ventura mall","","67708422","","","389128029","0001","Suscriptores Generales Facturables","","","EMPRESA",""
"001946","SHOPPING TV CABLE BOLIVIA SRL","","Calle Monseñor Santistevan N.- 452 esquina calle Elvira de Mendoza","","766-64142","","","1030929022","0001","Suscriptores Generales Facturables","","","EMPRESA",""
"001947","Eduardo Franco","","Urbanización Los Pintores 8","Santa Cruz","72167057","","2229","5366006","0005","SUSCRIPTORES DIGITALES","","","DIGITAL",""
"001948","FERNANDO DEL CASTILLO","","Chemin De Vincy 14 1 1","Geneve","0041789074782","","1202","2217401","0005","SUSCRIPTORES DIGITALES","","","DIGITAL",""
"001949","IEE LTDA Mendez","","Juan de la Riva 1479 PB","La Paz","77291756","","00000","1006261021","0005","SUSCRIPTORES DIGITALES","","","DIGITAL",""
"001950","MARTIN DEL CASTILLO","","30 Cota Cota SN 3 302A","La Paz","59170197974","","0000","2531970","0005","SUSCRIPTORES DIGITALES","","","DIGITAL",""
"001951","Adhemar De Oliveira Urquieta","","Dr.gregorio marañon 13 2","Barcelona","615044912","","08904","X5690038E","0005","SUSCRIPTORES DIGITALES","","","DIGITAL",""
"001952","FREDDY VELASCO","","Calle Combate Bague esquina Calle Ascui ( Entre 3er y 4o anillo Av. Alemana )nro 3395","","706-78107 - 772-94648","","","5922911","0001","Suscriptores Generales Facturables","","","DIGITAL",""
"001953","THX GRX","","x x","x","00000001","","x","123029684","0005","SUSCRIPTORES DIGITALES","","","DIGITAL",""
"001954","ISABEL OMONTE","","C Mendez Arcos 973","","71227871","","","2289236","0001","Suscriptores Generales Facturables","","","DIGITAL",""
"001955","LUIS MONTAÑO","","Sgto. Wende 3080","Santa Cruz","70960812","","0000","3187258","0005","SUSCRIPTORES DIGITALES","","","DIGITAL",""
"001956","ABEL CANEDO","","Condominio Sevilla Real - Calle Mexico N.- 9","","72220870","","","9332141","0001","Suscriptores Generales Facturables","","","DIGITAL",""
"001957","MARCELO CLAURE","","4 368","La Paz","70538536","","0000","99001","0005","SUSCRIPTORES DIGITALES","","","DIGITAL",""
"001958","Rider Jaldin","","duke 4600 8 816","alexandria","5717237024","","22304","1999310","0005","SUSCRIPTORES DIGITALES","","","DIGITAL",""
"001959","SERGIO FISCHER","","G 119","Santa Cruz","75023233","","0000","99001","0005","SUSCRIPTORES DIGITALES","","","DIGITAL",""
"001960","CLAUS ELSNER","","Central Park 10 6 601","Escazu","50688430414","","0000","127600128116","0005","SUSCRIPTORES DIGITALES","","","DIGITAL",""
"001961","LOURIVAL JUNIOR","","Monseñor Peña 480","santa cruz","67883260","","7930000","E-0069704","0005","SUSCRIPTORES DIGITALES","","","DIGITAL",""
"001962","JOSE VELARDE","","North Chestnut Avenue 1755","Fayetteville","4793321404","","72701","4794285","0005","SUSCRIPTORES DIGITALES","","","DIGITAL",""
"001963","JOSÉ EDUARDO","","Vaca Diez 582 0 0","Trinidad","74711161","","0","289280029","0005","SUSCRIPTORES DIGITALES","","","DIGITAL",""
"001964","Rick Jackson","","Trailhead Point 9219","Riverside","9512366958","","92509","677255182","0005","SUSCRIPTORES DIGITALES","","","DIGITAL",""
"001965","FREDDY EGUEZ","","Charcas 1285","SAanta Cruz","75000886","","000","7718865","0005","SUSCRIPTORES DIGITALES","","","DIGITAL",""
"001966","DANIEL HURTADO","","Rurrenabaque 3260","Santa Cruz","76318828","","0","6290547","0005","SUSCRIPTORES DIGITALES","","","DIGITAL",""
"001967","PETER JANZEN","","803 mérease 6","Leamington","5194036914","","N8H 3V8","N03029653","0005","SUSCRIPTORES DIGITALES","","","DIGITAL",""
"001968","CARWIL BJORK JAMES","","Vanderbilt Place 2301","Nashville","+15107251325","","37235","488218406","0005","SUSCRIPTORES DIGITALES","","","DIGITAL",""
"001969","Heidy Hurtado","","Bonnett Ct 6703","Laurel","3013359291","","20707","3175841","0005","SUSCRIPTORES DIGITALES","","","DIGITAL",""
"001970","Marcelo Forest","","Condominio San Francisco 2 SN 1 105E","Andres Ibañez","78565020","","0000","4116726","0005","SUSCRIPTORES DIGITALES","","","DIGITAL",""
"001971","SUNNER VALVERDE","","Córdoba 17","Equipetrol","78370000","","142","2928013016","0005","SUSCRIPTORES DIGITALES","","","DIGITAL",""
"001972","ROGER HULFORD","","Edgar Court, Sycamore Grove 15","Londres","77382518","","KT3 3DQ","99001","0005","SUSCRIPTORES DIGITALES","","","DIGITAL",""
"001973","WALTER GONZALES RODAS","","AV. 20 DE OCTUBRE CAMBODROMO ENTRE 7MO Y 8VO ANI.","","750-26839","","","8908344","0001","Suscriptores Generales Facturables","","","PARTICULAR",""
"001974","JORGE RECINOS","","CONDOMINIO SEVILLA LOS JARDINES CALLE LAS AMAPOLAS N.-7","","755-79511","","","708921","0001","Suscriptores Generales Facturables","","","PARTICULAR",""
"001975","SYMETRICA S.R.L.","","AV. ALEMANA ENTRE 5TO Y 6TO ANILLO N.- 5240","","770-75760","","","269770024","0001","Suscriptores Generales Facturables","","","DIGITAL",""
"001976","CLINICA NIÑO JESUS S.A.","","AV, CAÑOTO ESQUINA CALLE RAFAEL PEÑA","","709-32022; 784-56045","","","1028557028","0001","Suscriptores Generales Facturables","","","EMPRESA",""
"001977","CLINICA DE REHABILITACION ODONTOLOGICA","","SOLIZ DE OLGUIN C/465","","77317702","","","352025023","0001","Suscriptores Generales Facturables","","","EMPRESA",""
"001978","Luis Siles","","6 594","Obrajes","22784948","","0000000","0189408","0005","SUSCRIPTORES DIGITALES","","","DIGITAL",""
"001979","JUAN PABLO ALTAMIRANO","","av principal esq calle 9 17","santa cruz","75007654","","1000","220940025","0005","SUSCRIPTORES DIGITALES","","","DIGITAL",""
"001980","NELBA CALCINA","","Casa del Pueblo Calle Ayacucho","","69712626","","","4294352","0001","Suscriptores Generales Facturables","","","DIGITAL",""
"001981","MARCELO BALCAZAR","","Santa cruz 9","Santa cruz","77167678","","000","99001","0005","SUSCRIPTORES DIGITALES","","","DIGITAL",""
"001982","DENALD CHAVEZ","","Calle 10 S/n","Porongo","76348248","","591","3212566","0005","SUSCRIPTORES DIGITALES","","","DIGITAL",""
"001983","UNIVERSIDAD NACIONAL DEL ORIENTE","","C/ LIBERTAD ESQ. ANDRES IBAÑEZ","","77828890","","","1014971023","0001","Suscriptores Generales Facturables","","","EMPRESA",""
"001984","AP BARKER SRL.","","KM 5 DOBLE VIA A LA GUARDIA CALLE 23 DE MARZO N.- 6010","","766-52224","","","300604023","0001","Suscriptores Generales Facturables","","","EMPRESA",""
"001985","DOSSIERGROUP SRL.(BRUNELLO TRATORIA)","","AV. CRISTO REDENTOR ENTRE 5TO Y 6TO ANILLO ( UNIVERSIDAD UDI)","","750-66663","","","418859027","0001","Suscriptores Generales Facturables","","","EMPRESA",""
"001986","BARRACA MOLINA","","AV. PEDRO RIBERA MENDEZ N.- 23 ( TERCER ANILLO ENTRE BANZER Y BENI - LADO POLLO CAMPEON)","","750-11005","","","1466337010","0001","Suscriptores Generales Facturables","","","EMPRESA",""
"001987","UNIVERSIDAD UDI","","ENTRE 5TO Y 6TO ANILLO AVENIDA BANZER ( UNIVERSIDAD UDI)","","67704936","","","138471023","0001","Suscriptores Generales Facturables","","","EMPRESA",""
"001988","JULIO FRAN RODRIGUEZ VILDOSO","","BARRIO DON BOSCO SUR , CALLE GERMAN ERRAEZ N.- 324 ( ZONA SUR)","","740-19164","","","4578175","0001","Suscriptores Generales Facturables","","","PARTICULAR",""
"001989","FUNDACION INFOCAL SANTA CRUZ","","AV. PEDRO RIBERA MENDEZ N.- 3455( 3ER ANILLO INT. ENTRE VIRGEN DE COTOCA Y CANAL COTOCA)_x000D_
","","709-54802","","","1014575020","0001","Suscriptores Generales Facturables","","","EMPRESA",""
"001990","UNIVERSIDAD PRIVADA DOMINGO SAVIO S.A.","","AV.BENI ESQUINA 3ER ANILLO EXTERNO","","721-31803","","","1015289020","0001","Suscriptores Generales Facturables","","","EMPRESA",""
"001991","ASOCIACION UNIVERSIDAD NUR","","AV. CRISTO REDENTOR N.- 100","","750-15940","","","1028223024","0001","Suscriptores Generales Facturables","","","EMPRESA",""
"001992","Guido Vildozo","","Boatswains Way 50","Chelsea","18578912537","","02150","3732878","0005","SUSCRIPTORES DIGITALES","","","DIGITAL",""
"001993","Eduardo Valdivia","","Pando 1555","Queru Queru","77052666","","00000","5152044","0005","SUSCRIPTORES DIGITALES","","","PARTICULAR",""
"001994","FSE MADRE GENERALE","","13 de Mayo 2461","Tarija","-68802977","","nn","1888849","0005","SUSCRIPTORES DIGITALES","","","DIGITAL",""
"001995","OSCAR BERNAT","","NE 18th Ave 2207","Portland","15038100501","","97212","539802302","0005","SUSCRIPTORES DIGITALES","","","DIGITAL",""
"001996","RODRIGUEZ & BAUDOIN COMUNICACION ESTRATEGICA SRL","","La Riva 436 1 1","Santa Cruz","72553886","","1111","1018245021","0005","SUSCRIPTORES DIGITALES","","","DIGITAL",""
"001997","DAVID ERNESTO JUSTINIANO ATALÁ","","Espino 21","Santa Cruz","70878283","","00000","1548076","0005","SUSCRIPTORES DIGITALES","","","DIGITAL",""
"001998","TIMOTHY VENABLES","","Ybytymi 1110","Mburucuya","595995377780","","1526","1159463","0005","SUSCRIPTORES DIGITALES","","","DIGITAL",""
"001999","CLAUDIA SANDI","","CONDOMINIO NAVARRA BLOQUE 5 DEPARTAMENTO 116","","708-34511","","","4115061","0001","Suscriptores Generales Facturables","","","DIGITAL",""
"002000","EMBAJADA DE PERU","","Av Arequipa Calacoto calle 8","","","","","99001","0001","Suscriptores Generales Facturables","","","EMPRESA",""
"002001","HOTEL HAMPTON  BY HILTON","","AV SAN MARTIN ESQ, C/ E NORTE EDIFICIO HAMPTON","","77602233 margot lobo","","","1020761022","0001","Suscriptores Generales Facturables","","","EMPRESA",""
"002002","JOAO MONTENGRO PIRES","","Av Arce Edificio Multicentro Embajada del Brasil","","2166423","","","6387","0001","Suscriptores Generales Facturables","","","PARTICULAR",""
"002003","UTEPSA","","3er anillo av. noel kempff","","78525405 -  69090320","","","1028133022","0001","Suscriptores Generales Facturables","","","EMPRESA",""
"002004","Guido Menacho","","pororo 2005","santa cruz","3444977","","12345","3880125","0005","SUSCRIPTORES DIGITALES","","","DIGITAL",""
"002005","alan bojanic","","Calle LP 443","Ciudad","573204580828","","8888","1567438","0005","SUSCRIPTORES DIGITALES","","","DIGITAL",""
"002006","Jose Luis Camacho Miserendino","","Av Iberica 70","Santa Cruz","70090000","","00000","2833372","0005","SUSCRIPTORES DIGITALES","","","DIGITAL",""
"002007","ÁLVARO PAZ","","David Alvestegui 735 6 F","Ciudad","72777454","","00000","0844293","0005","SUSCRIPTORES DIGITALES","","","DIGITAL",""
"002008","Nicolas Granier","","7 Oeste 0","Andres Ibañez","72162813","","0000","6338992","0005","SUSCRIPTORES DIGITALES","","","DIGITAL",""
"002009","RICARDO YAMIL BADDOUR DABDOUB","","Cochabamba 710 13 Of 4","Andrés Ibáñez","72133844","","0000","2977238015","0005","SUSCRIPTORES DIGITALES","","","DIGITAL",""
"002010","UNIVERSIDAD CATOLICA BOLIVIANA SAN PABLO","","KM 9 CARRETERA AL NORTE","","756-32321;780-08403","","","1020141023","0001","Suscriptores Generales Facturables","","","EMPRESA",""
"002011","UNIVERSIDAD EVANGELICA BOLIVIANA","","AV. MOSCU 6TO ANILLO FRENTE AL HOSPITAL GRUMEDSO","","755-87136","","","1015293025","0001","Suscriptores Generales Facturables","","","EMPRESA",""
"002012","ACEVEDO & ASOCIADOS CONSULTORES DE EMPRESAS","","CALLE GUEMBE N.- 2015 BARRIO HAMACAS","","76071728","","","1023163026","0001","Suscriptores Generales Facturables","","","EMPRESA",""
"002013","Walter Villarroel Cruz","","Guayabillas S/N","Yacuiba","69340270","","0","1075853","0005","SUSCRIPTORES DIGITALES","","","DIGITAL",""
"002014","gilbert daza","","BLADESDALE CT 1214","KATY","18322582494","","77494","3295189013","0005","SUSCRIPTORES DIGITALES","","","DIGITAL",""
"002015","Carlos Krutzfeldt","","La Rioja 30","Santa Cruz","76356751","","00000","3243010","0005","SUSCRIPTORES DIGITALES","","","DIGITAL",""
"002016","YVAN SCHWEID","","warnes 640 2","Andres Ibañez","972506787949","","58481","99001","0005","SUSCRIPTORES DIGITALES","","","DIGITAL",""
"002017","IVO KULJIS COCHAMANIDIS","","24 sep 433","santa cruz","76003344","","0000","99001","0005","SUSCRIPTORES DIGITALES","","","DIGITAL",""
"002018","Ana Traverso","","Bedford Ave 123  3R","NY","9174562704","","11211","4562787","0005","SUSCRIPTORES DIGITALES","","","DIGITAL",""
"002019","KOHLER BY COPRODUMAT","","BARRIO EQUIPETROL CALLE TUCUMAN 6 ESTE ESTUDIOS EQUIPETROL","","78182888","","","314980029","0001","Suscriptores Generales Facturables","","","EMPRESA",""
"002020","Gina Villagomez","","av san martin 508","santa cruz","78154074","","00000","5396673","0005","SUSCRIPTORES DIGITALES","","","DIGITAL",""
"002021","Pit Werner","","Zugerstrasse 92b","Walchwil","0792763931","","6318","X1567347","0005","SUSCRIPTORES DIGITALES","","","DIGITAL",""
"002022","SENSES BOUTIQUE HOTEL PLAZA","","CALLE SUCRE NRO 5 ESQ. 24 DE SEPTIEMBRE","","67774377","","","160482024","0001","Suscriptores Generales Facturables","","","EMPRESA",""
"002023","NICOLÁS MENACHO","","Pitiantuta 18","Santa Cruz","77372577","","0000","353563027","0005","SUSCRIPTORES DIGITALES","","","DIGITAL",""
"002024","KARAOKE EN CASA","","AV. ALEMANA N.- 2179","","70833603","","","6358293014","0001","Suscriptores Generales Facturables","","","EMPRESA",""
"002025","UNIVERSIDAD DE LOS ANDES S.A.","","AV. SUAREZ ARANA N.- 230 ENTRE 1ER Y 2DO ANILLO","","75529250","","","1002523022","0001","Suscriptores Generales Facturables","","","EMPRESA",""
"002026","BAYER BOLIVIANA LTDA.","","EDIFICIO TACUARAL II PISO 2 CENTRO EMPRESARIAL EQUIPETROL","","78517010","","","1015527021","0001","Suscriptores Generales Facturables","","","EMPRESA",""
"002027","ROBERTO PRUDENCIO","","Pirai 94","Santa cruz","75099881","","0","5042563","0005","SUSCRIPTORES DIGITALES","","","DIGITAL",""
"002028","LUIS MUGUERZA","","Artigas 833","Salto","59899735771","","50000","99001","0005","SUSCRIPTORES DIGITALES","","","DIGITAL",""
"002029","CAMILO MEDINA","","N. Bayshore Dr. 1717 2234","Miami","3057788241","","33132","99001","0005","SUSCRIPTORES DIGITALES","","","DIGITAL",""
"002030","JORGE CALBIMONTE","","andres manso 372 pb","chuquisaca","72101777","","000000","1032789014","0005","SUSCRIPTORES DIGITALES","","","DIGITAL",""
"002031","CARLOS ENRIQUE URIBE L","","Cond las Terrazas 1 26","Santa Cruz","77339206","","0000","5320034","0005","SUSCRIPTORES DIGITALES","","","DIGITAL",""
"002032","HONDA AUTOBOL S.A.","","AV. 4TO ANILLO  BARRIO BRIGIDA MEDIA CUADRA ANTES DE LLEGAR AL CANAL ISUTO","","79470934,72679289","","","1013947023","0001","Suscriptores Generales Facturables","","","EMPRESA",""
"002033","Carlos Lino","","SALIBURY COURT 1034","STERLING","15716650710","","20164","1894787","0005","SUSCRIPTORES DIGITALES","","","DIGITAL",""
"002034","MAKRO PARQUE","","4TO ANILLO / AV. PARAGUA","","73615842","","","351418020","0001","Suscriptores Generales Facturables","","","EMPRESA",""
"002035","JAVIER MARIACA","","condominio vista verde radial 19, edi.11depto.403","","65658265","","","359847020","0001","Suscriptores Generales Facturables","","","PARTICULAR",""
"002036","GALENICA SRL.","","BARRIO ABAROA CALLE JAIME MENDOZA N.- 41","","73618715","","","342790021","0001","Suscriptores Generales Facturables","","","EMPRESA",""
"002037","SERBEN","","CUARTO ANILLO N.- 4120 ENTRE AV. BANZER Y AV, BENI","","74162498","","","383358023","0001","Suscriptores Generales Facturables","","","EMPRESA",""
"002038","MET RESTAURANT","","CALLE SANTIAGO N.-43 PARALELA A LA AV. CHARCAS","","78342213","","","148940021","0001","Suscriptores Generales Facturables","","","EMPRESA",""
"002039","T-STORE BONABEL SRL.","","AV. LA SALLE ESQUINA AV. MARCELO TERCEROS BANZER","","76305930","","","306696020","0001","Suscriptores Generales Facturables","","","EMPRESA",""
"002040","UTILAR SRL.","","AV. LA SALLE ESQUINA AV. MARCELO TERCEROS BANZER EDIFICIO EL BOSQUE PISO 1","","76305930","","","303672024","0001","Suscriptores Generales Facturables","","","EMPRESA",""
"002042","IVES CABRERA","","Av trompillo 011","Andrés Ibáñez","71012766","","6761","196230022","0005","SUSCRIPTORES DIGITALES","","","DIGITAL",""
"002043","GRINGA APONTE","","pelay correa 26","Sevilla","692047069","","41010","99001","0005","SUSCRIPTORES DIGITALES","","","DIGITAL",""
"002044","Marcelo Luis Vaca Guzmán","","Calle Dr. Leonardo Nava N° 97 2 206","Santa Cruz","77237989","","591","315560028","0005","SUSCRIPTORES DIGITALES","","","DIGITAL",""
"002045","JAVIER LINO","","ARLINGTON PLACE 77","STATEN ISLAND","13478162664","","10303","3165813","0005","SUSCRIPTORES DIGITALES","","","DIGITAL",""
"002046","LUIS HOEFKEN","","Calle Alcalá 119  103","Lima","998152115","","L18","1016389027","0005","SUSCRIPTORES DIGITALES","","","DIGITAL",""
"002047","BATEBOL S.A.","","PARQUE INDUSTRIAL MZ-4 4TO ANILLO CANAL COTOCA","","78400653;72104004","","","1028369021","0001","Suscriptores Generales Facturables","","","EMPRESA",""
"002048","VLADIMIR ANIBARRO","","Casa grande del pueblo Av Murillo","","76588261","","","8428658","0001","Suscriptores Generales Facturables","","","PARTICULAR",""
"002049","ONE BY REYES FITNESS CLUB","","AV. SANTOS DOUMONT ENTRE 2DO Y 3ER ANILLO ENTRE CALLE CHACO Y AV. PILCOMAYO","","71346962","","","386830028","0001","Suscriptores Generales Facturables","","","EMPRESA",""
"002050","ALONSO URQUIZU","","aaaaaa 12345","Providencia","931836461","","750000","1332088","0005","SUSCRIPTORES DIGITALES","","","DIGITAL",""
"002051","EMBAJADA DE SUIZA LA PAZ","","Calle 13 455","La Paz","22751001","","0000","99001","0005","SUSCRIPTORES DIGITALES","","","DIGITAL",""
"002052","MICHAEL GOULD","","2300 Cristo Rey Drive - Los Altos California 94024","","+1 309-533-3200","","","522414451","0005","SUSCRIPTORES DIGITALES","","","DIGITAL",""
"002053","FARMACIAS DR. OSVALDO","","OFICINA CENTRAL DE FARMACORP S.A. - SUBSUELO DEL CENTRO COMERCIAL URUBO OPEN MALL","","78183360;78444372","","","1015447026","0001","Suscriptores Generales Facturables","","","EMPRESA",""
"002054","SUD AMERICANA CORPORACION SRL.","","BARRIO LAS PALMAS AV. IBERICA CALLE 9 OESTE N.- 77","","76055763","6/23/2026","","1028717029","0001","Suscriptores Generales Facturables","",".","EMPRESA",""
"002055","BA SRL.","","BARRIO LAS PALMAS AV. IBERICA CALLE 9 OESTE N.- 77","","76055763","","","173210021","0001","Suscriptores Generales Facturables","","","EMPRESA",""
"002056","CLINICA METROPOLITANA DE LAS AMERICAS S.A.","","Av. 6to anillo esq.Beni","","70950090","","","316258024","0001","Suscriptores Generales Facturables","","","EMPRESA",""
"002057","ESTETIC SPA MEDIC BY DRA JACKELIN ROSALES","","AV. VIRGEN DE COTOCA ENTRE 4TO Y 5TO ANILLO BARRIO 21 DE ENERO CALLE 5 CASA N.- 4","","60836201;71390909","","","5848172013","0001","Suscriptores Generales Facturables","","","EMPRESA",""
"002058","CARLOS F. HURTADO","","CALLE MANUEL MARIA FRANCO Y DR GERMAN ZEGARRA ZONA COMERCIAL CHIRIGUANO","","76001000","","","8877391","0001","Suscriptores Generales Facturables","","","PARTICULAR",""
"002059","JORGE NATALIO","","Azcuenaga 830","Carmen De Areco","2273433967","","6725","17607997","0005","SUSCRIPTORES DIGITALES","","","DIGITAL",""
"002060","Rodrigo Cortez","","Avenida Busch 281","Santa cruz","76359433","","0000","4645678","0005","SUSCRIPTORES DIGITALES","","","DIGITAL",""
"002061","LYSENKO BALDERRAMA","","Lausanne 8","Genève","+41786193801","","1200","99001","0005","SUSCRIPTORES DIGITALES","","","DIGITAL",""
"002062","LUBRIMOR SRL.","","BARRIO EQUIPETROL CALLE 3 ESTE (LEOPOLDO LUGONES) EDIFICIO EQUIPETROL 1 DPTO 301- B","","69053898","","","1015021025","0001","Suscriptores Generales Facturables","","","EMPRESA",""
"002063","SUBARU","","4TO ANILLO EDIFICIO BUFALO PB LOCAL N.- 20","","76799947;78520191","","","382605025","0001","Suscriptores Generales Facturables","","","EMPRESA",""
"002064","ASOCIACION DE PROFESORES DE HUMANIDADES","","AV. BUSH MODULO 262 FACULTAD DE HUMANIDADES","","69182105","","","4662970","0001","Suscriptores Generales Facturables","","","DIGITAL",""
"002065","CAMSA INDUSTRIA Y COMERCIO S.A.","","PARQUE INDUSTRIAL MANZANA 31","","79026235","","","227320026","0001","Suscriptores Generales Facturables","","","DIGITAL",""
"002066","ALIANZA COMPAÑIA DE SEGUROS Y REASEGUROS S.A.","","AV.roca y coronado nro1380 c/mario gutierrez 3er anillo externo","","3632828     70070003","","","1020351029","0001","Suscriptores Generales Facturables","","","DIGITAL",""
"002067","alfredo leigue","","SANTA CRUZ","","","5/27/2026","","1982215","0005","SUSCRIPTORES DIGITALES","","","DIGITAL",""
"002068","NAPOLI REPUESTOS","","2DO ANILLO AV. EL TROMPILLO N.- 476  ENTRE AV. ESCUADRON VELASCO Y AV. OMAR CHAVEZ","","72187771","","","4687525013","0001","Suscriptores Generales Facturables","","","DIGITAL",""
"002069","LA BOLIVIANA CIACRUZ DE SEGUROS Y REASEGUROS S.A.","","AV.LA SALLE N.- 550 ESQUINA CALLE JAIME MENDOZA ENTRE 2DO Y 3ER ANILLO","","72022750","","","1007017028","0001","Suscriptores Generales Facturables","","","DIGITAL",""
"002070","CARLOS JORDAN","","Lockhart 2712","Dallas","4695560031","","75228","10727850","0005","SUSCRIPTORES DIGITALES","","","DIGITAL",""
"002071","MARTÍN TONOSHIRO","","Sycamore Park 7 1 G01","Belfast","07552728078","","BT9 5BW","99001","0005","SUSCRIPTORES DIGITALES","","","DIGITAL",""
"002072","Luis Fernando calvo unzueta","","puerto Busch es mi casa 606","Santa Cruz","77055660","","591","1026638","0005","SUSCRIPTORES DIGITALES","","","DIGITAL",""
"002073","HOTEL OSHO","","AV. SUAREZ ARANA ESQUINA AV. CRISTOBAL DE MENDOZA 2DO ANILLO","","75399129","","","6221096015","0001","Suscriptores Generales Facturables","","","EMPRESA",""
"002074","TUMPAR LTDA.","","CARRETERA AL NORTE ENTRE 4TO Y 5TO ANILLO","","69205594;76375065","5/28/2026","","1015225028","0001","Suscriptores Generales Facturables","",".","DIGITAL",""
"002075","MARIO ERNESTO SANDY GAMARRA","",".","","56938690684","5/27/2026","","3877243","0005","SUSCRIPTORES DIGITALES","","","DIGITAL",""
"002076","Luis Valderrama","","16 de julio 1116","La Paz","59171284273","","0000","0065674","0005","SUSCRIPTORES DIGITALES","","","DIGITAL",""
"002077","IVAN LIMA","","Jauregui 2248 2 201","La Paz","70520600","","1179","4282344","0005","SUSCRIPTORES DIGITALES","","","DIGITAL",""
"002078","FACUNDO MESONES","","Calle 4 Esté 8505","Andres Ibañez","63444815","","10260","409455026","0005","SUSCRIPTORES DIGITALES","","","DIGITAL",""
"002079","ALFREDO MEDINA","","","","5917038985911","","","2735908","0005","SUSCRIPTORES DIGITALES","","","DIGITAL",""
"002080","CHARLES FELIPE","","","","","","","2720954011","0005","SUSCRIPTORES DIGITALES","","","DIGITAL",""
"002081","Eugenio Andrews","","","","","","","2934153","0005","SUSCRIPTORES DIGITALES","","","DIGITAL",""
"002082","Pedro Rodriguez Peñarrieta","","","","","","","2234015","0005","SUSCRIPTORES DIGITALES","","","DIGITAL",""
"002083","MCKENZIE ROD","",".","","","5/27/2026","","2476560","0005","SUSCRIPTORES DIGITALES","","","DIGITAL",""
"002084","RAUL VILLARPANDO","","Villegas 6768","La Paz","77743900","","778","2607011011","0005","SUSCRIPTORES DIGITALES","","","DIGITAL",""
"002085","HELEN MUÑOZ","","RADIAL 17 1/2 5TO ANILLO","","70921226","","","8934286011","0001","Suscriptores Generales Facturables","","","PARTICULAR",""
"002086","PAREJAS AUTOSERVICIOS","","CARRETERA AL NORTE ENTRE 4TO Y 5TO ANILLO","","77301995","","","1015225028","0001","Suscriptores Generales Facturables","","","EMPRESA",""
"002087","FRAGANCE","","AV.TTE MAMERTO CUELLAR  N.- 1660 ENTRE 1ER Y 2DO ANILLO PARQUE URBANO","","75621076","","","120227028","0001","Suscriptores Generales Facturables","","","EMPRESA",""
"002088","JUAN CARLOS NOGALES GARRON","","4TO ANILLO ENTRE AV. SAN MARTIN Y AV. LA SALLE  EDIFICIO TORRES DUO","","78525524","","","2779706016","0001","Suscriptores Generales Facturables","","","PARTICULAR",""
"002089","RONALD ANDIA","",".","","","5/27/2026","","99001","0005","SUSCRIPTORES DIGITALES","","","DIGITAL",""
"002090","LUCIANO INVERNIZZI","","calle Fidel Anze sn 4 d","cercado","70746939","6/9/2026","0000","E-3133060CBBA","0005","SUSCRIPTORES DIGITALES","",".","DIGITAL",""
"002091","RODRIGO GUTIERREZ","","Av Irala 585 1 101","Santa Cruz","67705035","","6","2925991","0005","SUSCRIPTORES DIGITALES","","","DIGITAL",""
"002092","SERGIO UGAZ","","Tomas Ramsey 930","Lima","959474244","","15076","120759967","0005","SUSCRIPTORES DIGITALES","","","DIGITAL",""
"002093","RICK JACKSON","","Trailhead Point 9219","Jurupa Valley","72698120","","92509","677255915","0005","SUSCRIPTORES DIGITALES","","","DIGITAL",""
"002094","KIEFFER & ASOCIADOS S.A. CORREDORES DE SEGUROS","","AV. ROCA Y CORONADO N.- 3125 ENTRE 3ER ANILLO EXTERNO Y 4TO ANILLO FRENTE DE EXPOCRUZ","","71250407;72109700","","","1020689026","0001","Suscriptores Generales Facturables","","","EMPRESA",""
"002095","SALTEÑERIA HAMACAS","","AV. CENTINELAS DEL CHJACO C/SERAFIN AÑEZ C/3 N.- 3280","","67709517;72653228","","","187466029","0001","Suscriptores Generales Facturables","","","EMPRESA",""
"002096","POLLOS CHUY","","AV.PROLONGACION BENI ENTRE 8VO Y 9NO ANILLO","","71346020","","","1027177029","0001","Suscriptores Generales Facturables","","","EMPRESA",""
"002097","CHINGA DECORACIONES SRL.","","3er ANILLO INTERNO CASI ESQUINA AV. ALEMANA N.- 3195 ( EN LA FABRICA QUE ESTA EN LA CALLE DE  ATRAS","","76329333;65026093","","","256132026","0001","Suscriptores Generales Facturables","","","EMPRESA",""
"002098","CLINICA PROSALUD","","TERCER ANILLO INT. AV. LUCAS SAUCEDO SEVILLA N.- 3595 ENTRE AV. PARAGUA Y AV. CANAL COTOCA","","76367701","","","1028231025","0001","Suscriptores Generales Facturables","","","EMPRESA",""
"002099","MARIA PATRICIA","","thor dr 202","santa cruz","8043096912","","23229","3200499","0005","SUSCRIPTORES DIGITALES","","","DIGITAL",""
"002100","ADHEMAR DE OLIVEIRA URQUIETA","","Doctor gregorio marañon 13 2","Hospitaleth","615044912","","08904","99001","0005","SUSCRIPTORES DIGITALES","","","DIGITAL",""
"002101","CANQUE GIL","","Piraí / 6o anillo 106","Santa Cruz","75004888","5/27/2026","Xxxx","1553553","0005","SUSCRIPTORES DIGITALES","","","DIGITAL",""
"002102","SERGIO HANNA","",".","","","","","2281413","0005","SUSCRIPTORES DIGITALES","","","DIGITAL",""
"002103","EDUARDO ROCHA","","Av. Busch 1196 2 2","La Paz","77299890","","2","2020279011","0005","SUSCRIPTORES DIGITALES","","","DIGITAL",""
"002104","MEXICAN FOOD RESTAURANTE","","B/ urbari av. barrientos nro 89","","67753400","","","4564724012","0001","Suscriptores Generales Facturables","","","EMPRESA",""
"002105","COLCHONES ALZER","","AV. ALEMANA Y 3ER ANILLO EXTERNO N.- 3335 FRENTE A SALON DE EVENTOS EMPERADOR","","70921210","","","330482025","0001","Suscriptores Generales Facturables","","","EMPRESA",""
"002106","Sergio Ivan  Avila Castellanos","","Artero Soruco 246","Tarija","72989082","","0000","1854550018","0005","SUSCRIPTORES DIGITALES","","","DIGITAL",""
"002107","CARLOS EDUARDO MORATÓ ARANCIBIA","","19 Eco Habitat Las Plameras 132","SCZ","78003334","","000000","279063014","0005","SUSCRIPTORES DIGITALES","","","DIGITAL",""
"002108","HUGO RAZURI","",".","","","","","118868830","0005","SUSCRIPTORES DIGITALES","","","DIGITAL",""
"002109","JR ALBA","",".","","","5/27/2026","","99001","0005","SUSCRIPTORES DIGITALES","","","DIGITAL",""
"002110","NESTOR JULIO OROPEZA DURAN","","URBANIZACION LAS BRISAS 8VO Y 9NO ANILLO CARRETERA AL NORTE","","77015971","","","225825017","0001","Suscriptores Generales Facturables","","","PARTICULAR",""
"002111","SOCIEDAD COMERCIAL LA LLAVE S.A.","","4TO ANILLO ESQUINA AV. LAS RAMBLAS EDIFICIO CUBO 1 PISO N.- 2","","70855630","","","160890029","0001","Suscriptores Generales Facturables","","","EMPRESA",""
"002112","BRUNA ROMERO MELGAR","","Gualberto Villarroel 365","Santa Cruz de la Sierra","69242848","5/27/2026","00000","5349586","0005","SUSCRIPTORES DIGITALES","","","DIGITAL",""
"002113","ARAUCO","maria.crespo@ceci.ca","calle 6 Obrajes","","76205351","","","2334983","0001","Suscriptores Generales Facturables","","","PARTICULAR",""
"002114","EUGENIO ANDREWS","","BARRIO HAMACAS CALLE 2 OESTE CASA N.- 1 ENTRE BENI Y BANZER ENTRE 3ER Y 4TO ANILLO","","70985393","","","2934153","0001","Suscriptores Generales Facturables","","","PARTICULAR",""
"002115","JOYERIA ANDREA","","CALLE JUNIN N.-177 ENTRE CALLE LIBERTAD Y 21 DE MAYO","","76002944","","","1522355013","0001","Suscriptores Generales Facturables","","","EMPRESA",""
"002116","JOSE ALOISIO","",".","","76849103","","","3212436","0005","SUSCRIPTORES DIGITALES","","","DIGITAL",""
"002117","Erick Saavedra","",".","","78529999","5/27/2026","","3012639","0005","SUSCRIPTORES DIGITALES","","","DIGITAL",""
"002118","PAOLO VELASCO","","Avenida Valverde 34 3 B","Santa Cruz","76228545","6/20/2026","03","4936968","0005","SUSCRIPTORES DIGITALES","","","DIGITAL",""
"002119","CESAR JORDAN","",".","","5715051575","","","3898672","0005","SUSCRIPTORES DIGITALES","","","DIGITAL",""
"002120","LUIS ALFONSO IBAÑEZ MONTES","",".","","","5/27/2026","","89196","0005","SUSCRIPTORES DIGITALES","","","DIGITAL",""
"002121","FRANCISCO BELAUNDE","","Independencia 1231","Miraflores","511999649248","","15406","99001","0005","SUSCRIPTORES DIGITALES","","","DIGITAL",""
"002122","ASOFIN","","Av 6 de agosto esq Campos","","69280093","","","1002897020","0001","Suscriptores Generales Facturables","","","EMPRESA",""
"002123","EMBAJADA DE SUECIA","","Av Arce Ed Multicine","","71221100","","","99001","0001","Suscriptores Generales Facturables","","","EMPRESA",""
"002124","CASA DEL CAMBA","","AV. CRISTOBAL DE MENDOZA N.- 1365 ENTRE AV.BENI Y AV. ALEMANA","","76003877","","","393070029","0001","Suscriptores Generales Facturables","","","EMPRESA",""
"002125","OSCAR MAYTA","","Calle 13 8172","La Paz","77237644","","591","2523304012","0005","SUSCRIPTORES DIGITALES","","","DIGITAL",""
"002126","KEVIN HEALY","","California St.NW 2123 G G-2","Kalorama","000000","","20008","99001","0005","SUSCRIPTORES DIGITALES","","","DIGITAL",""
"002127","MARIO SANGINES","","Macomb St NW 3513","Washington","2027587323","","20016","99001","0005","SUSCRIPTORES DIGITALES","","","DIGITAL",""
"002128","CARLOS FLORES","","31st Pl SW 4225","Naples","12398880042","5/27/2026","34116","2835080","0005","SUSCRIPTORES DIGITALES","","","DIGITAL",""
"002129","Filipe Barbieri","",".","","","5/27/2026","","14587547","0005","SUSCRIPTORES DIGITALES","","","DIGITAL",""
"002130","DAVID MOISES PAYE LOAYZA","","BARRIO PEDRO CORTEZ CALLE LAS CIGUEÑAS N.- 122","","73107067","","","8177579","0001","Suscriptores Generales Facturables","","","PARTICULAR",""
"002131","TEC METRIC INTERNACIONAL SRL","","Av Hernando Siles No 405","","2780055","","","1005145024","0001","Suscriptores Generales Facturables","","","EMPRESA",""
"002132","EMBAJADA DE ITALIA","","Av Sanchez Bustamante","","71221100","","","99001","0001","Suscriptores Generales Facturables","","","EMPRESA",""
"002133","COMISAL","","Av Arequipa No 8439","","71221100","","","570156016","0001","Suscriptores Generales Facturables","","","EMPRESA",""
"002134","TIPICO CHEF","","CONDOMINIO BELLA VISTA CARRETERA A COTOCA ESQUINA AV. INTERNACIONAL CASA N.- 38","","78195371;75026310","","","4686792010","0001","Suscriptores Generales Facturables","","","EMPRESA",""
"002135","TELCHI LITEL LTDA.","","AV. CRISTOBAL DE MENDOZA N.- 1230 ENTRE AV. ALEMANA Y AV. BENI","","78454869","","","1015307021","0001","Suscriptores Generales Facturables","","","EMPRESA",""
"002136","MIAPLAZA SRL.","","2DO ANILLO AV.CRISTOBAL DE MENDOZA ENTRE AV.ALEMANA Y AV.MUTUALISTA","","70984292","","","381104029","0001","Suscriptores Generales Facturables","","","EMPRESA",""
"002137","ASOCIACION DE COPRO. CENTRO COMERCIAL CAÑOTO","","CENTRO COMERCIAL CAÑOTO , 1ER ANILLO AV. CAÑOTO /AV. CENTENARIO","","76053534","","","1013749027","0001","Suscriptores Generales Facturables","","","EMPRESA",""
"002138","HELADERIA VACA FRIA ( PARQUE INDUSTRIAL)","","6TO ANILLO PARQUE INDUSTRIAL ENTRE AV. MUTUALISTA Y AV.VIRGEN DE LUJAN","","75098069","","","180444023","0001","Suscriptores Generales Facturables","","","EMPRESA",""
"002139","ALBERTO IVAN ARCE MOSTAJO","","Gral Trigo esq Alejandro del Carpio 246 1 1","Tarija","76199000","5/27/2026","246","1817076","0005","SUSCRIPTORES DIGITALES","","","DIGITAL",""
"002140","CLAIRE BILOT","",".","","","","","3021013","0005","SUSCRIPTORES DIGITALES","","","DIGITAL",""
"002141","Feizar Salas","",".","","","","","4925904","0005","SUSCRIPTORES DIGITALES","","","DIGITAL",""
"002142","GARY PRADO","",".","","","","","2293770","0005","SUSCRIPTORES DIGITALES","","","DIGITAL",""
"002143","FEDERICO JENSEN","","Randall Ridge Ln. 15819","Cypress","7139244161","","77429","99001","0005","SUSCRIPTORES DIGITALES","","","DIGITAL",""
"002144","HUGO CARVAJAL","",".","","","5/27/2026","","490735","0005","SUSCRIPTORES DIGITALES","","","DIGITAL",""
"002145","LUIS FERNANDO RODRIGUEZ CORNEJO","","achachairu esquina seminario 2  201","santa cruz","71005888","","oooo","99001","0005","SUSCRIPTORES DIGITALES","","","DIGITAL",""
"002146","ADHEMAR MANJON VARGAS","","8VO ANILLO DOBLE VIA A LA GUARDIA","","70072813","","","3242346","0001","Suscriptores Generales Facturables","","","PARTICULAR",""
"002147","CERVECERIA BOLIVIANA NACIONAL S.A.","","LA PAZ","","","","","1020229024","0005","SUSCRIPTORES DIGITALES","","","EMPRESA",""
"002148","CRE R.L.","","AV. BUSH ESQUINA CALLE HONDURAS N.- 49","","78182205","","","1028399028","0001","Suscriptores Generales Facturables","","","EMPRESA",""
"002149","BANCO DE CREDITO DE BOLIVIA S.A.","","Av Hernando siles Obrajes","","65158708","","","1020435022","0001","Suscriptores Generales Facturables","","","EMPRESA",""
"002150","RODRIGO PEÑALOZA IMAÑA","","Av Arequipa #8417","","68224749","","","108797018","0001","Suscriptores Generales Facturables","","","PARTICULAR",""
"002151","ROSA Y GRIS VARONES","","AV. BUSCH N.- 657","","77022884","","","5349802012","0001","Suscriptores Generales Facturables","","","EMPRESA",""
"002152","John Payne","","El Carmen 15","Santa Cruz","0059177094465","5/27/2026","1234","4569681","0005","SUSCRIPTORES DIGITALES","","","DIGITAL",""
"002153","JAVIER DIEZ DE MEDINA","",".","","","","","485342","0005","SUSCRIPTORES DIGITALES","","","DIGITAL",""
"002154","GUISSELA ZEBALLOS","",".","","","","","3243000","0005","SUSCRIPTORES DIGITALES","","","DIGITAL",""
"002155","MIGUEL FOGLIA","","Arieta 3151 1 1","San Justo","5491150250592","","1754","6248165","0005","SUSCRIPTORES DIGITALES","","","DIGITAL",""
"002156","JORGE PALZA","",".","","","","","175600","0005","SUSCRIPTORES DIGITALES","","","DIGITAL",""
"002157","OSVALDO LOPEZ","",".","","77494471","5/27/2026","","764442019","0005","SUSCRIPTORES DIGITALES","","","DIGITAL",""
"002158","LAURENT THEVOZ","","Rue de la Lenda 15","Fribourg","0041793878141","","1700","99001","0005","SUSCRIPTORES DIGITALES","","","DIGITAL",""
"002159","DENTONS GUEVARA & GUTIERREZ S.C.","","BARRIO EQUIPETROL CALLE LA PLATA LADO ESTE N.- 19 (PUERTA ROJA)","","72135760;76660024","","","1006835028","0001","Suscriptores Generales Facturables","","","EMPRESA",""
"002160","PATIO DESIGN LIFESTYLE CENTER","","3ER ANILLO INT. AV, NOEL KEMPFF MERCADO ESQUINA AV. BUSCH","","76622989","","","296806029","0001","Suscriptores Generales Facturables","","","EMPRESA",""
"002161","CLINICA BIOGINECOLOGICA MONTALVO S.R.L.","","BARRIO URBARI AV. UNIVERSO N.- 641","","78516020;69090908","","","1012565021","0001","Suscriptores Generales Facturables","","","EMPRESA",""
"002162","INTERMEDICAL SRL.","","AV. ROCA Y CORONADO N.- 779 ENTRE 2DO Y 3ER ANILLO INT.","","75017550","","","238410026","0001","Suscriptores Generales Facturables","","","EMPRESA",""
"002163","MADISA S.A.","","3ER ANILLO INTERNO AV. ROQUE AGUILERA N.- 3105 3NTRE AV. GRIGOTA Y RADIAL CASTILLA","","78406094","","","1028703022","0001","Suscriptores Generales Facturables","","","EMPRESA",""
"002164","JARDIN DE LOS POLLOS SRL.","","BARRIO HAMACAS CALLE 7 OESTE ESQUINA PASILLO 3 CASA N.- 13","","75668844","","","348505025","0001","Suscriptores Generales Facturables","","","EMPRESA",""
"002165","BELMED LTDA","","Av Vasquez","","70695651","","","1006861029","0001","Suscriptores Generales Facturables","","","EMPRESA",""
"002166","CAMEO SRL.","","B.NUEVA JERUSALEN CALLE BABILONIA N.- 2 ENTRANDO POR LA AV. CRISTO REDENTOR ENTRE 7MO Y 8VO ANI LLO.","","78185355","","","184058021","0001","Suscriptores Generales Facturables","","","EMPRESA",""
"002167","EDV BOLIVIA S.A.","","Av, Arce","","71221100","","","1020219028","0001","Suscriptores Generales Facturables","","","EMPRESA",""
"002168","CHRISTIAN TREPP","","La Plata 3","Equipetrol","33321645","","1170","1982771","0005","SUSCRIPTORES DIGITALES","","","DIGITAL",""
"002169","GILDA CESPEDES","",".","","78252563","5/27/2026","","3440783","0005","SUSCRIPTORES DIGITALES","","","DIGITAL",""
"002170","alfonso collazos","",".","","78519887","","","584898","0005","SUSCRIPTORES DIGITALES","","","DIGITAL",""
"002171","FANG WANG MIAO","",".","","","","","1027093024","0005","SUSCRIPTORES DIGITALES","","","DIGITAL",""
"002172","PEDRO ARRIOLA","","31 4","La Paz","71546999","","00000","355147025","0005","SUSCRIPTORES DIGITALES","","","DIGITAL",""
"002173","ARIEL LARA","",".","","","5/27/2026","","489402","0005","SUSCRIPTORES DIGITALES","","","DIGITAL",""
"002174","RICARDO BARRIGA ESTENSSORO","","Toledo 20","Santa Cruz","76020925","","0000","3287461","0005","SUSCRIPTORES DIGITALES","","","DIGITAL",""
"002175","PATRICIA CASTRO","","Kuyperweg 25","Wassenaar","0641173114","","2241LL","99001","0005","SUSCRIPTORES DIGITALES","","","DIGITAL",""
"002176","JAE RIM LEE","","Daeduckdae-ro 168","Seo-gu","525531280879","","35265","99001","0005","SUSCRIPTORES DIGITALES","","","DIGITAL",""
"002177","JAVIER CERNADAS","","Victoria Dr. 110","Madison","12565428740","","35758","99001","0005","SUSCRIPTORES DIGITALES","","","DIGITAL",""
"002178","Luis Marcó","","Tenderini 115","Santiago","56987759505","","8320232","99001","0005","SUSCRIPTORES DIGITALES","","","DIGITAL",""
"002179","RODRIGO URRIOLAGOITIA","","2 55","La Paz","77293336","","00000","99001","0005","SUSCRIPTORES DIGITALES","","","DIGITAL",""
"002180","JOSE ALARCON","","Pfaustr. 13","Kitzbuehl","2229425","","6370","99001","0005","SUSCRIPTORES DIGITALES","","","DIGITAL",""
"002181","BANCO NACIONAL DE BOLIVIA SA","","Av Los Sauces No 189 esq Av Arequipa","","2315040","","","1016253021","0001","Suscriptores Generales Facturables","","","EMPRESA",""
"002182","COMERCIAL NORTE","","ENTRE 3ER ANILLO INTERNO Y EXTERNO  ENTRE AV. ALEMANA Y MUTUALISTA","","72197317;74163202","","","293548022","0001","Suscriptores Generales Facturables","","","EMPRESA",""
"002183","GONZALO GUZMAN","","Urb La Rinconada Zona La Florida","","0","","","153314027","0001","Suscriptores Generales Facturables","","","PARTICULAR",""
"002184","POLLO EL SOLAR","","AV. CAÑOTO N.- 637  C.SUAREZ DE FIGUEROA Y C. JOSE CALLAU","","65530132","","","302876028","0001","Suscriptores Generales Facturables","","","EMPRESA",""
"002185","Remmy Arce","","Pauro 2110","Santa Cruz","72189582","","0000","3622866","0005","SUSCRIPTORES DIGITALES","","","DIGITAL",""
"002186","FERNANDO CAMPERO","","Av Los Tajibos, Alto Auquisamaña 10 4 A","La Paz","77290100","","00000","99001","0005","SUSCRIPTORES DIGITALES","","","DIGITAL",""
"002187","Mario Guillen","","Moss Ranch Ln 13128","Fairfax","12026155401","","22033","2306083","0005","SUSCRIPTORES DIGITALES","","","DIGITAL",""
"002188","JORGE JAVIER","","Fossa Dr 25451","Tomball","9365290683","","77375","99001","0005","SUSCRIPTORES DIGITALES","","","DIGITAL",""
"002189","WALTER SORIANO","",".","","","5/27/2026","","3468922","0005","SUSCRIPTORES DIGITALES","","","DIGITAL",""
"002190","JOSE ANTONIO MURILLO","",".","","","5/27/2026","","2207211","0005","SUSCRIPTORES DIGITALES","","","DIGITAL",""
"002191","BUFETE AGUIRRE QUINTANILLA SORIA & NISHIZAWA SOCIEDAD CIVIL","","Av Las Ramblas Ed Torre Alas p 8","","72022022","","","346254027","0001","Suscriptores Generales Facturables","","","EMPRESA",""
"002192","IMPORTADORA ROSEN SRL","","AV. SANTA CRUZ NRO 874 ESQ TTE RIVERO","","78400503","","","199038021","0001","Suscriptores Generales Facturables","","","EMPRESA",""
"002193","WELLA BOLIVA SANTA CRUZ","","AV. VELARDE NRO 136","","78510514","","","1006861029","0001","Suscriptores Generales Facturables","","","EMPRESA",""
"002194","HYUNDAI ELECTRONICS","","AV. EL TROMPILLO ESQUINA C. JOSE MERCADO AGUADO N.- 22","","77248282","","","286730024","0001","Suscriptores Generales Facturables","","","EMPRESA",""
"002195","KATRINA SMITH","","URBANIZACION CALIFORNIA CALLE SANTO DOMINGO N.- 5350","","+1(610)212-8017","","","17461388","0001","Suscriptores Generales Facturables","","","PARTICULAR",""
"002196","FRANCES HANKINS","",".","","","5/27/2026","","1678024","0005","SUSCRIPTORES DIGITALES","","","DIGITAL",""
"002197","ALVARO RICO","",".","","","","","3137692","0005","SUSCRIPTORES DIGITALES","","","DIGITAL",""
"002198","VIVIANNE ROMERO","","Calle 24 100A","Achumani","22713326","","01","99001","0005","SUSCRIPTORES DIGITALES","","","DIGITAL",""
"002199","EDGAR GUTIERREZ","",".","","","","","2213069","0005","SUSCRIPTORES DIGITALES","","","DIGITAL",""
"002200","CASA IDEAS","","AV. CRISTO REDENTOR ESQUINA AV. LOS CUSIS ENTRE 2DO Y 3ER ANILLO","","65172171","","","176760020","0001","Suscriptores Generales Facturables","","","EMPRESA",""
"002201","PANAMERICAN SUCCESS","","AV. PARAGUA C/CUQUIZAS C/6 N.- 2395 ENTRE 2DO Y 3ER ANILLO","","77633337","","","2834887014","0001","Suscriptores Generales Facturables","","","EMPRESA",""
"002202","OPAL LTDA.","","KM 7 1/2 CARRETERA AL NORTE BARRIO NUEVA JERUSALEN","","72189104","","","1015067025","0001","Suscriptores Generales Facturables","","","EMPRESA",""
"002203","TIENDA AMIGA ER S.A.","","CUARTO ANILLO N.- 4165 BARRIO 2 DE ABRIL","","79039303;75005199","","","176592023","0001","Suscriptores Generales Facturables","","","EMPRESA",""
"002204","SERGIO IBAÑEZ SALINAS","","Av 16 de julio Banco Fortaleza","","68212830","","","2687945016","0001","Suscriptores Generales Facturables","","","PARTICULAR",""
"002205","HELADOS RONNY","","CALLE BERNARDINO DE AVILA N.- 3410 ZONA MERCADO CHACARILLA","","70482456","","","3836300018","0001","Suscriptores Generales Facturables","","","EMPRESA",""
"002206","UNITEPC","","BARRIO VILLA SANTA CRUZ C/14 DE SEPTIEMBTRE (PROLONGACION AV.ALEMANA 8VO ANILLO)","","72227762;77364559","","","1009199021","0001","Suscriptores Generales Facturables","","","EMPRESA",""
"002207","Fernando Oliveira Gomes","","11 Urbanizacion Canoto 18","Santa Cruz","78473863","","Uva 111","10157051","0005","SUSCRIPTORES DIGITALES","","","DIGITAL",""
"002208","WILLIAM DE LAS MUÑECAS","",".","","","","","2634762","0005","SUSCRIPTORES DIGITALES","","","DIGITAL",""
"002209","José Miguel Sánchez","","E 64th street 2524","New York","7868966619","6/4/2026","11234","3357759","0005","SUSCRIPTORES DIGITALES","","","DIGITAL",""
"002210","LUIS ERNESTO ORELLANA","","Oakwood Knoll 25815","Katy","18323741295","","77494","99001","0005","SUSCRIPTORES DIGITALES","","","DIGITAL",""
"002211","HUMBERTO GEMIO","","Alfredo Jauregui 459","La paz","76727239","","1234","99001","0005","SUSCRIPTORES DIGITALES","","","DIGITAL",""
"002212","MAURICIO OCAMPO","",".","","","5/27/2026","","2709266","0005","SUSCRIPTORES DIGITALES","","","DIGITAL",""
"002213","CAROLE BEAUTY SUPPLY SRL.","","AV. TRINIDAD N.- 358 ENTRE 1ER Y 2DO ANILLO","","78041450","","","1027627028","0001","Suscriptores Generales Facturables","","","EMPRESA",""
"002214","ANDAR MOTORS S.A.","","3ER ANILLO EXT. AV. MARCELO TERCEROS BANZER N.- 358 ENTRE AV.SAN MARTIN Y CANAL ISUTO","","78529112","","","165844023","0001","Suscriptores Generales Facturables","","","EMPRESA",""
"002215","ANDRES MORENO","",".","","","5/12/2026","","3360145","0005","SUSCRIPTORES DIGITALES","","","DIGITAL",""
"002216","ivana vargas chavez","","gualberto villaroel 315 315","santa cruz","78135378","","0000","9587675","0005","SUSCRIPTORES DIGITALES","","","DIGITAL",""
"002217","RESTAURANTE EL ARRIERO","","AV. SAN MARTIN Y ALFONSINA STORMI BARRIO EQUIPETROL","","77696242","","","294666026","0001","Suscriptores Generales Facturables","","","EMPRESA",""
"002218","EMBAJADA DE CHINA","","CALLE OBRAJE","","71221100","","","99001","0001","Suscriptores Generales Facturables","","","ESTATAL",""
"002219","ENERSOL S.A.","","DOBLE VIA A LA GUARDIA N.- 4150 ENTRE 4TO Y 5TO ANILLO","","79046287","","","1026889021","0001","Suscriptores Generales Facturables","","","EMPRESA",""
"002220","LABORATORIO ENDOGENETICA SANTA CRUZ SRL.","","CALLE SARA NRO439 ENTRE C/ SEOANE Y C/ CUELLAR","","70631166","","","1013877027","0001","Suscriptores Generales Facturables","","","EMPRESA",""
"002221","JUAN PABLO QUINTANILLA","","CALLE PROLONGACION VALLEGRANDE N.- 921 ENTRE AV. IRALA Y CALLE SOLIZ DE OLGUIN","","75307919","","","5424337","0001","Suscriptores Generales Facturables","","","PARTICULAR",""
"002222","HOTEL YOTAU","","AV.SAN MARTIN BARRIO EQUIPETROL N.- 7","","72140283","","","1028261022","0001","Suscriptores Generales Facturables","","","EMPRESA",""
"002223","MICHELLE LEDERMANN","",".","","","5/27/2026","","5344078","0005","SUSCRIPTORES DIGITALES","","","DIGITAL",""
"002224","Rodolfo Rivero","",".","","76352456","5/27/2026","","4338805","0005","SUSCRIPTORES DIGITALES","","","DIGITAL",""
"002225","MARCO ANTONIO PEREZ VACA","",".","","","","","6312638","0005","SUSCRIPTORES DIGITALES","","","DIGITAL",""
"002226","marcelo garafulic","",".","","67700719","5/27/2026","","3474995","0005","SUSCRIPTORES DIGITALES","","","DIGITAL",""
"002227","PABLO ALBA","",".","","77010050","5/12/2026","","4594336","0005","SUSCRIPTORES DIGITALES","","","DIGITAL",""
"002228","SADRACH AGUILAR","","CRECENCIO LEON N.- 474 ZONA VILLA FATIMA","","77005027","","","4674652","0001","Suscriptores Generales Facturables","","","PARTICULAR",""
"002229","MAXIKING","","6TO ANILLA AV. TRANSVERSAL PARQUE INDUSTRIAL PI-49 LADO DEL HIPERMAXI","","69203316","","","1025905020","0001","Suscriptores Generales Facturables","","","EMPRESA",""
"002230","NOVO DESIGN AMOBLAMIENTO","","AV. 3 PASOS AL FRENTE ENTRE EL 4TO ANILLO Y AV. EL TRILLO BARRIO HEROES DEL CHACO C/ROMELIO ANTUNEZ/","","78469072","","","192556027","0001","Suscriptores Generales Facturables","","","EMPRESA",""
"002231","LA OPTICA GROUP SRL.","","CALLE BENI ESQUINA ARENALES","","71011527","","","156224028","0001","Suscriptores Generales Facturables","","","EMPRESA",""
"002232","INTER SCIENCE LTDA.","","AV.BENI CALLE QUITACHIYU N.- 76 ENTRE AV. LOS CUSIS Y EL 3ER ANILLO INT.","","72620500","","","1027087027","0001","Suscriptores Generales Facturables","","","EMPRESA",""
"002233","SUDAMERICANA SRL.","","BARRIO EQUIPETROL AV. SAN MARTIN CALLE 8 ESTE LA PLATA N.- 25","","77711327;70687618","6/23/2026","","1018797029","0001","Suscriptores Generales Facturables","",".","EMPRESA",""
"002234","Branko Marinkovic","","Punta Man Cesped 28","Santa Cruz","77316823","","00000","2947176","0005","SUSCRIPTORES DIGITALES","","","DIGITAL",""
"002235","HERNAN ARIEL CASTRO HIDALGO","","AV. BELEN CALLE NAZARETH N.- 24","","77638364","","","5208867013","0001","Suscriptores Generales Facturables","","","PARTICULAR",""
"002236","MANUEL EGUEZ","","Feldstrasse 21 1 4","Bülach","41797104054","","8081","4047979","0005","SUSCRIPTORES DIGITALES","","","DIGITAL",""
"002237","ROSARIO VARGASK","","Dovercourt Rd 730 2 216","Toronto","6472626545","","M6H2P9","99001","0005","SUSCRIPTORES DIGITALES","","","DIGITAL",""
"002238","KAREN LONGARIC","","Chausseestr. 6","Berlin","70155155","","10115","99001","0005","SUSCRIPTORES DIGITALES","","","DIGITAL",""
"002239","CLINICA  UCEBOL","","AV. CRISTO REDENTOR 6TO ANILLO CLINICA UNIVERSITARIA UCEBOL","","75389401","","","1026225020","0001","Suscriptores Generales Facturables","","","EMPRESA",""
"002240","CLINICA RENGEL","","CALLE BALLIVIAN N.- 763 CASI 1ER ANILLO AV.VIEDMA","","76271146","","","415663021","0001","Suscriptores Generales Facturables","","","EMPRESA",""
"002241","WALTER NOGALES ( OMNISERVICES )","","CONDOMINIO SEVILLA REAL CALLE SUIZA CASA 30","","76677107","","","410387025","0001","Suscriptores Generales Facturables","","","EMPRESA",""
"002242","PERENT SRL","","CALLE CAPARUCH CALLE N.- 9 ESTE N.- 450 BARRIO CANTRY CLUB LAS PALMAS","","77091333","","","446145020","0001","Suscriptores Generales Facturables","","","EMPRESA",""
"002243","JORGE FELIX TABORDA","",".","","70253060","5/27/2026","","5494597","0005","SUSCRIPTORES DIGITALES","","","DIGITAL",""
"002244","MARIO GAMARRA","",".","",".","6/8/2026","","2880117","0005","SUSCRIPTORES DIGITALES","",".","DIGITAL",""
"002245","LOUISE LOCKHART","","Eastbridge Blvd. 377","Waterloo","5197473832","","N2K 3Y2","99001","0005","SUSCRIPTORES DIGITALES","","","DIGITAL",""
"002246","ROBERTO TELCHI","",".","","59178400414","","","1468238","0005","SUSCRIPTORES DIGITALES","","","DIGITAL",""
"002247","CESAR VILLAVICENCIO AMPUERO","","Avenida Sucre 1309","Pueblo Libre","51917483414","","15086","99001","0005","SUSCRIPTORES DIGITALES","","","DIGITAL",""
"002248","LETICIA JORDÁN TAPIA","",".","","","","","3580771","0005","SUSCRIPTORES DIGITALES","","","DIGITAL",""
"002249","BOLIVIAN ELECTRIC","","AV. SANTA CRUZ N.- 390 ESQUINA AV. VIRGEN DE COTOCA","","78519660","","","1026977023","0001","Suscriptores Generales Facturables","","","EMPRESA",""
"002250","ELECTRONICA DE CONSUMO SURE LTDA.","","3ER ANILLO INT.AV. NOEL KEMPFF MERCADO N.- 1040","","77668801","","","193340028","0001","Suscriptores Generales Facturables","","","EMPRESA",""
"002251","CLINICA VIARA SRL.","","AV. DPTO PANDO N.- 2020 ENTRE 2DO Y 3ER ANILLO INT.","","76334018","","","350389027","0001","Suscriptores Generales Facturables","","","EMPRESA",""
"002252","ALAS","",".","","","","","1011941027","0005","SUSCRIPTORES DIGITALES","","","DIGITAL",""
"002253","Jens Heymert","",".","","","","","2345427","0005","SUSCRIPTORES DIGITALES","","","DIGITAL",""
"002254","Meger Schamisseddine","","Los Pitones 2020 2020","Santa Cruz","77395693","","123456","2800209","0005","SUSCRIPTORES DIGITALES","","","DIGITAL",""
"002255","Ismael Mendoza","",".","","","","","4503911","0005","SUSCRIPTORES DIGITALES","","","DIGITAL",""
"002256","HUGO EDUARDO","","Chituri 15","Andres Ibañez","69032153","","00000","3291041","0005","SUSCRIPTORES DIGITALES","","","DIGITAL",""
"002257","JUAN PABLO JACOBS","","Moxos 508 3 D","Santa Cruz de la Sierra","67899357","5/12/2026","0000","3100594","0005","SUSCRIPTORES DIGITALES","","","DIGITAL",""
"002258","Oswaldo Candia","","Villalobos 1818 1 1","La Paz","59179610000","","1818","3204396010","0005","SUSCRIPTORES DIGITALES","","","DIGITAL",""
"002259","Javier Santalla","",".","","","","","3353967018","0005","SUSCRIPTORES DIGITALES","","","DIGITAL",""
"002260","EDMUNDO JUAN FARELL","",".","","","","","1025375027","0005","SUSCRIPTORES DIGITALES","","","DIGITAL",""
"002261","MAURICIO ROCA","","Marcos terrazas 20","Santa Cruz","78555148","","0000","6364752","0005","SUSCRIPTORES DIGITALES","","","DIGITAL",""
"002262","Fabian Torres","",".","","","","","1149857","0005","SUSCRIPTORES DIGITALES","","","DIGITAL",""
"002263","RIDER LEON","",".","","76665613","","","5357654","0005","SUSCRIPTORES DIGITALES","","","DIGITAL",""
"002264","ALEJANDRO HERRERA","",".","","","","","6081614","0005","SUSCRIPTORES DIGITALES","","","DIGITAL",""
"002265","MAURICIO RIVERO","","Condominio Vitorno 2 2","Santa Cruz","77359069","","0000","4557478","0005","SUSCRIPTORES DIGITALES","","","DIGITAL",""
"002266","ANTONIO JORGE","",".","","","","","4586304","0005","SUSCRIPTORES DIGITALES","","","DIGITAL",""
"002267","marcelo campero","",".","","","","","1871589010","0005","SUSCRIPTORES DIGITALES","","","DIGITAL",""
"002268","OSCAR CASTRO","",".","","77266665","","","3353669","0005","SUSCRIPTORES DIGITALES","","","DIGITAL",""
"002269","BERNARDO URQUIDI","","Nataniel Aguirre 60","Santa Cruz","71530635","","0000","99001","0005","SUSCRIPTORES DIGITALES","","","DIGITAL",""
"002270","SONIA SANCHEZ MORENO","",".","","59171860828","","","1020737019","0005","SUSCRIPTORES DIGITALES","","","DIGITAL",""
"002271","JUAN CARLOS SEIWALD SARABIA","","Av Pirai entre 6 y 7 anillo 7  7","Santa Cruz","70801333","","","2997088","0005","SUSCRIPTORES DIGITALES","","","DIGITAL",""
"002272","MARIO FAUSONE","",".","","59163747784","","","11259956","0005","SUSCRIPTORES DIGITALES","","","DIGITAL",""
"002273","Gary Farell","","los mangales 154","santa cruz","76006461","","591","4612345","0005","SUSCRIPTORES DIGITALES","","","DIGITAL",""
"002274","GUILLERMO KUBA","","Cuarto Anillo 3990 1 1","Santa Cruz","70818114","","scz","1025971028","0005","SUSCRIPTORES DIGITALES","","","DIGITAL",""
"002275","AIDA FERRUFINO","","Carandaiti 95","Andres Ibañez","78412436","","591","3917032","0005","SUSCRIPTORES DIGITALES","","","DIGITAL",""
"002276","MARÍA FERNANDA LANDIVAR CUELLAR","",".","","","","","4706652","0005","SUSCRIPTORES DIGITALES","","","DIGITAL",""
"002277","Miguel Angel Valdez Cossio","","avenida fatima 368","santa cruz","78053566","","0000","6239607","0005","SUSCRIPTORES DIGITALES","","","DIGITAL",""
"002278","FERNANDO CRESPO","","Sagrado corazon 34","Santa Cruz","73650451","","1","99001","0005","SUSCRIPTORES DIGITALES","","","DIGITAL",""
"002279","Jose Luis Suarez","","Alamada Junin 253","Santa Cruz","69233335","","00000","2473908","0005","SUSCRIPTORES DIGITALES","","","DIGITAL",""
"002280","MARK FINKE","","Calle 6-Oeste esq E. Finot sn 12 F","Santa Cruz de la Sierra","70578576","","00000","5962648","0005","SUSCRIPTORES DIGITALES","","","DIGITAL",""
"002281","GUILLERMO GARRON","",".","","","","","3879500","0005","SUSCRIPTORES DIGITALES","","","DIGITAL",""
"002282","FRANCISCO CANEDO","",".","","","","","3302609","0005","SUSCRIPTORES DIGITALES","","","DIGITAL",""
"002283","CAMERON HURST","",".","","","","","2898736","0005","SUSCRIPTORES DIGITALES","","","DIGITAL",""
"002284","Scarlett Arce","","av fatima 2","Santa Cruz","59178053566","","0000","6239607","0005","SUSCRIPTORES DIGITALES","","","DIGITAL",""
"002285","COACOM SRL.","","AV. EL TROMPILLO N.- 1047","","67746509","","","1028689025","0001","Suscriptores Generales Facturables","","","EMPRESA",""
"002286","ALUMINIOS DE BOLIVIA","","AV. CRISTO REDENTOR 5TO ANILLO ENTRE CALLE URKUPIÑA Y PASILLO SAN PEDRO","","77346596","","","122365025","0001","Suscriptores Generales Facturables","","","EMPRESA",""
"002287","SALTOS IMPORTACIONES & REPRESENTACIONES","","AV. GRAL. MANUEL M. FRANCO N.- 115","","77119258","","","1011883022","0001","Suscriptores Generales Facturables","","","EMPRESA",""
"002288","JUGUETERIA LA GANGA","","CALLE CUELLAR N.- 67 ENTRE CALLE LIBERTAD Y CALLE 24 DE SEPTIEMBRE","","77330807;75014122","","","1027557026","0001","Suscriptores Generales Facturables","","","EMPRESA",""
"002289","Jorge Cabrera","","Ballivian ,centro 190","Ciudad","59176002288","","0000","1503045019","0005","SUSCRIPTORES DIGITALES","","","DIGITAL",""
"002290","Jessica Echeverria","",".","","","5/12/2026","","4610722","0005","SUSCRIPTORES DIGITALES","","","DIGITAL",""
"002291","Federico Sánchez","","3 Oeste 10","Capital","77039325","","591","1520401","0005","SUSCRIPTORES DIGITALES","","","DIGITAL",""
"002292","Ronald Nostas","","","","71622322","","","2920117","0005","SUSCRIPTORES DIGITALES","","","DIGITAL",""
"002293","José Manuel","",".","","70877158","5/27/2026","","12443173","0005","SUSCRIPTORES DIGITALES","","","DIGITAL",""
"002294","IMPORTADORA Y EXPORTADORA LECAR SRL.","","AV. CRISTO REDENTOR Y AV. BENI CONDOMINIO LA HACIENDA 1 CALLE LAS PALMERAS N.- 8 A","","77333488","","","211796021","0001","Suscriptores Generales Facturables","","","EMPRESA",""
"002295","EMBAJADA DE TURQUIA","","Calle 8 calacoto esq Abraham Lincon","","","","","99001","0001","Suscriptores Generales Facturables","","","EMPRESA",""
"002296","Javier Suarez","","Cochabamba 789 4 D","Andrés Ibañez","71648988","","0000","1503062","0005","SUSCRIPTORES DIGITALES","","","DIGITAL",""
"002297","JORGE ANTONIO ASBUN ROJAS","","Calle Las Maras 2100","Santa Cruz","77307415","","2940","2974484016","0005","SUSCRIPTORES DIGITALES","","","DIGITAL",""
"002298","fatima vargas","",".","","","5/12/2026","","3256243","0005","SUSCRIPTORES DIGITALES","","","DIGITAL",""
"002299","Alex Fernandez","",".","","72170754","5/27/2026","","994039","0005","SUSCRIPTORES DIGITALES","","","DIGITAL",""
"002300","Diego Justiniano","","","","","","","4715779","0005","SUSCRIPTORES DIGITALES","","","DIGITAL",""
"002301","Ariel Granier","","","","","","","6350850","0005","SUSCRIPTORES DIGITALES","","","DIGITAL",""
"002302","Ramiro Heredia","","Madrejon 241","Santa Cruz de La Sierra","76799967","","Nzc","1277006","0005","SUSCRIPTORES DIGITALES","","","DIGITAL",""
"002303","CARLOS GUTIERREZ","","Colinas del Urubo sector La Cañada 14","Porongo","75001463","","6781","2461020","0005","SUSCRIPTORES DIGITALES","","","DIGITAL",""
"002304","Pablo Groux","","","","67349099","","","3335003012","0005","SUSCRIPTORES DIGITALES","","","DIGITAL",""
"002305","Guido Meruvia","","Achumani Urb Provenir calle 1 N 19A 1","La Paz","78899788","","0000","3328724015","0005","SUSCRIPTORES DIGITALES","","","DIGITAL",""
"002306","Miguel Cassia","",".","","","","","451287","0005","SUSCRIPTORES DIGITALES","","","DIGITAL",""
"002307","Carlos Derpic","","","","77292395","","","1271460","0005","SUSCRIPTORES DIGITALES","","","DIGITAL",""
"002308","Ricardo Saavedra","",".","","76333933","5/12/2026","","1980242","0005","SUSCRIPTORES DIGITALES","","","DIGITAL",""
"002309","Marcelo Mercado","","","","","","","3923466","0005","SUSCRIPTORES DIGITALES","","","DIGITAL",""
"002310","Barry Leonardo Salvatierra Chvez","","","","","","","5328723","0005","SUSCRIPTORES DIGITALES","","","DIGITAL",""
"002311","Galatea SRL","",".","","68920244","5/27/2026","","230738020","0005","SUSCRIPTORES DIGITALES","","","DIGITAL",""
"002312","Denald Chavez","","Calle 10 10","Santa cruz","76348248","","591","3212566","0005","SUSCRIPTORES DIGITALES","","","DIGITAL",""
"002313","GRUPO PATRAGLOBAL SRL.","","BARRIO POLANCO 3ER ANILLO EXTERNO ENTRE AV. SAN AURELIO Y RADIAL 10 CALLE 2 CASA N.- 12","","60983223;70920322","","","425846021","0001","Suscriptores Generales Facturables","","","EMPRESA",""
"002314","FESTIEVENTOS-SC","","AV. ROCA Y CORONADO CALLE PEDRO LORENZO ENTRE TACANA Y YURACARE","","78186864","","","489365020","0001","Suscriptores Generales Facturables","","","EMPRESA",""
"002315","Ministerio de Economía y Finanzas Públicas","","Av. Alcoche 3054 3054","El Alto","78822264","","591","1001543025","0005","SUSCRIPTORES DIGITALES","","","DIGITAL",""
"002316","Marilin Cruz","",".","","","5/27/2026","","3853576","0005","SUSCRIPTORES DIGITALES","","","DIGITAL",""
"002317","Adhemar Rueda","","","","","","","2852800","0005","SUSCRIPTORES DIGITALES","","","DIGITAL",""
"002318","Sergio Antelo","","","","","","","2928002019","0005","SUSCRIPTORES DIGITALES","","","DIGITAL",""
"002319","Alexandro Crooker","","Totaises 84","Santa Cruz","77721520","","000000","2309399019","0005","SUSCRIPTORES DIGITALES","","","DIGITAL",""
"002320","César Elías Del Castillo Linares","","","","","","","2697887016","0005","SUSCRIPTORES DIGITALES","","","DIGITAL",""
"002321","David Adjei","","28 de febrero 00","Andres Ibañez","70932543","","00","4736417","0005","SUSCRIPTORES DIGITALES","","","DIGITAL",""
"002322","Hugo Efrain","","","","","","","8131792","0005","SUSCRIPTORES DIGITALES","","","DIGITAL",""
"002323","ERNESTO VALVERDE","",".","","","","","5829865","0005","SUSCRIPTORES DIGITALES","","","DIGITAL",""
"002324","Andres Antelo","","","","75571917","","","3205238","0005","SUSCRIPTORES DIGITALES","","","DIGITAL",""
"002325","Esteban Mansilla","","","","","","","4578621","0005","SUSCRIPTORES DIGITALES","","","DIGITAL",""
"002326","Marcelo Trigo","","Calle Los Sauces 79","Calacoto","72003862","","13845","2640891","0005","SUSCRIPTORES DIGITALES","","","DIGITAL",""
"002327","cuellar miranda","","","","70072788","","","5846325","0005","SUSCRIPTORES DIGITALES","","","DIGITAL",""
"002328","Angel Zannier","","","","","","","307837","0005","SUSCRIPTORES DIGITALES","","","DIGITAL",""
"002329","Gutierrez","","","","","","","7490752","0005","SUSCRIPTORES DIGITALES","","","DIGITAL",""
"002330","Jaime Tapia","","","","75559523","","","4991263","0005","SUSCRIPTORES DIGITALES","","","DIGITAL",""
"002331","Erwin Dorado","","Andrés Manso 218 1 1","Santa cruz","77618666","","0000","3192614","0005","SUSCRIPTORES DIGITALES","","","DIGITAL",""
"002332","Jorge Velarde","","Puerto Bush 310","Santa Cruz","77690316","","1001","1536701","0005","SUSCRIPTORES DIGITALES","","","DIGITAL",""
"002333","Boris Valenzuela","","","","","","","2665491","0005","SUSCRIPTORES DIGITALES","","","DIGITAL",""
"002334","Cristina Roca","","Fortin Corrales 140","Santa Cruz","72121219","","0","3234670","0005","SUSCRIPTORES DIGITALES","","","DIGITAL",""
"002335","Alejandra Salinas","","Pinilla 291 24 01","La Paz","75264190","","00000","4743800","0005","SUSCRIPTORES DIGITALES","","","DIGITAL",""
"002336","Jorge Sandoval","","","","75341484","","","6313024","0005","SUSCRIPTORES DIGITALES","","","DIGITAL",""
"002337","Manuel Cuevas","","Av. Echazu 100","Tarija","72987444","","0000","1786909","0005","SUSCRIPTORES DIGITALES","","","DIGITAL",""
"002338","boris poklepovic","","PLAZA INDEPENDENCIA 453","Tupiza","79451888","","0000","3972261","0005","SUSCRIPTORES DIGITALES","","","DIGITAL",""
"002339","Kathia Velasco","","","","70943723","","","3832379","0005","SUSCRIPTORES DIGITALES","","","DIGITAL",""
"002340","Rosmery Machicado","","","","","","","1408467","0005","SUSCRIPTORES DIGITALES","","","DIGITAL",""
"002341","Juan Antonio Casal Vaca Diez","","","","77314538","","","4566749013","0005","SUSCRIPTORES DIGITALES","","","DIGITAL",""
"002342","Alfredo Alexander R","","","","","","","5175112","0005","SUSCRIPTORES DIGITALES","","","DIGITAL",""
"002343","MAURICIO NALLAR ANTELO","","AV LAS PALMAS 10","SANTA CRUZ","75002751","","0000","1998698015","0005","SUSCRIPTORES DIGITALES","","","DIGITAL",""
"002344","Marco Rubin de Celis","","","","","","","1546696","0005","SUSCRIPTORES DIGITALES","","","DIGITAL",""
"002345","Miguel Ángel  Flores Justiniano","","","","","","","3894614","0005","SUSCRIPTORES DIGITALES","","","DIGITAL",""
"002346","IMPORTADORA KATYA","","AV. PARAGUA N.- 2835 ESQUINA 3ER ANILLO INTERNO.","","75571792;62166027","","","3204946019","0001","Suscriptores Generales Facturables","","","EMPRESA",""
"002347","Ulises Ruiz","","","","76339988","","","4175267017","0005","SUSCRIPTORES DIGITALES","","","DIGITAL",""
"002348","Alejandro Stroebel","","","","","","","7718034","0005","SUSCRIPTORES DIGITALES","","","DIGITAL",""
"002349","ROBERTO ARIAS","","Montecristo Sur  Calle 2 S/N 0000","Ciudad","74624666","","0000","3839540","0005","SUSCRIPTORES DIGITALES","","","DIGITAL",""
"002350","JOSÉ LUIS","","Juan zarraga 3110","Santa Cruz","75010252","","051","1015123025","0005","SUSCRIPTORES DIGITALES","","","DIGITAL",""
"002351","Sandra Salinas","","","","","","","3299726","0005","SUSCRIPTORES DIGITALES","","","DIGITAL",""
"002352","TT TERAN","","","","","","","3322943","0005","SUSCRIPTORES DIGITALES","","","DIGITAL",""
"002353","GERARDO GARRETT","","24 101","La Paz","72020118","","00000","99001","0005","SUSCRIPTORES DIGITALES","","","DIGITAL",""
"002354","Alejandro Díaz","","","","","","","4560404","0005","SUSCRIPTORES DIGITALES","","","DIGITAL",""
"002355","Aaron Rozenman","",".","","","5/12/2026","","3927919","0005","SUSCRIPTORES DIGITALES","","","DIGITAL",""
"002356","Carlos Carlos","","","","","","","3785667","0005","SUSCRIPTORES DIGITALES","","","DIGITAL",""
"002357","VICTOR HUGO LOPEZ","","","","75019590","","","3262700","0005","SUSCRIPTORES DIGITALES","","","DIGITAL",""
"002358","CONCREVIAL  S.R.L.","","","","","","","227922027","0005","SUSCRIPTORES DIGITALES","","","DIGITAL",""
"002359","Susana Bejarano Auad","","","","","","","4141389015","0005","SUSCRIPTORES DIGITALES","","","DIGITAL",""
"002360","Pedro Jiménez","",".","","","5/12/2026","","1598008","0005","SUSCRIPTORES DIGITALES","","","DIGITAL",""
"002361","HERNAN BENITEZ DJ","","","","","","","10792065","0005","SUSCRIPTORES DIGITALES","","","DIGITAL",""
"002362","Andrea Unzueta","","","","","","","3339029","0005","SUSCRIPTORES DIGITALES","","","DIGITAL",""
"002363","Aida Maria Zuazo Dominguez","","Monseñor Peña esq Melquiades Barbery 555 1 103","Santa Cruz","77307491","","0000","5353457","0005","SUSCRIPTORES DIGITALES","","","DIGITAL",""
"002364","Luisa Cecilia  Chipana","",".","","","","","6357234","0005","SUSCRIPTORES DIGITALES","","","DIGITAL",""
"002365","Ramiro Magariños","","","","","","","123456","0005","SUSCRIPTORES DIGITALES","","","DIGITAL",""
"002366","Ministério de Economía y Finanzas Públicas","","Av Mariscal Santa Cruz 3054 19","La Paz","71539966","","591","1001543025","0005","SUSCRIPTORES DIGITALES","","","DIGITAL",""
"002367","Miguel Souza","","","","75002092","","","3909078015","0005","SUSCRIPTORES DIGITALES","","","DIGITAL",""
"002368","Federico Koelbl","","","","","","","1507187016","0005","SUSCRIPTORES DIGITALES","","","DIGITAL",""
"002369","Delfor Ulloa","","4 30 3 3","La Paz","68296515","","591","2684296019","0005","SUSCRIPTORES DIGITALES","","","DIGITAL",""
"002370","Oscar Arrien","","Prolongación 25 0","La Paz","76284261","","0000","4772555","0005","SUSCRIPTORES DIGITALES","","","DIGITAL",""
"002371","Hector Carballo","","","","","","","6347681","0005","SUSCRIPTORES DIGITALES","","","DIGITAL",""
"002372","MARTA PRAT GUITART","","South Monroe Street 113 1","Tallahassee","13528719913","","32301","99001","0005","SUSCRIPTORES DIGITALES","","","DIGITAL",""
"002373","WALTER SCHMID","","Illimani 9","Achocalla","70174500","","2222","1016463026","0005","SUSCRIPTORES DIGITALES","","","DIGITAL",""
"002374","Carla Daniela Valverde Nallar","","","","","","","1472636","0005","SUSCRIPTORES DIGITALES","","","DIGITAL",""
"002375","Carola Barzon","","","","","","","1849060","0005","SUSCRIPTORES DIGITALES","","","DIGITAL",""
"002376","Oscar Meave","","","","","","","2601511","0005","SUSCRIPTORES DIGITALES","","","DIGITAL",""
"002377","Eduardo Negrete","","Cannara 12","Santa Cruz","63434811","","0000","6311305018","0005","SUSCRIPTORES DIGITALES","","","DIGITAL",""
"002378","Maria Fatima Antequera Peña","","","","","","","1522403","0005","SUSCRIPTORES DIGITALES","","","DIGITAL",""
"002379","Oscar Soriano","","","","","","","2337894","0005","SUSCRIPTORES DIGITALES","","","DIGITAL",""
"002380","Betty Asunta Soruco","",".","","","","","2294560","0005","SUSCRIPTORES DIGITALES","","","DIGITAL",""
"002381","Francisco Botello","","Calle Dardo Arana 3335","Santa Cruz","71503027","","3335","2534580","0005","SUSCRIPTORES DIGITALES","","","DIGITAL",""
"002382","Carlich Claure","","Pinilla 2339","San Jorge","79680977","","00000","6138229","0005","SUSCRIPTORES DIGITALES","","","DIGITAL",""
"002383","Olvis Eguez Oliva","",".","","72877716","6/8/2026","","4734177","0005","SUSCRIPTORES DIGITALES","",".","DIGITAL",""
"002384","Titoarias Arias","",".","",".","6/8/2026","","3297337010","0005","SUSCRIPTORES DIGITALES","",".","DIGITAL",""
"002385","Jaime F Vargas Delos",".",".","","","5/12/2026","","114794","0005","SUSCRIPTORES DIGITALES","","","DIGITAL",""
"002386","SILVIO LINGGI","",".","","","","","3162979","0005","SUSCRIPTORES DIGITALES","","","DIGITAL",""
"002387","JAIME HURTADO","",".","","72188889","","","1333198","0005","SUSCRIPTORES DIGITALES","","","DIGITAL",""
"002388","Francesco Zaratti","","Calle 22 7896","Calacoto","72009933","","00000","1019573027","0005","SUSCRIPTORES DIGITALES","","","DIGITAL",""
"002389","REPSUR SRL","",".","","","","","351488029","0005","SUSCRIPTORES DIGITALES","","","DIGITAL",""
"002390","BRIGITTE PETIT","",".","","","","","2014270","0005","SUSCRIPTORES DIGITALES","","","DIGITAL",""
"002391","MARCOS SIMON","",".","","","","","2926057","0005","SUSCRIPTORES DIGITALES","","","DIGITAL",""
"002392","Jaime F Vargas Delos","",".","","","5/12/2026","","114794","0005","SUSCRIPTORES DIGITALES","","","DIGITAL",""
"002393","Paul Virreira Scholvin","","","","","","","3450250","0005","SUSCRIPTORES DIGITALES","","","DIGITAL",""
"002394","CHEC","","","","63403010","","","310214029","0005","SUSCRIPTORES DIGITALES","","","DIGITAL",""
"002395","Veronica Ocampo","","","","76322550","","","2375843012","0005","SUSCRIPTORES DIGITALES","","","DIGITAL",""
"002396","HUGO VENANCIO APAZA","","","","72674493","","","4989482015","0005","SUSCRIPTORES DIGITALES","","","DIGITAL",""
"002397","Antonio Amado","","","","","","","2661719","0005","SUSCRIPTORES DIGITALES","","","DIGITAL",""
"002398","Ramiro Mayta","","","","","","","4023463","0005","SUSCRIPTORES DIGITALES","","","DIGITAL",""
"002399","EDUARDO MORENO","","Northwest Pkwy 1300  127","New Brighton","3203108274","","55112","99001","0005","SUSCRIPTORES DIGITALES","","","DIGITAL",""
"002400","Esther Casilda Villagómez Pedriel","","","","","","","2839814","0005","SUSCRIPTORES DIGITALES","","","DIGITAL",""
"002401","Tania Monje","","Nicolás Ortiz 50 1 1","Santa Cruz","76387766","","0000","1368885011","0005","SUSCRIPTORES DIGITALES","","","DIGITAL",""
"002402","Leonardo Fabio Taborga Pinto","","Calle René Calvo Arana 291","Sucre","72896807","","0000","4163365","0005","SUSCRIPTORES DIGITALES","","","DIGITAL",""
"002403","Hector Rivero","","","","","","","5391409","0005","SUSCRIPTORES DIGITALES","","","DIGITAL",""
"002404","Luis Santalla","","","","","","","3353965","0005","SUSCRIPTORES DIGITALES","","","DIGITAL",""
"002405","SERGIO LUIS ZEGARRA URQUIDI","",".","","73566242","5/12/2026","","812962","0005","SUSCRIPTORES DIGITALES","","","DIGITAL",""
"002406","Javier Landivar","","","","77344076","","","1997938","0005","SUSCRIPTORES DIGITALES","","","DIGITAL",""
"002407","Marco Antonio Molina Soliz","","","","69000994","","","3228053","0005","SUSCRIPTORES DIGITALES","","","DIGITAL",""
"002408","Martin Salvatierra","","","","","","","4599766015","0005","SUSCRIPTORES DIGITALES","","","DIGITAL",""
"002409","Noemi Vergara","","","","77800662","","","4547728","0005","SUSCRIPTORES DIGITALES","","","DIGITAL",""
"002410","Maria Teresa Viscarra","",".","","76728977","","","172676","0005","SUSCRIPTORES DIGITALES","","","DIGITAL",""
"002411","Toshihiko Fujimoto","","","","","","","2340343","0005","SUSCRIPTORES DIGITALES","","","DIGITAL",""
"002412","Leonardo Aparicio Vaca","","","","79516105","","","5978555","0005","SUSCRIPTORES DIGITALES","","","DIGITAL",""
"002413","Emanuel Roca","","","","","","","3214676","0005","SUSCRIPTORES DIGITALES","","","DIGITAL",""
"002414","Raquel Quevedo","","","","","","","3830897","0005","SUSCRIPTORES DIGITALES","","","DIGITAL",""
"002415","Juan Carlos","",".","","77808391","5/12/2026","","6320167","0005","SUSCRIPTORES DIGITALES","","","DIGITAL",""
"002416","Vivian Ramirez","","Alemana 700","Santa Cruz","75012313","","1999","5845691","0005","SUSCRIPTORES DIGITALES","","","DIGITAL",""
"002417","Pablo Sanchez Sánchez","","","","59175350436","","","3225385","0005","SUSCRIPTORES DIGITALES","","","DIGITAL",""
"002418","Fernando Aranibar","",".","","59176777145","5/27/2026","","2068518013","0005","SUSCRIPTORES DIGITALES","","","DIGITAL",""
"002419","Guido Aracena","","","","","","","3270794","0005","SUSCRIPTORES DIGITALES","","","DIGITAL",""
"002420","MARCELA REVOLLO","","Calle Gregorio Reynolds esq plaza España Condominio 5 casas timbre 22","","78970714","","","3124969011","0001","Suscriptores Generales Facturables","","","PARTICULAR",""
"002421","Godofredo Sandoval","",".","","76765290","5/27/2026","","1255399","0005","SUSCRIPTORES DIGITALES","","","DIGITAL",""
"002422","Eduard Escalante Vargas","","Jose Otero 04","Santa Cruz de la S","70938964","","0000000","6213210","0005","SUSCRIPTORES DIGITALES","","","DIGITAL",""
"002423","Franz Prado","","","","","","","2295876","0005","SUSCRIPTORES DIGITALES","","","DIGITAL",""
"002424","Jaime Rozenman","",".","","","5/12/2026","","844417","0005","SUSCRIPTORES DIGITALES","","","DIGITAL",""
"002425","RODRIGO PANIAGUA","","24 de Septiembre Edificio Torre Urucú 000 3 303","Santa Cruz","70976748","5/12/2026","00000","4644134018","0005","SUSCRIPTORES DIGITALES","","","DIGITAL",""
"002426","Raul Hurt","","","","","","","3456231","0005","SUSCRIPTORES DIGITALES","","","DIGITAL",""
"002427","HANS SVANE","",".","","75031630","","","3864151","0005","SUSCRIPTORES DIGITALES","","","DIGITAL",""
"002428","INGENIO SUCROALCOHOLERO AGUAÍ S.A.","",".","","","5/18/2026","","147840023","0005","SUSCRIPTORES DIGITALES","","","DIGITAL",""
"002429","ISMENIA ARTOLA","","Los Almendros 80 3 C","La Paz","73297881","","000","3681010","0005","SUSCRIPTORES DIGITALES","","","DIGITAL",""
"002430","Alfonso Cortez","","","","75640004","","","2849940019","0005","SUSCRIPTORES DIGITALES","","","DIGITAL",""
"002431","Carlo Abucci","","","","70341258","","","6946140","0005","SUSCRIPTORES DIGITALES","","","DIGITAL",""
"002432","CERAMICA GLADYMAR S.A.","","GLADYMAR CUADRA PARALELA AL 3ER ANILLO INTERNO ENTRE AV. CRISTO REDENTOR Y AV. BENI","","72130398","","","1028531026","0001","Suscriptores Generales Facturables","","","EMPRESA",""
"002433","IC NORTE MEGA MARKET","","AV.BUSH NRO 3035","","70763845","","","1009445021","0001","Suscriptores Generales Facturables","","","EMPRESA",""
"002434","Silvio Nunez","","Moldes 200 1 Casa","Santa Cruz","72100035","","0000","1028301022","0005","SUSCRIPTORES DIGITALES","","","DIGITAL",""
"002435","Manfredo Vaca","","Prolongación Santiago Ortiz 54 1 1","Santa Cruz","67707677","","00","1539891015","0005","SUSCRIPTORES DIGITALES","","","DIGITAL",""
"002436","Extend Comunicaciones Bolivia SRL","","Gregorio Gamarra 27","Murillo","70516057","","0000","1018569021","0005","SUSCRIPTORES DIGITALES","","","DIGITAL",""
"002437","Victor Vega","","","","71339319","","","1074380","0005","SUSCRIPTORES DIGITALES","","","DIGITAL",""
"002438","Luis Alberto Vaca Pinto Saavedra","","","","70208415","","","5852472017","0005","SUSCRIPTORES DIGITALES","","","DIGITAL",""
"002439","Daniel Renjel","","Urbanización Colinas de Aranjuez 15","La Paz","69853500","","00000","4931628","0005","SUSCRIPTORES DIGITALES","","","DIGITAL",""
"002440","HCS Abogados","","","","","","","396560025","0005","SUSCRIPTORES DIGITALES","","","DIGITAL",""
"002441","Roger Lopez","","Teniente Aponte 26","Santa Cruz","77777777","","3016","3822155","0005","SUSCRIPTORES DIGITALES","","","DIGITAL",""
"002442","Rosendo Cuellar","","","","","","","1943264","0005","SUSCRIPTORES DIGITALES","","","DIGITAL",""
"002443","FERNANDO DE OLIVEIRA","","4 ANILLO ESQ. AV. LA SALLE 33300","ANDRES IBAÑEZ","72004541","","0000","811486011","0005","SUSCRIPTORES DIGITALES","","","DIGITAL",""
"002444","Paul Stach","","calle Federico Zuazo 1905","La Paz","22441660","","1000","3420683","0005","SUSCRIPTORES DIGITALES","","","DIGITAL",""
"002445","JOSE LUIS SEVERICHE","","","","","","","2925442","0005","SUSCRIPTORES DIGITALES","","","DIGITAL",""
"002446","Glovert Esteban","","","","71691021","","","4551569","0005","SUSCRIPTORES DIGITALES","","","DIGITAL",""
"002447","Jimena De la Quintana","","","","77694434","","","2639281","0005","SUSCRIPTORES DIGITALES","","","DIGITAL",""
"002448","Ambar Ortiz","","Ballivian 1144","Santa Cruz","77302919","","0000","5334629","0005","SUSCRIPTORES DIGITALES","","","DIGITAL",""
"002449","Milton Fredd Montano Salaverry","","Av. 4to Anillo 3990","Santa Cruz","78469269","","0591","2865521","0005","SUSCRIPTORES DIGITALES","","","DIGITAL",""
"002450","BISA SAFI S.A.","","Achumani Los Rosales 6 2 201","Murillo","69741333","","12345","1020357025","0005","SUSCRIPTORES DIGITALES","","","DIGITAL",""
"002451","Andres Krutzfeldt","","","","77395535","","","2477736","0005","SUSCRIPTORES DIGITALES","","","DIGITAL",""
"002452","jesus peredo cordova","","Urb. santa isabel, diamante 38","santa cruz, ciudad","75665857","","1","1982855","0005","SUSCRIPTORES DIGITALES","","","DIGITAL",""
"002453","Marcelo Rodrigo Vasquez Lema","","","","77820059","","","5357203011","0005","SUSCRIPTORES DIGITALES","","","DIGITAL",""
"002454","Carlos H. Fernandez Mazzi","","","","","","","260763","0005","SUSCRIPTORES DIGITALES","","","DIGITAL",""
"002455","Shem nicep Sandoval Coronado","","Cristo salvador 33 0 1","SC - SANTA CRUZ DE LA SIERRA","71052788","","000","6219800","0005","SUSCRIPTORES DIGITALES","","","DIGITAL",""
"002456","Jaime uzquiano","","6 de agosto 279","potosi","77479756","","0","2863396","0005","SUSCRIPTORES DIGITALES","","","DIGITAL",""
"002457","Bruno Ferrari","","Av busch calle 12 oeste macororo 8 8 9 9A","Santa Cruz","74696388","","00000","3277545","0005","SUSCRIPTORES DIGITALES","","","DIGITAL",""
"002458","Bruno Bauer","","Centro 0","Santa Cruz","59167701589","","0000","6220384013","0005","SUSCRIPTORES DIGITALES","","","DIGITAL",""
"002459","Ammy Murillo","","Linares Sucre Murguía 1735","Oruro","70430987","","561","56926760","0005","SUSCRIPTORES DIGITALES","","","DIGITAL",""
"002460","Marcelo Caballero","","Algaba Oeste 18","Santa Cruz","78452007","","5696","1112442","0005","SUSCRIPTORES DIGITALES","","","DIGITAL",""
"002461","BANCO PRODEM S.A.","","Andres Muñoz 1070","La Paz","72015123","","000","1029837028","0005","SUSCRIPTORES DIGITALES","","","DIGITAL",""
"002462","Fabiola Roca","","","","","","","3885141","0005","SUSCRIPTORES DIGITALES","","","DIGITAL",""
"002463","Oporto","","Av Monseñor Quiroz Nro 100 3 303","La Paz","70175530","","0000","2352313011","0005","SUSCRIPTORES DIGITALES","","","DIGITAL",""
"002464","Andreas Graef","","","","","","","0028156","0005","SUSCRIPTORES DIGITALES","","","DIGITAL",""
"002465","jesus cerda","","14 calacoto 8152","La paz","76738386","","0000","2268230","0005","SUSCRIPTORES DIGITALES","","","DIGITAL",""
"002466","Caceres","","Zanja de Coronación 000","Oruro","68149788","","0000","5068682012","0005","SUSCRIPTORES DIGITALES","","","DIGITAL",""
"002467","TROPICO/O BOTICARIO","","AV. VIEDMA N.- 791","","77334134","","","337068021","0001","Suscriptores Generales Facturables","","","EMPRESA",""
"002468","Franklin Garvizu Janco","","24 de Septiembre 122","Montero","74919229","","51","6292121013","0005","SUSCRIPTORES DIGITALES","","","DIGITAL",""
"002469","Edmundo Lopez","",".","","","5/12/2026","","5374109010","0005","SUSCRIPTORES DIGITALES","","","DIGITAL",""
"002470","Saul Salinas","","Los tureres 2060","Santa Cruz","72101150","","000","1144644","0005","SUSCRIPTORES DIGITALES","","","DIGITAL",""
"002471","Vania Sandoval","",".","","","5/27/2026","","1571936017","0005","SUSCRIPTORES DIGITALES","","","DIGITAL",""
"002472","Carlos Arze","","Hno. Pinto Tellería 101 1 101","La Paz","22799848","","8630","2334395","0005","SUSCRIPTORES DIGITALES","","","DIGITAL",""
"002473","PETROBRAS BOLIVIA S.A.","","Av. San Martín 1600 2","Santa Cruz de la Sierra","3667000","5/12/2026","6866","1028173027","0005","SUSCRIPTORES DIGITALES","","","DIGITAL",""
"002474","Petrobras Bolivia S.A.","","Centro Empresarial Equipetrol 1600","SC","71698064","5/12/2026","6866","1028173027","0005","SUSCRIPTORES DIGITALES","","","DIGITAL",""
"002475","Luis Almandoz","","Av. Hernando Siles esq c10 5555 6 6","La Paz","72007529","","0","17456626","0005","SUSCRIPTORES DIGITALES","","","DIGITAL",""
"002476","HOTEL MADRID","","c / Indaburo Esq Junin y Bolivar","","77396700","","","359866020","0001","Suscriptores Generales Facturables","",".","EMPRESA",""
"002477","AESA RATINGS S.A.","","CALLE 15 DE CALACOTO EDIFICIO PLAZA 15 BRO 8054 PISO 5 OFICINA 5D","","70674793","11/25/2026","","188120027","0001","Suscriptores Generales Facturables","","","EMPRESA",""
"002478","JORGE MAX TORREZ GARAY","","SANTA CRUZ","","71650646","","","379836","0005","SUSCRIPTORES DIGITALES","","","DIGITAL",""
"002479","Hugo del  Granado","","13 417 3 A","La Paz","77711533","","0000","486842013","0005","SUSCRIPTORES DIGITALES","","","DIGITAL",""
"002480","Juan Carlos","","Bolivar 318 0 0","Sucre","72877000","5/12/2026","0","1026613","0005","SUSCRIPTORES DIGITALES","","","DIGITAL",""
"002481","Shiela Palza","","","","50661797248","","","330196","0005","SUSCRIPTORES DIGITALES","","","DIGITAL",""
"002482","Carlos Guevara","","Av Arce 2519","La Paz","70165561","6/13/2026","5495","2330675","0005","SUSCRIPTORES DIGITALES","","","DIGITAL",""
"002483","Jorge Velasco Bruno","","Av Rene Moreno 160","Santa Cruz","59177393178","","00000","1589940","0005","SUSCRIPTORES DIGITALES","","","DIGITAL",""
"002484","Ricardo Espinoza Moreno","","","","","","","3901576013","0005","SUSCRIPTORES DIGITALES","","","DIGITAL",""
"002485","BRAQAFFAIRS S.R.L.","","","","72202991","","","482590024","0005","SUSCRIPTORES DIGITALES","","","DIGITAL",""
"002486","CAINCO","","Av. Las Américas 7 6","Santa Cruz","76377518","","0000","4680583","0005","SUSCRIPTORES DIGITALES","","","DIGITAL",""
"002487","CAINCO","","Av. Las Américas 7 7","Santa Cruz","77675505","","0000","1028437029","0005","SUSCRIPTORES DIGITALES","","","DIGITAL",""
"002488","CAINCO","","Av. Las Américas 7 6","Santa Cruz","75007776","","0000","1028437029","0005","SUSCRIPTORES DIGITALES","","","DIGITAL",""
"002489","EL MANANTIAL INVERSIONES S.A.","",".","","59178000088","5/18/2026","","1028471022","0005","SUSCRIPTORES DIGITALES","","","DIGITAL",""
"002490","Adriana Huaman","","Tomas Ramsey 930 3 301","Magdalena","999999999","","15076","123458705","0005","SUSCRIPTORES DIGITALES","","","DIGITAL",""
"002491","CENTRO MEDICO MI SALUD","","PROLONGACION BENI 6TO ANILLO CALLE 12 DE ABRIL N.- 6125","","76003146","","","5345685015","0001","Suscriptores Generales Facturables","","","EMPRESA",""
"002492","Walter Anez","","","","","","","3288721","0005","SUSCRIPTORES DIGITALES","","","DIGITAL",""
"002493","CAINCO","","Av. Las Americas 7 7","Santa Cruz","71320202","","0000","1028437029","0005","SUSCRIPTORES DIGITALES","","","DIGITAL",""
"002494","Jeffer Bruun","","Condominio Macororó 6 0 5 5C","Santa Cruz","70060061","","00000","5896511","0005","SUSCRIPTORES DIGITALES","","","DIGITAL",""
"002495","Aponte Aldazosa","","","","0","","","4284549","0005","SUSCRIPTORES DIGITALES","","","DIGITAL",""
"002496","Leandro Venticola","","","","3874156756","","","36803927","0005","SUSCRIPTORES DIGITALES","","","DIGITAL",""
"002497","INSTITUTO TECNOLOGICO CECAP","","AV. CENTENARIO N.- 2750 ENTRE 2DO Y 3ER ANILLO","","60839180","","","487465027","0001","Suscriptores Generales Facturables","","","EMPRESA",""
"002498","COLCHONES KORICOMA","","PARQUE INDUSTRIAL MANZANA 40 A","","77777778","","","179658026","0001","Suscriptores Generales Facturables","","","EMPRESA",""
"002499","Romer Yqueda Calderón","","","","","","","5877158","0005","SUSCRIPTORES DIGITALES","","","DIGITAL",""
"002500","paul roosenboom","","","","","","","6225628","0005","SUSCRIPTORES DIGITALES","","","DIGITAL",""
"002501","Bryan Ulpana","","","","","","","8205239","0005","SUSCRIPTORES DIGITALES","","","DIGITAL",""
"002502","INSTITUTO TECNICO TATAPY","","AV, SANTA CRUZ N.- 832","","76856584","","","170250020","0001","Suscriptores Generales Facturables","","","EMPRESA",""
"002503","Christian haab","","andres manso 340","santa cruz","75655040","","12345","3853929","0005","SUSCRIPTORES DIGITALES","","","DIGITAL",""
"002504","FLAVIA PALMA PORTA","","Calle El Horcon 3095","STA CRUZ DE LA SIERRA","69200059","","000","1596480","0005","SUSCRIPTORES DIGITALES","","","DIGITAL",""
"002505","Dora García","","No tiene nombre 000 2 2H","Santa Cruz de la Sierra","69121923","","0000","3869461","0005","SUSCRIPTORES DIGITALES","","","DIGITAL",""
"002506","Rettis Rhandolp","","ND 100","CENTRO","51944248015","","180105","40655410","0005","SUSCRIPTORES DIGITALES","","","DIGITAL",""
"002507","GIAMPAOLO ROMANO","","Bosques de la Colina Mnz 42 Casa 6 6","Santa Cruz","765310958","","0000","6330203","0005","SUSCRIPTORES DIGITALES","","","DIGITAL",""
"002508","DANNY GUTIERREZ","","","","","","","4616557","0005","SUSCRIPTORES DIGITALES","","","DIGITAL",""
"002509","JOSE NEGUERUELA","","","","","","","11605361","0005","SUSCRIPTORES DIGITALES","","","DIGITAL",""
"002510","Carolina Lenis Pozo","","5 Los Tucanes 2040 2 5","Andres Ibanez","65056995","","0","5495417013","0005","SUSCRIPTORES DIGITALES","","","DIGITAL",""
"002511","Fernando Antezana","","","","","","","979687","0005","SUSCRIPTORES DIGITALES","","","DIGITAL",""
"002512","JORGE FLORES","","Calle Radial Castilla 645 Barrio Las Palmas","","70953491","","","1469606016","0001","Suscriptores Generales Facturables","","","PARTICULAR",""
"002513","amanda chaparro","","","","51932566420","","","1548247","0005","SUSCRIPTORES DIGITALES","","","DIGITAL",""
"002514","Gonzalo Kieffer","","","","72036757","","","396656","0005","SUSCRIPTORES DIGITALES","","","DIGITAL",""
"002515","Mario Mercado","","","","68131299","","","5978283","0005","SUSCRIPTORES DIGITALES","","","DIGITAL",""
"002516","Ian Miranda","","Av. Cristo Redentor 00 1 201","Santa Cruz","60552637","","0000","8948126","0005","SUSCRIPTORES DIGITALES","","","DIGITAL",""
"002517","Verónica Aramayo","",".","","59177744685","9/16/2026","","465594015","0005","SUSCRIPTORES DIGITALES","","","DIGITAL",""
"002518","Adrian Menacho","","","","70654180","","","2234007","0005","SUSCRIPTORES DIGITALES","","","DIGITAL",""
"002519","Maria Paula","","","","78008090","","","3229823","0005","SUSCRIPTORES DIGITALES","","","DIGITAL",""
"002520","Daniel Andres Franck Ampuero","",".","","70611661","","","4302468010","0005","SUSCRIPTORES DIGITALES","","","DIGITAL",""
"002521","Cristina Bubba","","","","71537009","","","1027008","0005","SUSCRIPTORES DIGITALES","","","DIGITAL",""
"002522","Enrique Gutierrez","","","","75007032","","","1520939","0005","SUSCRIPTORES DIGITALES","","","DIGITAL",""
"002523","JACOB TEICHROEB","",".","","76607958","","","4608817","0005","SUSCRIPTORES DIGITALES","","","DIGITAL",""
"002524","Diego Saavedra","","","","77045740","","","5329737012","0005","SUSCRIPTORES DIGITALES","","","DIGITAL",""
"002525","Henrik Bruun Jensen","","","","75359405","","","17346264","0005","SUSCRIPTORES DIGITALES","","","DIGITAL",""
"002526","RODRIGO REQUE","","","","59168010200","","","4884162","0005","SUSCRIPTORES DIGITALES","","","DIGITAL",""
"002527","José Aguilera","","","","","","","3929413","0005","SUSCRIPTORES DIGITALES","","","DIGITAL",""
"002528","Linda González","","Condominio Daddario 91","Andrés Ibáñez","75020897","","123456","4586689","0005","SUSCRIPTORES DIGITALES","","","DIGITAL",""
"002529","Henry Araoz","","","","","","","3567830","0005","SUSCRIPTORES DIGITALES","","","DIGITAL",""
"002530","Marcelo Añez","","5 24","Porongo","75756357","","0000","3898208","0005","SUSCRIPTORES DIGITALES","","","DIGITAL",""
"002531","Marcelo Jaldín","","Urubó Golf modulo 3 75","Urubó","77606009","","0000","2394288","0005","SUSCRIPTORES DIGITALES","","","DIGITAL",""
"002532","Herbert  Vargas Campero","","Av Cristo Rendentor 1500","Santa Ceuz","33470288","","10260","2284794","0005","SUSCRIPTORES DIGITALES","","","DIGITAL",""
"002533","Fernando Arze","","Valdivieso 662 2 E","Cochabamba","65738500","","00","2284391","0005","SUSCRIPTORES DIGITALES","","","DIGITAL",""
"002534","Marta Azcui","","Jorge Rodríguez balanza 12","Bella vista","78899100","","00000","2448187","0005","SUSCRIPTORES DIGITALES","","","DIGITAL",""
"002535","Enrrique Roca Alba","","","","73379871","","","3290407019","0005","SUSCRIPTORES DIGITALES","","","DIGITAL",""
"002536","Bismark A. Cuéllar Chávez","","","","","","","2851839","0005","SUSCRIPTORES DIGITALES","","","DIGITAL",""
"002537","TRIPLEX LTDA.","","KM 8 CARRETERA AL NORTE ENTRENDO POR LA CHONTA 700 MTS","","77600819","","","1031083026","0001","Suscriptores Generales Facturables","","","EMPRESA",""
"002538","Richard Gonzales Peredo","","Puerto Rico 72","Santa Cruz","72191197","","0","6308236","0005","SUSCRIPTORES DIGITALES","","","DIGITAL",""
"002539","Pablo Mendieta","","","","68826669","","","3374505","0005","SUSCRIPTORES DIGITALES","","","DIGITAL",""
"002540","Carla Patricia Soria Galvarro","","","","59177095413","","","3896468","0005","SUSCRIPTORES DIGITALES","","","DIGITAL",""
"002541","Martin Steiger","","","","","","","5322144","0005","SUSCRIPTORES DIGITALES","","","DIGITAL",""
"002542","Manfredo Muñoz","","","","76333361","","","1982689","0005","SUSCRIPTORES DIGITALES","","","DIGITAL",""
"002543","ramon m. castellanos","","","","","","","1667066","0005","SUSCRIPTORES DIGITALES","","","DIGITAL",""
"002544","COLHER GROUP SRL.","","CARRETERA AL NORTE ENTRE 8VO Y 9NO ANILLO AV. SAN JUAN BARRIO 23 DE JUNIO","","71030070","","","163328020","0001","Suscriptores Generales Facturables","","","EMPRESA",""
"002545","Jorge Mauricio González Torrez","","","","78099013","","","6255349","0005","SUSCRIPTORES DIGITALES","","","DIGITAL",""
"002546","Javier Valda","",".","","70000021","5/27/2026","","5973490","0005","SUSCRIPTORES DIGITALES","","","DIGITAL",""
"002547","Dennys Barja","","Barrio Universitario C/A Nro. 9 9","Santa Cruz","77691705","","1977","3483176","0005","SUSCRIPTORES DIGITALES","","","DIGITAL",""
"002548","TIERRA","","CALLE HERMANOS MANCHEGO N.- 2566","","67143321","","","1001027026","0005","SUSCRIPTORES DIGITALES","","","DIGITAL",""
"002549","COLCCI FITNESS SRL","","","","70829809","","","361345023","0005","SUSCRIPTORES DIGITALES","","","DIGITAL",""
"002550","TOCARS BROKERS SRL CORREDORES Y ASESORES DE SEGUROS","","CALLE 7 OESTE (CORDOVA) N.- 6 DE EQUIPETROL","","74163659","","","315916022","0001","Suscriptores Generales Facturables","","","EMPRESA",""
"002551","JOSE LUIS MATURANA","","","","67709992","","","3191731","0005","SUSCRIPTORES DIGITALES","","","DIGITAL",""
"002552","Timothy Killeen","",".","","5108161952","5/27/2026","","567440926","0005","SUSCRIPTORES DIGITALES","","","DIGITAL",""
"002553","Jorge Justiniano","","","","77671777","","","2971351019","0005","SUSCRIPTORES DIGITALES","","","DIGITAL",""
"002554","Julio Cesar Mendez","","","","","","","4595157","0005","SUSCRIPTORES DIGITALES","","","DIGITAL",""
"002555","martin rapp","","","","72169693","","","3294470","0005","SUSCRIPTORES DIGITALES","","","DIGITAL",""
"002556","Maria Jose Salazar","",".","","75578025","","","5355925","0005","SUSCRIPTORES DIGITALES","","","DIGITAL",""
"002557","Remberto Quispe","","","","","","","4810621","0005","SUSCRIPTORES DIGITALES","","","DIGITAL",""
"002558","Fernando Elio Antelo","","","","","","","4731605","0005","SUSCRIPTORES DIGITALES","","","DIGITAL",""
"002559","Juan Pablo Valenzuela Arzadum","","","","71112510","","","4201587016","0005","SUSCRIPTORES DIGITALES","","","DIGITAL",""
"002560","Arison Aguilar","","","","","","","4772062","0005","SUSCRIPTORES DIGITALES","","","DIGITAL",""
"002561","Edil Bello","","","","","","","4562287","0005","SUSCRIPTORES DIGITALES","","","DIGITAL",""
"002562","Sergio Ramiro Angulo Numbela","","Genesis 17","Santa Cruz","62152965","","0000","6438131","0005","SUSCRIPTORES DIGITALES","","","DIGITAL",""
"002563","Luis Alberto Arias","",".","","","","","1483815013","0005","SUSCRIPTORES DIGITALES","","","DIGITAL",""
"002564","JOSE BARROSO MENDEZ","","Mz 10 10","Andrés Ibáñez","72032268","","20","2304188","0005","SUSCRIPTORES DIGITALES","","","DIGITAL",""
"002565","BANCO BISA S.A.","","AV. 16 DE JULIO N.- 1628 EL PARDO","","22317272","","","1020149020","0005","SUSCRIPTORES DIGITALES","","","DIGITAL",""
"002566","CORPORACION ACEROS AREQUIPA SRL","","5TO ANILLO DOBLE VIA A LA GUARDIA Y RADIAL 17 1/2 CALLE AZURITA","","77682571","","","317032023","0001","Suscriptores Generales Facturables","","","EMPRESA",""
"002567","UNIVERSIDAD CRISTIANA DE BOLIVIA","","AV. CRISTO REDENTOR 6TO ANILLO","","72155335","","","1028507020","0001","Suscriptores Generales Facturables","","","EMPRESA",""
"002568","fernando campuzano","","","","","","","3099392","0005","SUSCRIPTORES DIGITALES","","","DIGITAL",""
"002569","Gonzalo Villegas","","6 de agosto 2190 19 02","Murillo","76139439","","00591","658841","0005","SUSCRIPTORES DIGITALES","","","DIGITAL",""
"002570","Alejandra Ramirez","","av. Ecológica 4","Tiquipaya","59171776065","6/19/2026","000","3725247","0005","SUSCRIPTORES DIGITALES","","","DIGITAL",""
"002571","Rodrigo Soto","","","","","","","3330292","0005","SUSCRIPTORES DIGITALES","","","DIGITAL",""
"002572","Maria Luiza De Araujo Barbieri","","Nicolas Ortiz 02","Santa Cruz","76300691","","00000","10159702","0005","SUSCRIPTORES DIGITALES","","","DIGITAL",""
"002573","FARMAVAL BOLIVIA SRL","","Maria Luisa Castro 28","Santa Cruz de la Sierra","71093141","5/12/2026","0000","1023291025","0005","SUSCRIPTORES DIGITALES","","","DIGITAL",""
"002574","FARMAVAL BOLIVIA SRL","","Maria Luisa Castro 28","Santa Cruz de la Sierra","72190657","5/12/2026","00000","1023291025","0005","SUSCRIPTORES DIGITALES","","","DIGITAL",""
"002575","IMPORTADORA PAS","","AV. GUAPAY N.- 2765 ENTRE 2DO Y 3ER ANILLO","","76683017","","","1563303017","0001","Suscriptores Generales Facturables","","","EMPRESA",""
"002576","F. Javier  Limpias","",".","","","5/18/2026","","1536018","0005","SUSCRIPTORES DIGITALES","","","DIGITAL",""
"002577","MARIO SUÁREZ","","Avenida Santos Dumont 1700","Santa Cruz","79015170","","2772","2920263","0005","SUSCRIPTORES DIGITALES","","","DIGITAL",""
"002578","FARMAVAL BOLIVIA SRL.","","Maria Luisa Castro 28","Santa Cruz de la Sierra","72204600","5/12/2026","00000","1023291025","0005","SUSCRIPTORES DIGITALES","","","DIGITAL",""
"002579","Julio Mendez","","Juan de la Riva 1479 1 Casa","La Paz","77291756","","221","245690","0005","SUSCRIPTORES DIGITALES","","","DIGITAL",""
"002580","FARMAVAL BOLIVIA SRL.","","Maria Luisa Castro 28","Santa Cruz de la Sierra","72168011","5/12/2026","00000","1023291025","0005","SUSCRIPTORES DIGITALES","","","DIGITAL",""
"002581","FARMAVAL BOLIVIA SRL.","","Maria Luisa Castro 28","Santa Cruz de la Sierra","72053815","5/12/2026","00000","1023291025","0005","SUSCRIPTORES DIGITALES","","","DIGITAL",""
"002582","FARMAVAL BOLIVIA SRL.","","Maria luisa Castro 28","Santa Cruz de la Sierra","72138439","5/12/2026","00000","1023291025","0005","SUSCRIPTORES DIGITALES","","","DIGITAL",""
"002583","FARMAVAL BOLIVIA SRL.","","Maria Luisa Castro 28","Santa Cruz de la Sierra","76121380","5/12/2026","00000","1023291025","0005","SUSCRIPTORES DIGITALES","","","DIGITAL",""
"002584","Rodrigo Pari Susaño","","Jenecherú 821","Andrés Ibáñez","75640414","","0000","9753055","0005","SUSCRIPTORES DIGITALES","","","DIGITAL",""
"002585","Pedro Cruz","","","","","","","3913460","0005","SUSCRIPTORES DIGITALES","","","DIGITAL",""
"002586","Alvaro Conde","","monseñor peña 303","santa cruz de la sierra","71696300","","0000","4601869","0005","SUSCRIPTORES DIGITALES","","","DIGITAL",""
"002587","FARMAVAL BOLIVIA SRL","",".","","59172235567","5/12/2026","","1023291025","0005","SUSCRIPTORES DIGITALES","","","DIGITAL",""
"002588","STAFFING LTDA","","CALLE GUARAYOS N.- 211","","72223598","","","1026251022","0001","Suscriptores Generales Facturables","","","EMPRESA",""
"002589","Saúl Datzer","","Manuelita suarez 27","santa ana","74144444","","0000","4394569","0005","SUSCRIPTORES DIGITALES","","","DIGITAL",""
"002590","Fabian Torres","","Av. Pirai, Sta Cruz de la Colina 2","Urubo","76343604","","0000","1149857","0005","SUSCRIPTORES DIGITALES","","","DIGITAL",""
"002591","Arturo Altamirano","","Centurias 14","Santa Cruz","77039368","","303","1664810","0005","SUSCRIPTORES DIGITALES","","","DIGITAL",""
"002592","AXS BOLIVIA S.A.","","AV. JULIO CALLE PATIÑO 1179","","70697679","","","1020389023","0001","Suscriptores Generales Facturables","","","EMPRESA",""
"002593","Rodriguez","","Av Cristobal de Mendoza 532","Santa Cruz","78452205","","0","185154025","0005","SUSCRIPTORES DIGITALES","","","DIGITAL",""
"002594","Humberto Cabrera","","","","","","","3280895","0005","SUSCRIPTORES DIGITALES","","","DIGITAL",""
"002595","Ernesto Rojas Ponce","","","","","","","3359391","0005","SUSCRIPTORES DIGITALES","","","DIGITAL",""
"002596","ROBERTO CUADROS","","Sánchez Lima 2282 6 B","La Paz","68938898","","0","476914","0005","SUSCRIPTORES DIGITALES","","","DIGITAL",""
"002597","David Ever Merida Baldelomar","","","","","","","3180061","0005","SUSCRIPTORES DIGITALES","","","DIGITAL",""
"002598","Edmundo Ferrufino","","","","","","","1598618","0005","SUSCRIPTORES DIGITALES","","","DIGITAL",""
"002599","Franz Rojas","","","","77900859","","","3731168","0005","SUSCRIPTORES DIGITALES","","","DIGITAL",""
"002600","Damian Flores Dvalos","","","","","","","3238833","0005","SUSCRIPTORES DIGITALES","","","DIGITAL",""
"002601","carlos felipe gutierrez","","Urb. Cañoto Calle 10 Casa 15","santa cruz","76000390","","00000","2396706","0005","SUSCRIPTORES DIGITALES","","","DIGITAL",""
"002602","Oscar Felipe  Melgar Saucedo","","","","","","","1750955","0005","SUSCRIPTORES DIGITALES","","","DIGITAL",""
"002603","German Antelo","","","","","","","1500431","0005","SUSCRIPTORES DIGITALES","","","DIGITAL",""
"002604","Miguel angel Salvatierra","","Cap teniente cueto 3006 1 1","Santa cruz","62123558","","00000","4707656","0005","SUSCRIPTORES DIGITALES","","","DIGITAL",""
"002605","Marcelo Rana","","Avenida principal 24","Colinas del Urubo","77612685","","2","475473","0005","SUSCRIPTORES DIGITALES","","","DIGITAL",""
"002606","Jose Luis Justiniano Arancibia","","","","","","","4734225","0005","SUSCRIPTORES DIGITALES","","","DIGITAL",""
"002607","Delfín Arias Vargas","","","","76741153","","","2557187","0005","SUSCRIPTORES DIGITALES","","","DIGITAL",""
"002608","Ivan Finot","","Las Acacias 7","La Paz","71520680","","00000","760803","0005","SUSCRIPTORES DIGITALES","","","DIGITAL",""
"002609","Mario Valenzuela","","Motacu 2500","Santa Cruz","78523743","","00000","6291451","0005","SUSCRIPTORES DIGITALES","","","DIGITAL",""
"002610","Carlos Delfin Franco","","La Américas 406","Santa cruz","76009685","","0000","5841394","0005","SUSCRIPTORES DIGITALES","","","DIGITAL",""
"002611","Julio Gomez","","Calle 2","Santa Cruz","72189910","","0626","3227883","0005","SUSCRIPTORES DIGITALES","","","DIGITAL",""
"002612","Veronica Estevez","","Nicaragua 62  8","Santa Cruz","77339769","","-2","3836431","0005","SUSCRIPTORES DIGITALES","","","DIGITAL",""
"002613","Roca Peña Fernando","","Av. Virgen de Cotoca Km 8 0000","Santa Cruz","3465786","","1178","1982814","0005","SUSCRIPTORES DIGITALES","","","DIGITAL",""
"002614","Donald Villarroel","","Celso Castedo 251 1 1","Santa Cruz","69051425","","1","4584179","0005","SUSCRIPTORES DIGITALES","","","DIGITAL",""
"002615","Christian Gross","","Los Batos 0","Porongo","69506437","","0","837771018","0005","SUSCRIPTORES DIGITALES","","","DIGITAL",""
"002616","Pedro Fardella","","Beni 145 8 8-D","Santa cruz","59172125999","","591","2288942","0005","SUSCRIPTORES DIGITALES","","","DIGITAL",""
"002617","Peter Gschwind","","","","","","","2887533","0005","SUSCRIPTORES DIGITALES","","","DIGITAL",""
"002618","JHOMAR ARANO","","","","","","","9328613","0005","SUSCRIPTORES DIGITALES","","","DIGITAL",""
"002619","Sumire Matsumoto Matsudo","","","","","","","5365560","0005","SUSCRIPTORES DIGITALES","","","DIGITAL",""
"002620","Neven Matijasevic","","Pantanal esq. Calle 5 3","Santa Cruz Ciudad","73106378","","000","5343052","0005","SUSCRIPTORES DIGITALES","","","DIGITAL",""
"002621","Erika Holters","","Libertad 156 2","Centro","78400591","","1111","3827590","0005","SUSCRIPTORES DIGITALES","","","DIGITAL",""
"002622","Luis Berretta","","","","78053566","","","6239607","0005","SUSCRIPTORES DIGITALES","","","DIGITAL",""
"002623","Jorge Morato","","","","76180004","","","212728","0005","SUSCRIPTORES DIGITALES","","","DIGITAL",""
"002624","Oscar Guzman","","","","75074667","","","4561222","0005","SUSCRIPTORES DIGITALES","","","DIGITAL",""
"002625","Jaime Barrenechea","","","","70878888","","","1870133","0005","SUSCRIPTORES DIGITALES","","","DIGITAL",""
"002626","Alejandro Torrez Cautin","","","","72148980","","","5380673","0005","SUSCRIPTORES DIGITALES","","","DIGITAL",""
"002627","Jorge Torrico","","","","73071481","","","2379069","0005","SUSCRIPTORES DIGITALES","","","DIGITAL",""
"002628","Jose María Garrido Vargas","","","","","","","2988595","0005","SUSCRIPTORES DIGITALES","","","DIGITAL",""
"002629","Marcelo Perales","","","","70666228","","","4269453","0005","SUSCRIPTORES DIGITALES","","","DIGITAL",""
"002630","Adrian Castedo","","","","72120677","","","3849916","0005","SUSCRIPTORES DIGITALES","","","DIGITAL",""
"002631","Oscar Mamani","","","","72170273","","","2621171","0005","SUSCRIPTORES DIGITALES","","","DIGITAL",""
"002632","Gustavo Leyton Aviles","","","","78977000","","","1020583023","0005","SUSCRIPTORES DIGITALES","","","DIGITAL",""
"002633","Pedro Angel Pastor Bautista","","","madrid","34606343329","","28055","01176855","0005","SUSCRIPTORES DIGITALES","","","DIGITAL",""
"002634","walter lafuente","","av 6 de agosto 2549 10 10b","la paz","72004066","","14581","463603","0005","SUSCRIPTORES DIGITALES","","","DIGITAL",""
"002635","Aaron Rozenman","",".","","75020403","5/12/2026","","3927919","0005","SUSCRIPTORES DIGITALES","","","DIGITAL",""
"002636","Fernando Mariaca","","","","75636946","","","4570957","0005","SUSCRIPTORES DIGITALES","","","DIGITAL",""
"002637","Carlos Alberto Roca","","Platanillos 410","Santa Cruz","77346168","","0000","3287480","0005","SUSCRIPTORES DIGITALES","","","DIGITAL",""
"002638","Kristin Vogt Miranda","","","","75954343","","","4409222","0005","SUSCRIPTORES DIGITALES","","","DIGITAL",""
"002639","Jose Paolantonio","","","","59176004269","","","2971608","0005","SUSCRIPTORES DIGITALES","","","DIGITAL",""
"002640","Gonzalo Puente","","","","61678678","","","783290","0005","SUSCRIPTORES DIGITALES","","","DIGITAL",""
"002641","Nicolas Zalles","","","","78000224","","","4692405","0005","SUSCRIPTORES DIGITALES","","","DIGITAL",""
"002642","Kathia Antelo Paz","","","","67848065","","","3287666","0005","SUSCRIPTORES DIGITALES","","","DIGITAL",""
"002643","Vladimir Medina","","","","70606565","","","6842197","0005","SUSCRIPTORES DIGITALES","","","DIGITAL",""
"002644","Viviana Badani","","","","72671646","","","2981403","0005","SUSCRIPTORES DIGITALES","","","DIGITAL",""
"002645","Sergio Novillo","","","","79698519","","","3356045","0005","SUSCRIPTORES DIGITALES","","","DIGITAL",""
"002646","Walter E Añez Leigue","","","","59178406094","","","4589031","0005","SUSCRIPTORES DIGITALES","","","DIGITAL",""
"002647","William Herrera","","","","71648303","","","2827592019","0005","SUSCRIPTORES DIGITALES","","","DIGITAL",""
"002648","Sandra Siguayro","","","","78089210","","","6265522","0005","SUSCRIPTORES DIGITALES","","","DIGITAL",""
"002649","Fernando Prado","","","","70060442","","","1488088","0005","SUSCRIPTORES DIGITALES","","","DIGITAL",""
"002650","Abrahan Irala Limon","","","","73140723","","","7737502","0005","SUSCRIPTORES DIGITALES","","","DIGITAL",""
"002651","Robert Herman Flock","","","","59176081765","","","124655029","0005","SUSCRIPTORES DIGITALES","","","DIGITAL",""
"002652","Marco IBAÑEZ","","","","71541981","","","3378957","0005","SUSCRIPTORES DIGITALES","","","DIGITAL",""
"002653","María Renée  Bejarano","","","","71558777","","","1036686","0005","SUSCRIPTORES DIGITALES","","","DIGITAL",""
"002654","Max Eguivar","","","","69203709","","","4926254","0005","SUSCRIPTORES DIGITALES","","","DIGITAL",""
"002655","Farid Machicado","","","","79628000","","","3469059","0005","SUSCRIPTORES DIGITALES","","","DIGITAL",""
"002656","Oliver Dueri","","","","59172100033","","","307303","0005","SUSCRIPTORES DIGITALES","","","DIGITAL",""
"002657","Jorge Cordova","","","","77019533","","","589568","0005","SUSCRIPTORES DIGITALES","","","DIGITAL",""
"002658","Lorena Vazquez","","","","78180550","","","5367090","0005","SUSCRIPTORES DIGITALES","","","DIGITAL",""
"002659","Maria Jose","","","","75639118","","","3830325","0005","SUSCRIPTORES DIGITALES","","","DIGITAL",""
"002660","rolando arostegui","","","","3334115","","","1576381","0005","SUSCRIPTORES DIGITALES","","","DIGITAL",""
"002661","Juan Carlos Cabrera Mendez","","","","70955556","","","1575578010","0005","SUSCRIPTORES DIGITALES","","","DIGITAL",""
"002662","ivan rivero","","","","59172122030","","","617653","0005","SUSCRIPTORES DIGITALES","","","DIGITAL",""
"002663","Erwin Aguilera","","","","71698006","","","2942383","0005","SUSCRIPTORES DIGITALES","","","DIGITAL",""
"002664","Monica Machicao","","","","72048470","","","2020210","0005","SUSCRIPTORES DIGITALES","","","DIGITAL",""
"002665","Ariel Chavez","","","","75021277","","","2962222","0005","SUSCRIPTORES DIGITALES","","","DIGITAL",""
"002666","Javier Paz","","","","77691696","","","4653991","0005","SUSCRIPTORES DIGITALES","","","DIGITAL",""
"002667","Joaquin Antelo","","","","75523666","","","7821284","0005","SUSCRIPTORES DIGITALES","","","DIGITAL",""
"002668","David Rodriguez","","","","78020705","","","5485565014","0005","SUSCRIPTORES DIGITALES","","","DIGITAL",""
"002669","Robert Becerra El Hage","","","","74160129","","","5387331","0005","SUSCRIPTORES DIGITALES","","","DIGITAL",""
"002670","Ramiro Bayá Soruco","","","","78331228","","","4534980","0005","SUSCRIPTORES DIGITALES","","","DIGITAL",""
"002671","Hotel Plaza24 Hotel Plaza 24","","","","61392424","","","309690026","0005","SUSCRIPTORES DIGITALES","","","DIGITAL",""
"002672","Mario Urbano Loayza","","","","69818817","","","2754856","0005","SUSCRIPTORES DIGITALES","","","DIGITAL",""
"002673","Dario Chirinos","","","","70005746","","","3876243","0005","SUSCRIPTORES DIGITALES","","","DIGITAL",""
"002674","INFOCENTER S.A.","","CALLE SAAVEDRA ENTRE LA PAZ Y COCHABAMBA","","71655276","","","1026833028","0001","Suscriptores Generales Facturables","","","EMPRESA",""
"002675","JAIME AVILA","","","","73262952","","","4909492","0005","SUSCRIPTORES DIGITALES","","","DIGITAL",""
"002676","Jose Nicolas Landivar","","","","72120086","","","1026969024","0005","SUSCRIPTORES DIGITALES","","","DIGITAL",""
"002677","Iber Moscoso Navarro","","","","79980080","","","5643748012","0005","SUSCRIPTORES DIGITALES","","","DIGITAL",""
"002678","Alberto Farfan","","","","77793299","","","230527","0005","SUSCRIPTORES DIGITALES","","","DIGITAL",""
"002679","Hans Bury","","","","0787330361","","","5361532","0005","SUSCRIPTORES DIGITALES","","","DIGITAL",""
"002680","Israel Quino","","","","69176666","","","3410639","0005","SUSCRIPTORES DIGITALES","","","DIGITAL",""
"002681","Kurt Klein","","","","78555537","","","1517983","0005","SUSCRIPTORES DIGITALES","","","DIGITAL",""
"002682","Ariel Sanabria","","","","78930177","","","1798700","0005","SUSCRIPTORES DIGITALES","","","DIGITAL",""
"002683","Henry Cristhian Ayala Guarachi","","","","79797719","","","4825572","0005","SUSCRIPTORES DIGITALES","","","DIGITAL",""
"002684","Zulema Norma Capquequi","","","","77356060","","","5414642","0005","SUSCRIPTORES DIGITALES","","","DIGITAL",""
"002685","Centro de Información de las Naciones Unidas","","Guachalla 452 6","La Paz","70516016","","000","99001","0005","SUSCRIPTORES DIGITALES","","","DIGITAL",""
"002686","ANIBAL AVILA CONDORI","","","","77354905","","","6292183","0005","SUSCRIPTORES DIGITALES","","","DIGITAL",""
"002687","Edgar Azenas","","2815 Belpre Rd 2815  2815","Silver Spring","2404987933","","20906","3202647","0005","SUSCRIPTORES DIGITALES","","","DIGITAL",""
"002688","Pepe Pomacusi","","Jevio 2000. Edificio Torre Salto 2000 12 12B","Santa Cruz de la Sierra","72111022","","591","2838543","0005","SUSCRIPTORES DIGITALES","","","DIGITAL",""
"002689","Juan Carlos  Borja Roman","","","Ballybofey","353899825628","","93","4705151018","0005","SUSCRIPTORES DIGITALES","","","DIGITAL",""
"002690","Oscar GOMEZ BERTHON","","","","78441020","","","5341491","0005","SUSCRIPTORES DIGITALES","","","DIGITAL",""
"002691","Julio Cesar Mancilla Campero","","","","72014460","","","3480505","0005","SUSCRIPTORES DIGITALES","","","DIGITAL",""
"002692","Vladimir Peña","","","","59178077634","","","5418918","0005","SUSCRIPTORES DIGITALES","","","DIGITAL",""
"002693","DIACONIA FRIF IFD","","Av. Juan Pablo 125","La Paz","71532622","","0","1020601026","0005","SUSCRIPTORES DIGITALES","","","DIGITAL",""
"002694","Renzo Ayarde","","","","","","","4643038","0005","SUSCRIPTORES DIGITALES","","","DIGITAL",""
"002695","HAIR RECOVERY","","AV. SAN MARTIN BARRIO EQUIPETROL CALLE 9 OESTE N.- 122","","75059069","","","183826022","0001","Suscriptores Generales Facturables","","","EMPRESA",""
"002696","Carlos Enrique Arze Landivar","",".","","59167002688","","","161363","0005","SUSCRIPTORES DIGITALES","","","DIGITAL",""
"002697","LUIS GERMÁN SUÁREZ ELÍO","","JOSE VASQUEZ 29 0 0","ANDRES IBAÑEZ","77023872","","0","2015679019","0005","SUSCRIPTORES DIGITALES","","","DIGITAL",""
"002698","Jorge Ernesto Avila Antelo","","","","59176003252","","","1718718","0005","SUSCRIPTORES DIGITALES","","","DIGITAL",""
"002699","MONTJAIM SRL","","","","72072076","","","378071022","0005","SUSCRIPTORES DIGITALES","","","DIGITAL",""
"002700","Esteban Soruco","","","","76751079","","","2643037","0005","SUSCRIPTORES DIGITALES","","","DIGITAL",""
"002701","Daniel Vargas","","","","78421838","","","3427701","0005","SUSCRIPTORES DIGITALES","","","DIGITAL",""
"002702","Roberto  Alvarez Teran","","","","77200155","","","4751668019","0005","SUSCRIPTORES DIGITALES","","","DIGITAL",""
"002703","Luis Fernando Vaca Pereira Antelo","","","","76315234","","","5397507","0005","SUSCRIPTORES DIGITALES","","","DIGITAL",""
"002704","LABORATORIO CATEDRAL","","CALLE ANDRES IBAÑEZ N.- 115 ENTRE CALLE LIBERTAD Y CALLE 21 DE MAYO","","62239866","","","1012539022","0001","Suscriptores Generales Facturables","","","EMPRESA",""
"002705","Alvaro Melgarejo","","","","77064952","","","4716359","0005","SUSCRIPTORES DIGITALES","","","DIGITAL",""
"002706","Marcelo Cazas","",".","","72002525","","","3379881","0005","SUSCRIPTORES DIGITALES","","","DIGITAL",""
"002707","Francisco Padilla León","","Germán Mendoza 12","Sucre","63354308","","0000","7567772","0005","SUSCRIPTORES DIGITALES","","","DIGITAL",""
"002708","Jaime Unzueta","","","","59172035751","","","1544384","0005","SUSCRIPTORES DIGITALES","","","DIGITAL",""
"002709","Robin Jofre","","","","59172000100","","","489791","0005","SUSCRIPTORES DIGITALES","","","DIGITAL",""
"002710","SEGALES CUBA","","Castulo Chavez s/n 2","Santa Cruz","77533516","","0000","5349542013","0005","SUSCRIPTORES DIGITALES","","","DIGITAL",""
"002711","SUPER CAR WASH","","AV. BUSH ESQUINA CALLE 5 N.- 992 ENTRE 2DO Y 3ER ANILLO DIAGONAL A INEGAS","","77397388","","","2938553017","0001","Suscriptores Generales Facturables","","","EMPRESA",""
"002712","Juan Pablo Tordoya Vega","","","","72147971","","","4626667","0005","SUSCRIPTORES DIGITALES","","","DIGITAL",""
"002713","Benito Arteaga Perez","","","","77378397","","","3269995","0005","SUSCRIPTORES DIGITALES","","","DIGITAL",""
"002714","yaks huaibe","","","","75006207","","","5364190","0005","SUSCRIPTORES DIGITALES","","","DIGITAL",""
"002715","Oliver Dueri","","","","59172100033","","","307303","0005","SUSCRIPTORES DIGITALES","","","DIGITAL",""
"002716","Christian Aramayo","","","","76694294","","","4309593013","0005","SUSCRIPTORES DIGITALES","","","DIGITAL",""
"002717","westermann srl","","","","76044112","","","187522029","0005","SUSCRIPTORES DIGITALES","","","DIGITAL",""
"002718","Sebastian Garcia","","","","75004874","","","8468258","0005","SUSCRIPTORES DIGITALES","","","DIGITAL",""
"002719","M  nica Salvatierra","","","","76003609","","","2310401","0005","SUSCRIPTORES DIGITALES","","","DIGITAL",""
"002720","Oscar Gutierrez","","","","","","","4556604019","0005","SUSCRIPTORES DIGITALES","","","DIGITAL",""
"002721","axel mugrabe","","","","71314204","","","2830071","0005","SUSCRIPTORES DIGITALES","","","DIGITAL",""
"002722","Alberto Libera","","","","76973555","","","2333314","0005","SUSCRIPTORES DIGITALES","","","DIGITAL",""
"002723","Ignacio Araoz","","","","77275090","","","6735339","0005","SUSCRIPTORES DIGITALES","","","DIGITAL",""
"002724","Factual Agencia de Comunicación SRL","","","","77039579","","","304244027","0005","SUSCRIPTORES DIGITALES","","","DIGITAL",""
"002725","Carla Cecilia Reinaga","","","","78852700","","","3451574","0005","SUSCRIPTORES DIGITALES","","","DIGITAL",""
"002726","Jesus Aponte Vargas","","","Annandale","5713315173","","22003","31723640","0005","SUSCRIPTORES DIGITALES","","","DIGITAL",""
"002727","Pablo Nina","","","","77736193","","","4086053","0005","SUSCRIPTORES DIGITALES","","","DIGITAL",""
"002728","juan carlos numbela gutierrez","","","","69230030","","","4573762","0005","SUSCRIPTORES DIGITALES","","","DIGITAL",""
"002729","Felipe Coser","","","","63431680","","","17501880","0005","SUSCRIPTORES DIGITALES","","","DIGITAL",""
"002730","Alvaro Mier","","","","75005271","","","3177803","0005","SUSCRIPTORES DIGITALES","","","DIGITAL",""
"002731","Teresa Baldiviezo","","","","3441922","","","613141","0005","SUSCRIPTORES DIGITALES","","","DIGITAL",""
"002732","Blanca Elena Mercado","","","","70955035","","","3872093013","0005","SUSCRIPTORES DIGITALES","","","DIGITAL",""
"002733","Maria Soliz Urrutia","","","Charlotte","9802677996","","28212","4337401","0005","SUSCRIPTORES DIGITALES","","","DIGITAL",""
"002734","Roy Justiniano","","","","69266403","","","9598376","0005","SUSCRIPTORES DIGITALES","","","DIGITAL",""
"002735","William Youmans","","","","14125220542","","","00000000","0005","SUSCRIPTORES DIGITALES","","","DIGITAL",""
"002736","Ricardo Braun","","condominio barrio norte c/4 este nro 15","","76000025","","","3293601","0001","Suscriptores Generales Facturables","","","PARTICULAR",""
"002737","Jannette Amparo Sandra Canedo Guzmán","","","","77537154","","","920946015","0005","SUSCRIPTORES DIGITALES","","","DIGITAL",""
"002738","JAVIER RAMIRO VELASQUEZ RAMIREZ","","Remberto Prado 3","Sucre","71820825","","0000","1368543","0005","SUSCRIPTORES DIGITALES","","","DIGITAL",""
"002739","IBAÑEZ MALU","","Av Hernando Siles calle 3","","76207273","","","2016750014","0001","Suscriptores Generales Facturables","","","EMPRESA",""
"002740","Pilar Arispe","","","","72057137","","","4761679","0005","SUSCRIPTORES DIGITALES","","","DIGITAL",""
"002741","Raul Paniagua","","","","70819166","","","3899222","0005","SUSCRIPTORES DIGITALES","","","DIGITAL",""
"002742","Chung Ho Choe","","","","70811869","","","269628024","0005","SUSCRIPTORES DIGITALES","","","DIGITAL",""
"002743","JHIMMY HENDRIX","",".","","78100194","5/27/2026","","6248305","0005","SUSCRIPTORES DIGITALES","","","DIGITAL",""
"002744","MADEPA S.A.","","PARQUE INDUSTRIAL MZA 27","","71013056","","","1028465027","0001","Suscriptores Generales Facturables","","","EMPRESA",""
"002745","Diego Rodriguez","",".","","71339331","5/27/2026","","4621148","0005","SUSCRIPTORES DIGITALES","","","DIGITAL",""
"002746","Jorge Eguez","","","","59175554712","","","2982312","0005","SUSCRIPTORES DIGITALES","","","DIGITAL",""
"002747","Juan Carlos Zapata Osorio","","","","70772141","","","5218200","0005","SUSCRIPTORES DIGITALES","","","DIGITAL",""
"002748","Roberto Sánchez","","","","72511503","","","3365125","0005","SUSCRIPTORES DIGITALES","","","DIGITAL",""
"002749","William Méndez","","Cuevo 180","Santa Cruz de la Sierra","72152221","","00000","3216810","0005","SUSCRIPTORES DIGITALES","","","DIGITAL",""
"002750","Francisco Munizaga","","","","77337688","","","3375352","0005","SUSCRIPTORES DIGITALES","","","DIGITAL",""
"002751","Maximo Cortez","","","","67888754","","","6264296","0005","SUSCRIPTORES DIGITALES","","","DIGITAL",""
"002752","Jorge Toyama","","","","72146149","","","2962055019","0005","SUSCRIPTORES DIGITALES","","","DIGITAL",""
"002753","Alexander Vaca","","","","78048682","","","5616912","0005","SUSCRIPTORES DIGITALES","","","DIGITAL",""
"002754","Yenny Vaca Paz","","","","78565040","","","2947773","0005","SUSCRIPTORES DIGITALES","","","DIGITAL",""
"002755","FEDERACION DE EMPRESARIOS PRIVADOS DE SANTA CRUZ","",".","","3334259","5/18/2026","","126083026","0005","SUSCRIPTORES DIGITALES","","","DIGITAL",""
"002756","Abdallah Edmond Daher Bulus","","","","72151793","","","2826331","0005","SUSCRIPTORES DIGITALES","","","DIGITAL",""
"002757","Jorge Barrenechea","","","","72144213","","","1606139","0005","SUSCRIPTORES DIGITALES","","","DIGITAL",""
"002758","OSCAR COSTA","","","","72107006","","","5400826","0005","SUSCRIPTORES DIGITALES","","","DIGITAL",""
"002759","RODRIGUEZ & BAUDOIN COMUNICACION ESTRATEGICA SRL","","EDIFICIO OMNIA DEI CALLE ADOLFO FLORES ESQUINA V.PINTO UV 59 MZ 42 PISO 2 OFICINA 302","","70612248","","","1018245021","0001","Suscriptores Generales Facturables","","","EMPRESA",""
"002760","John Falter","","","","63528297","","","10766836","0005","SUSCRIPTORES DIGITALES","","","DIGITAL",""
"002761","Gabriela Montaño","","","","73983975","","","3893417015","0005","SUSCRIPTORES DIGITALES","","","DIGITAL",""
"002762","Karin Koelbl","","","","71641099","","","359387020","0005","SUSCRIPTORES DIGITALES","","","DIGITAL",""
"002763","Rodrigo Ayala","","","","72988999","","","2346689","0005","SUSCRIPTORES DIGITALES","","","DIGITAL",""
"002764","Gorka Fernando Gamarra","","","","70612830","","","3477544013","0005","SUSCRIPTORES DIGITALES","","","DIGITAL",""
"002765","Ramiro Ramírez","","","","72579202","","","2318591","0005","SUSCRIPTORES DIGITALES","","","DIGITAL",""
"002766","Antony Zhang","","","","008615256948916","","","19900810","0005","SUSCRIPTORES DIGITALES","","","DIGITAL",""
"002767","Rocio Portugal","","","","72451416","","","3656790019","0005","SUSCRIPTORES DIGITALES","","","DIGITAL",""
"002768","Grover Mamani Borja","","","","71539781","","","5136126","0005","SUSCRIPTORES DIGITALES","","","DIGITAL",""
"002769","Luís Fernando Añez","","","","77002227","","","4175353","0005","SUSCRIPTORES DIGITALES","","","DIGITAL",""
"002770","Jancarla Ribera","","","","78091955","","","5869799","0005","SUSCRIPTORES DIGITALES","","","DIGITAL",""
"002771","jimena antelo","","","","72153354","","","192872029","0005","SUSCRIPTORES DIGITALES","","","DIGITAL",""
"002772","Gonzalo Escalera","","","","71733967","","","4538553","0005","SUSCRIPTORES DIGITALES","","","DIGITAL",""
"002773","constructora y servicios isometrico srl","","villa 1ro de mayo edificio alanis 1er piso","Andres Ibañez","67863122","","00","389716025","0001","Suscriptores Generales Facturables","","","EMPRESA",""
"002774","Christian Villegas Eguino","","","","76933013","","","4481127","0005","SUSCRIPTORES DIGITALES","","","DIGITAL",""
"002775","EMBAJADA BRITANICA","","Av Arce","","75799166","","","99001","0001","Suscriptores Generales Facturables","","","ESTATAL",""
"002776","Rodrigo Velarde","","","","69321000","","","4565812","0005","SUSCRIPTORES DIGITALES","","","DIGITAL",""
"002777","victor lopez","","","","72138839","","","2820541","0005","SUSCRIPTORES DIGITALES","","","DIGITAL",""
"002778","SOCIEDAD COMERCIAL E INDUSTRIAL HANSA LTDA.","","AV. CRISTO REDENTOR N.- 470","","76031566;3189000","","","1020343027","0001","Suscriptores Generales Facturables","","","EMPRESA",""
"002779","Santos Condori","","","","77191484","","","1838550","0005","SUSCRIPTORES DIGITALES","","","DIGITAL",""
"002780","Jose Manuel","","","","76060024","","","9008241019","0005","SUSCRIPTORES DIGITALES","","","DIGITAL",""
"002781","Elmer Jordán","","","","70273342","","","1699611","0005","SUSCRIPTORES DIGITALES","","","DIGITAL",""
"002782","Tito Andrés Ramos","","","","76849580","","","6334313","0005","SUSCRIPTORES DIGITALES","","","DIGITAL",""
"002783","Carlos Kempff","","","","77086317","","","3162282","0005","SUSCRIPTORES DIGITALES","","","DIGITAL",""
"002784","Pablo Montenegro","","","","70118267","","","2018275","0005","SUSCRIPTORES DIGITALES","","","DIGITAL",""
"002785","Gustavo Luna","","","","70516436","","","2440603","0005","SUSCRIPTORES DIGITALES","","","DIGITAL",""
"002786","Luis Tejada","","","","72044133","","","2354882","0005","SUSCRIPTORES DIGITALES","","","DIGITAL",""
"002787","Fabián Yaksic","","5 5120 2","La Paz","72002927","6/11/2026","0000","2291071","0005","SUSCRIPTORES DIGITALES","",".","DIGITAL",""
"002788","Dinko Fernández Jáuregui","","","","554199110220","","","5891183","0005","SUSCRIPTORES DIGITALES","","","DIGITAL",""
"002789","QUATTRO SRL.","","3ER ANILLO INT.AV. NOEL KEMPFF MERCADO ESQUINA PASAJE LANDIVAR FRENTE AL ZOOLOGICO.","","78075813;62148905","","","368651029","0001","Suscriptores Generales Facturables","","","EMPRESA",""
"002790","Gerson Rivero","","","","79469222","","","3233958014","0005","SUSCRIPTORES DIGITALES","","","DIGITAL",""
"002791","Alejandro Ribera","","","","76015021","","","0000","0005","SUSCRIPTORES DIGITALES","","","DIGITAL",""
"002792","MEDIAPRODUCCION BOLIVIA SRL.","","BARRIO GUAPAY AV. MARCELO TERCEROS BANZER 3ER ANILLO EXT. ESQ. CALLE DR JAIME ROMAN N.- 350","","78010875;75079208","","","314990021","0001","Suscriptores Generales Facturables","","","EMPRESA",""
"002793","HIDRAUCRUZHC SRL","","DOBLE VIA A LA GUARDIA ENTRE 3ER Y 4TO ANILLO","","67839454","","","347592020","0001","Suscriptores Generales Facturables","","","EMPRESA",""
"002794","FERROVIARIA ORIENTAL S.A.","","AV. INTERMODAL ENTRE AV. BRASIL Y AV. 3 PASOS AL FRENTE","","72120697","","","1028221021","0001","Suscriptores Generales Facturables","","","EMPRESA",""
"002795","FUNDACION UNIR BOLIVIA","","Sanchez Lima 2687 Sopocachi","","","","","131975026","0005","SUSCRIPTORES DIGITALES","","","DIGITAL",""
"002796","XTRATEGIA SOCIEDAD CIVIL","","","","70201013","","","406114024","0005","SUSCRIPTORES DIGITALES","","","DIGITAL",""
"002797","Diego Foianini","","","","76094795","","","4616692","0005","SUSCRIPTORES DIGITALES","","","DIGITAL",""
"002798","Luigi Guanella","","","","59172146644","","","3274227","0005","SUSCRIPTORES DIGITALES","","","DIGITAL",""
"002799","Marcos Flores","","","","63008694","","","3498422","0005","SUSCRIPTORES DIGITALES","","","DIGITAL",""
"002800","JUAN A MORALES A","","","","72542154","","","731000","0005","SUSCRIPTORES DIGITALES","","","DIGITAL",""
"002801","Javier Quinteros","","","","78405923","","","3291550","0005","SUSCRIPTORES DIGITALES","","","DIGITAL",""
"002802","Lauren Weber","",".","","77047737","5/12/2026","","3203329016","0005","SUSCRIPTORES DIGITALES","","","DIGITAL",""
"002803","JORGE HUGO DURAN PEREZ","","SANTA CRUZ","","73434920","","","1010548","0005","SUSCRIPTORES DIGITALES","","","DIGITAL",""
"002804","Masakatsu Shimabukuro","","","","76003399","","9012225","4708295","0005","SUSCRIPTORES DIGITALES","","","DIGITAL",""
"002805","carlos salvaierra","","","","75090777","","","4710614019","0005","SUSCRIPTORES DIGITALES","","","DIGITAL",""
"002806","Jose Fernando Cespedes","","","","76007720","","","2838309","0005","SUSCRIPTORES DIGITALES","","","DIGITAL",""
"002807","Matheus Gulin","",".","","69229822","5/27/2026","","17557284","0005","SUSCRIPTORES DIGITALES","","","DIGITAL",""
"002808","JORGE GARCIA MEZA","","CONDOMINIO MACORORO 13-14 TORRE 2 PISO 23 OFICINA J","","78888035","","","2015452","0001","Suscriptores Generales Facturables","","","EMPRESA",""
"002809","Consultale a Pedro","","","","77392994","","","123456789","0005","SUSCRIPTORES DIGITALES","","","DIGITAL",""
"002810","Andrea Gutierrez","",".","","","5/27/2026","","9626271","0005","SUSCRIPTORES DIGITALES","","","DIGITAL",""
"002811","Carlos Arzabe","","","","70002020","","","1539624018","0005","SUSCRIPTORES DIGITALES","","","DIGITAL",""
"002812","Juan Tejerina","","Bolivar # 350 y Brasil 350","Ciudad","71840557","","000","585442","0005","SUSCRIPTORES DIGITALES","","","DIGITAL",""
"002813","Daniel Callaú","","","","77670611","","","8912509","0005","SUSCRIPTORES DIGITALES","","","DIGITAL",""
"002814","Santos Bernal Barrancos Ortiz","","","","72694015","","","3930014","0005","SUSCRIPTORES DIGITALES","","","DIGITAL",""
"002815","Fabian Aguirre","","Rio Moreno 21","Urubó","77351718","","00000","2389402","0005","SUSCRIPTORES DIGITALES","","","DIGITAL",""
"002816","Benjamin Roda","","","","77651848","","","3292229","0005","SUSCRIPTORES DIGITALES","","","DIGITAL",""
"002817","Jorge Suxo Iturry","","","","72046146","","","2017735","0005","SUSCRIPTORES DIGITALES","","","DIGITAL",""
"002818","Gonzalo Vargas","","","","70819319","","","488257","0005","SUSCRIPTORES DIGITALES","","","DIGITAL",""
"002819","Luis Fernando Torrico","","","","76788003","","","3441375","0005","SUSCRIPTORES DIGITALES","","","DIGITAL",""
"002820","Gustavo Ugarte Urquidi","","","","77330118","","","1838559","0005","SUSCRIPTORES DIGITALES","","","DIGITAL",""
"002821","Oscar Morant","","","","67893965","","","1711415","0005","SUSCRIPTORES DIGITALES","","","DIGITAL",""
"002822","Arturo Ferrufino","","","","","","","4713564","0005","SUSCRIPTORES DIGITALES","","","DIGITAL",""
"002823","Cecilia Pereyra","","","","71092617","","","2836942","0005","SUSCRIPTORES DIGITALES","","","DIGITAL",""
"002824","Diego Pemintel","","","","75793233","","","4088783","0005","SUSCRIPTORES DIGITALES","","","DIGITAL",""
"002825","Eduardo Salvatierra","",".","","71130085","5/12/2026","","1711426","0005","SUSCRIPTORES DIGITALES","","","DIGITAL",""
"002826","MYAPPS SRL","","Saavedra 405 5","Santa Cruz","3399618","","0000","382624027","0005","SUSCRIPTORES DIGITALES","","","DIGITAL",""
"002827","Rodriguez Andre","","","","72070815","","","1267179","0005","SUSCRIPTORES DIGITALES","","","DIGITAL",""
"002828","Ricardo Bustillos","","","","77847113","","","4690876","0005","SUSCRIPTORES DIGITALES","","","DIGITAL",""
"002829","Jose Salvatierra","","","","77655440","","","5355174","0005","SUSCRIPTORES DIGITALES","","","DIGITAL",""
"002830","Paola Pozo","","","","71522910","","","3351826","0005","SUSCRIPTORES DIGITALES","","","DIGITAL",""
"002831","Eduardo Serrate Simon","","","","71322234","","","368880012","0005","SUSCRIPTORES DIGITALES","","","DIGITAL",""
"002832","Guillermo Rocco","","","","76601636","","","3870943","0005","SUSCRIPTORES DIGITALES","","","DIGITAL",""
"002833","Rider Rojas","","","","76003991","","","3250938","0005","SUSCRIPTORES DIGITALES","","","DIGITAL",""
"002834","MOLARIABOLIVIA SRL","","","","69236936","","","405319027","0005","SUSCRIPTORES DIGITALES","","","DIGITAL",""
"002835","SOLVEGAIA S.R.L.","","","","76691658","","","411079028","0005","SUSCRIPTORES DIGITALES","","","DIGITAL",""
"002836","Gabriela Justiniano","","","","72153112","","","2980058","0005","SUSCRIPTORES DIGITALES","","","DIGITAL",""
"002837","Edil Osinaga","","","","77310210","","","3276538","0005","SUSCRIPTORES DIGITALES","","","DIGITAL",""
"002838","Tini Wijpkema","","","","0059174637187","","","13867080","0005","SUSCRIPTORES DIGITALES","","","DIGITAL",""
"002839","Miguel Mariaca","",".","","71654696","5/12/2026","","3468751","0005","SUSCRIPTORES DIGITALES","","","DIGITAL",""
"002840","Luis Ortiz","","","","74161126","","","4720436","0005","SUSCRIPTORES DIGITALES","","","DIGITAL",""
"002841","Sergio Calabi","","","","76601555","","","3171534","0005","SUSCRIPTORES DIGITALES","","","DIGITAL",""
"002842","Julio Torrico Orellana","","","","79324069","","","9494817","0005","SUSCRIPTORES DIGITALES","","","DIGITAL",""
"002843","Juan David Sanchez Torres","","","","78183537","","","6245912","0005","SUSCRIPTORES DIGITALES","","","DIGITAL",""
"002844","Laferiadelplastico La Feria del Plástico","","","","59175003165","","","281406022","0005","SUSCRIPTORES DIGITALES","","","DIGITAL",""
"002845","Willy Haftel","","","","77220080","","","39834","0005","SUSCRIPTORES DIGITALES","","","DIGITAL",""
"002846","Gonzalo Cardenas","","","","78562414","","","3881459","0005","SUSCRIPTORES DIGITALES","","","DIGITAL",""
"002847","Rolyn Medina","","","","69111792","","","3839099017","0005","SUSCRIPTORES DIGITALES","","","DIGITAL",""
"002848","Jorge Choquehuanca","","","","71550275","","","3459312017","0005","SUSCRIPTORES DIGITALES","","","DIGITAL",""
"002849","Paulo Salinas","","","","76000907","","","3936383","0005","SUSCRIPTORES DIGITALES","","","DIGITAL",""
"002850","Diego Cossio Mendoza","","","","70011155","","","6760980","0005","SUSCRIPTORES DIGITALES","","","DIGITAL",""
"002851","Alpax Bolivia SRL","","","","75017210","","","339790022","0005","SUSCRIPTORES DIGITALES","","","DIGITAL",""
"002852","Esteban Strauss","","","","70930245","","","5832464","0005","SUSCRIPTORES DIGITALES","","","DIGITAL",""
"002853","Adrian Mercado Espinoza","","","","79477558","","","6962857","0005","SUSCRIPTORES DIGITALES","","","DIGITAL",""
"002854","Gerardo Peña Castillo","","","","79798080","","","589162","0005","SUSCRIPTORES DIGITALES","","","DIGITAL",""
"002855","Filemon Chanez","","","","70730342","","","664004","0005","SUSCRIPTORES DIGITALES","","","DIGITAL",""
"002856","Pavel Aldo Barron Mendoza","","","","67121681","","","4952353011","0005","SUSCRIPTORES DIGITALES","","","DIGITAL",""
"002857","NIVELZERO S.R.L.","","","","76069639","","","443147024","0005","SUSCRIPTORES DIGITALES","","","DIGITAL",""
"002858","DDR Capital Partners LTD Sucursal Bolivia","","","","62124068","","","476262026","0005","SUSCRIPTORES DIGITALES","","","DIGITAL",""
"002859","Pablo  Burgos","","","","71339352","","","3235484","0005","SUSCRIPTORES DIGITALES","","","DIGITAL",""
"002860","ivis Vaca Pinto","","","","69132958","","","5852471","0005","SUSCRIPTORES DIGITALES","","","DIGITAL",""
"002861","Erwin Vargas","","","","71371087","","","6349366","0005","SUSCRIPTORES DIGITALES","","","DIGITAL",""
"002862","Mario Kempff","","","","71622496","","","379366","0005","SUSCRIPTORES DIGITALES","","","DIGITAL",""
"002863","CRECER SRL","","","","76348307","","","189908026","0005","SUSCRIPTORES DIGITALES","","","DIGITAL",""
"002864","Jorge Humberto Pareja Fagalde","","","","72111999","","","2308197","0005","SUSCRIPTORES DIGITALES","","","DIGITAL",""
"002865","Ovidio Gonzales Gutierrez","","","","75649721","","","4656925","0005","SUSCRIPTORES DIGITALES","","","DIGITAL",""
"002866","Richard Salvatierra","","","","77383301","","","5378635","0005","SUSCRIPTORES DIGITALES","","","DIGITAL",""
"002867","Wilde Tejerina","","Monaco 1 1 1","Santa cruz","72143902","","1","3191842","0005","SUSCRIPTORES DIGITALES","","","DIGITAL",""
"002868","Rene Polo","","","","75999900","","","2739824","0005","SUSCRIPTORES DIGITALES","","","DIGITAL",""
"002869","Marcelo Ferrufino","","","","","","","4713564","0005","SUSCRIPTORES DIGITALES","","","DIGITAL",""
"002870","Carlos Guzman","","","","77005259","","","5897963","0005","SUSCRIPTORES DIGITALES","","","DIGITAL",""
"002871","Sergio Vélez","","","","76006944","","","3787555","0005","SUSCRIPTORES DIGITALES","","","DIGITAL",""
"002872","Melanie Zehl","","","","67710260","","","3325157","0005","SUSCRIPTORES DIGITALES","","","DIGITAL",""
"002873","Jorge Chaparro","","Avda Santo Domingo 2","Santa Cruz","76003231","","00000","0017060","0005","SUSCRIPTORES DIGITALES","","","DIGITAL",""
"002874","Jorge Basaure","","","Merriam","9136206151","","66202","2326329","0005","SUSCRIPTORES DIGITALES","","","DIGITAL",""
"002875","Enzo León","","","","70875848","","","3430160","0005","SUSCRIPTORES DIGITALES","","","DIGITAL",""
"002876","IMPORT EXPORT CRUCIMEX SRL","","4to anillo y Cristo Redentor 26","Santa Cruz","59176630360","","0000","186388023","0005","SUSCRIPTORES DIGITALES","","","DIGITAL",""
"002877","VIAZA SIRARI","","","","77333410","","","2806376","0005","SUSCRIPTORES DIGITALES","","","DIGITAL",""
"002878","Roland Kyllmann","","","","59177095959","","","476468","0005","SUSCRIPTORES DIGITALES","","","DIGITAL",""
"002879","Percy Steinbach Suarez","","","Pocatello","3466308885","","83202","4625173","0005","SUSCRIPTORES DIGITALES","","","DIGITAL",""
"002880","Jorge Antonio Stratis Antelo","","","","70885950","","","1539766","0005","SUSCRIPTORES DIGITALES","","","DIGITAL",""
"002881","JOHAD BERTO MEDINA SOLIZ","","","","72113112","","","4692995","0005","SUSCRIPTORES DIGITALES","","","DIGITAL",""
"002882","JOSE MAGUINA V","","","","72093372","","","9871806016","0005","SUSCRIPTORES DIGITALES","","","DIGITAL",""
"002883","Edmundo Paz Soldán","","","","61589223","","","973376","0005","SUSCRIPTORES DIGITALES","","","DIGITAL",""
"002884","Ricardo Saucedo","","","","76020120","","","3843473012","0005","SUSCRIPTORES DIGITALES","","","DIGITAL",""
"002885","Jerjes Justiniano Atalá","","","Orlando","5619332403","","32835","1548064013","0005","SUSCRIPTORES DIGITALES","","","DIGITAL",""
"002886","Pablo Pareja","","","","77003230","","","3440577","0005","SUSCRIPTORES DIGITALES","","","DIGITAL",""
"002887","Alvaro Andrade","","","","78050216","","","3502165","0005","SUSCRIPTORES DIGITALES","","","DIGITAL",""
"002888","Debray Frédéric","","","Genève","0041223470211","","1206","0041223470211","0005","SUSCRIPTORES DIGITALES","","","DIGITAL",""
"002889","Angi Achabal","","","","76301100","","","5368592012","0005","SUSCRIPTORES DIGITALES","","","DIGITAL",""
"002890","Jaime Masanes Ceriola","","","","71623041","","","1598013011","0005","SUSCRIPTORES DIGITALES","","","DIGITAL",""
"002891","Claudia Moreno Urey","","","","77039408","","","2975494","0005","SUSCRIPTORES DIGITALES","","","DIGITAL",""
"002892","MARTHA ROCA","","BARRIO EQUIPETROL NORTE CALLE F CASA 137","","77670377","","","135007027","0001","Suscriptores Generales Facturables","","","EMPRESA",""
"002893","BANCO FIE S.A.","","LA PAZ","","72534193","2/27/2027","","1020273023","0005","SUSCRIPTORES DIGITALES","","","EMPRESA",""
"002894","Nicole Nostas","","La Pradera 57","Santa Cruz de la Sierra","77835995","","0","4629993018","0005","SUSCRIPTORES DIGITALES","","","DIGITAL",""
"002895","SERGIO LUIS Zegarra Urquidi","",".","","73566242","5/12/2026","","812962","0005","SUSCRIPTORES DIGITALES","","","DIGITAL",""
"002896","Erik Correa","","","","74010005","","","4303933","0005","SUSCRIPTORES DIGITALES","","","DIGITAL",""
"002897","No NIE","","","","67707778","","","11261092","0005","SUSCRIPTORES DIGITALES","","","DIGITAL",""
"002898","Richard Rodrigo Veizaga Montenegro","","","","69088659","","","8212783","0005","SUSCRIPTORES DIGITALES","","","DIGITAL",""
"002899","Jesus Barbery","","Av. Ovidio Barbery 4to anillo C.6 23","Andres Ibañez","67710622","","0000","4717324","0005","SUSCRIPTORES DIGITALES","","","DIGITAL",""
"002900","Jesús Eamara Núñez","","","","71978888","","","4920953","0005","SUSCRIPTORES DIGITALES","","","DIGITAL",""
"002901","Luis Encina","",".","","75008654","5/27/2026","","1998752","0005","SUSCRIPTORES DIGITALES","","","DIGITAL",""
"002902","Gustavo Fernandes","","","Tubarão","5548996467007","","88701310","07479665911","0005","SUSCRIPTORES DIGITALES","","","DIGITAL",""
"002903","CONSULADO GENERAL DE BRASIL","","B.SIRARI 3ER ANILLO EXTERNO AV. MARCELO TERCEROS B. ENTRE CALLE LOS ROBLES Y CALLE LOS PINOS N. 334","","72115443","","","3344400","0001","Suscriptores Generales Facturables","","","EMPRESA",""
"002904","Sebastian Landivar Tufi  o","",".","","69111226","5/27/2026","","6283418012","0005","SUSCRIPTORES DIGITALES","","","DIGITAL",""
"002905","Marco Peñaloza","","","","78898808","","","2059298","0005","SUSCRIPTORES DIGITALES","","","DIGITAL",""
"002906","Cristian Ramos","","","Orem","3858883276","","84058","5895509","0005","SUSCRIPTORES DIGITALES","","","DIGITAL",""
"002907","Samuel Doria MEdina","","","","77660118","","","3423190","0005","SUSCRIPTORES DIGITALES","","","DIGITAL",""
"002908","Walter Martinez","","","","77378235","","","5412377","0005","SUSCRIPTORES DIGITALES","","","DIGITAL",""
"002909","Robin Justiniano","","","","60740978","","","5589860","0005","SUSCRIPTORES DIGITALES","","","DIGITAL",""
"002910","Leny Ribera","","","","67858180","","","5381646","0005","SUSCRIPTORES DIGITALES","","","DIGITAL",""
"002911","Christian Suarez","","","","70987200","","","7836164014","0005","SUSCRIPTORES DIGITALES","","","DIGITAL",""
"002912","Carmen Rosario","","","","77060504","","","1952141","0005","SUSCRIPTORES DIGITALES","","","DIGITAL",""
"002913","Erwin Hórnez","","","","78006049","","","3168468","0005","SUSCRIPTORES DIGITALES","","","DIGITAL",""
"002914","Rafael Deheza","","","","70050347","","","6281125","0005","SUSCRIPTORES DIGITALES","","","DIGITAL",""
"002915","Hans Voss","","","","77393332","","","1529493","0005","SUSCRIPTORES DIGITALES","","","DIGITAL",""
"002916","María Andrea Daza Justiniano","","","","75322390","","","5341392","0005","SUSCRIPTORES DIGITALES","","","DIGITAL",""
"002917","le gatonegro","","","","77381509","","","4731643","0005","SUSCRIPTORES DIGITALES","","","DIGITAL",""
"002918","BettyTejada TieneTinta MiTintero","","","","71520200","","","3933418","0005","SUSCRIPTORES DIGITALES","","","DIGITAL",""
"002919","Elvis Carrasco Medina","","","","68828377","","","7842087015","0005","SUSCRIPTORES DIGITALES","","","DIGITAL",""
"002920","Jose Vazquez","","","","70897812","","","331398","0005","SUSCRIPTORES DIGITALES","","","DIGITAL",""
"002921","Sergio Ramiro Calvi Torrico","","","","71353166","","","2879743018","0005","SUSCRIPTORES DIGITALES","","","DIGITAL",""
"002922","Javier Gomez","","","","76555060","","","3340705","0005","SUSCRIPTORES DIGITALES","","","DIGITAL",""
"002923","Verónica Ossio","","","","70612358","","","2380259","0005","SUSCRIPTORES DIGITALES","","","DIGITAL",""
"002924","Jorge Jimenez","","","","71638111","","","3247413","0005","SUSCRIPTORES DIGITALES","","","DIGITAL",""
"002925","Andres Brockmann","","Iona 6040 110 TH","Vancouver","69076996","","v6t2e8","2625258","0005","SUSCRIPTORES DIGITALES","","","DIGITAL",""
"002926","Lauren Weber","",".","","75637144","5/12/2026","","3203329016","0005","SUSCRIPTORES DIGITALES","","","DIGITAL",""
"002927","Alicia Rendón","","","","76370004","","","3898775","0005","SUSCRIPTORES DIGITALES","","","DIGITAL",""
"002928","AGXPLORE INTERNACIONAL S.R.L.","","","","71090103","","","130893024","0005","SUSCRIPTORES DIGITALES","","","DIGITAL",""
"002929","martin medrano","","","","77882577","","","3384782016","0005","SUSCRIPTORES DIGITALES","","","DIGITAL",""
"002930","Belinda Beld","","C/ maria de boland 4 anillo 0000","Santa cruz","78090999","","0000","317069691010","0005","SUSCRIPTORES DIGITALES","","","DIGITAL",""
"002931","Alex Mauricio Caicoba Zarate","","","","78666306","","","12962009","0005","SUSCRIPTORES DIGITALES","","","DIGITAL",""
"002932","REHALIFE SRL.","","BARRIO EQUIPETROL PASILLO ENRIQUE FINOT N.- 17","","75504396","","","380979026","0001","Suscriptores Generales Facturables","","","EMPRESA",""
"002933","justo Flores","","","","70950617","","","1599966","0005","SUSCRIPTORES DIGITALES","","","DIGITAL",""
"002934","Marion Honnen","","","","70827448","","","2853668","0005","SUSCRIPTORES DIGITALES","","","DIGITAL",""
"002935","Humberto Miranda","","","","70098333","","","7835881","0005","SUSCRIPTORES DIGITALES","","","DIGITAL",""
"002936","Arturo Payo","","","","77641111","","","4718188","0005","SUSCRIPTORES DIGITALES","","","DIGITAL",""
"002937","Enrique Urenda","","Hugo Wast (5 este) 100 10 10B","santa cruz","59177330945","","0000","2986861","0005","SUSCRIPTORES DIGITALES","","","DIGITAL",""
"002938","Jorge Perez","","","","77680091","","","3903289","0005","SUSCRIPTORES DIGITALES","","","DIGITAL",""
"002939","Pedro Tellez Morales","","","","76314499","","","4562487","0005","SUSCRIPTORES DIGITALES","","","DIGITAL",""
"002940","Jorge Antelo","","","","77088271","","","1980677","0005","SUSCRIPTORES DIGITALES","","","DIGITAL",""
"002941","Gonzalo Cordova","","","","77294474","","","333267014","0005","SUSCRIPTORES DIGITALES","","","DIGITAL",""
"002942","Ana Paola Quichu Aguilar","","Naranjal SN","Santa Cruz de la Sierra","76345112","","0000","8167816","0005","SUSCRIPTORES DIGITALES","","","DIGITAL",""
"002943","Patricia Agusti","",".","","75043183","5/27/2026","","3823116","0005","SUSCRIPTORES DIGITALES","","","DIGITAL",""
"002944","UNIGRAF SRL","","PARQUE INDUSTRIAL MANZANA 27 LADO DE MADEPA","","76332030","","","1028401023","0001","Suscriptores Generales Facturables","","","EMPRESA",""
"002945","Fabiola Crespo","",".","","72152962","5/27/2026","","3827583","0005","SUSCRIPTORES DIGITALES","","","DIGITAL",""
"002946","Mariano Teruggi","","","","76644995","","","3924180","0005","SUSCRIPTORES DIGITALES","","","DIGITAL",""
"002947","Rojas","","","","77738722","","","1019439024","0005","SUSCRIPTORES DIGITALES","","","DIGITAL",""
"002948","Oscar Gadea","","","","76335111","","","2836876","0005","SUSCRIPTORES DIGITALES","","","DIGITAL",""
"002949","David Calderon","","","","75596100","","","5374281","0005","SUSCRIPTORES DIGITALES","","","DIGITAL",""
"002950","BRUNA ANTELO PEREZ","","","Teddington","7799225469","","0","0000","0005","SUSCRIPTORES DIGITALES","","","DIGITAL",""
"002951","Esteban Elmer Catarina Mamani","","","","71556878","","","3452463","0005","SUSCRIPTORES DIGITALES","","","DIGITAL",""
"002952","Martha Ruiz","","","","70960118","","","2942247012","0005","SUSCRIPTORES DIGITALES","","","DIGITAL",""
"002953","Alvaro Paz Mendez","","","","72777454","","","844293","0005","SUSCRIPTORES DIGITALES","","","DIGITAL",""
"002954","Aranibar","","","","77296500","","","307554","0005","SUSCRIPTORES DIGITALES","","","DIGITAL",""
"002955","Gabriel Suarez","","","","78109053","","","3160528","0005","SUSCRIPTORES DIGITALES","","","DIGITAL",""
"002956","Elbio Perez","","","","76761063","","","2051792016","0005","SUSCRIPTORES DIGITALES","","","DIGITAL",""
"002957","Carlos Brockmann","","","","70359555","","","2399099014","0005","SUSCRIPTORES DIGITALES","","","DIGITAL",""
"002958","Tatiana Prado Galindo","","","","72157892","","","3221538","0005","SUSCRIPTORES DIGITALES","","","DIGITAL",""
"002959","GESTORA PÚBLICA DE LA SEGURIDAD SOCIAL A LARGO PLAZO","","Plaza España Edificio Barcelona","","71221100","","","2739707","0001","Suscriptores Generales Facturables","","","ESTATAL",""
"002960","Yoshiko Yara","","","","72610526","","","6280429010","0005","SUSCRIPTORES DIGITALES","","","DIGITAL",""
"002961","Mauricio Zegarra","","","","72004489","","","2534459","0005","SUSCRIPTORES DIGITALES","","","DIGITAL",""
"002962","Nestor Apaza","","","","78413203","","","5332503","0005","SUSCRIPTORES DIGITALES","","","DIGITAL",""
"002963","Alicia Bress Perrogn","","","","76001998","","","3293822","0005","SUSCRIPTORES DIGITALES","","","DIGITAL",""
"002964","Jorge Luis Palenque","","","","72060006","","","4938447","0005","SUSCRIPTORES DIGITALES","","","DIGITAL",""
"002965","Julia Rivero","","","","76007476","","","3269590","0005","SUSCRIPTORES DIGITALES","","","DIGITAL",""
"002966","Cecilia Barja","","","","62143488","","","1843111","0005","SUSCRIPTORES DIGITALES","","","DIGITAL",""
"002967","Sebastian Michel","","","","71577036","","","2446642","0005","SUSCRIPTORES DIGITALES","","","DIGITAL",""
"002968","Jose Luis Sanchez Andia","","","","70733396","","","4040079","0005","SUSCRIPTORES DIGITALES","","","DIGITAL",""
"002969","Maricela Espinoza","","","","70068479","","","6339498","0005","SUSCRIPTORES DIGITALES","","","DIGITAL",""
"002970","Telma Carola Añez Zarza","","","","72601008","","","3187923","0005","SUSCRIPTORES DIGITALES","","","DIGITAL",""
"002971","Zalma Micaela Arteaga Herbas","","","","75307919","","","9830843","0005","SUSCRIPTORES DIGITALES","","","DIGITAL",""
"002972","CECILIA PEREZ","","Calle 1 No. 37, Dept 3, Urb. El Porvenir, Achumani","","76512121","","","3375394","0001","Suscriptores Generales Facturables","","","PARTICULAR",""
"002973","BANCO GANADERO S.A.","","SANTA CRUZ","","72107310","","","1028421024","0005","SUSCRIPTORES DIGITALES","","","DIGITAL",""
"002974","ITACAMBA CEMENTO S.A.","","CALLE BERNARDO CADARIO N.-3060 2DO PISO ENTRE AV. SAN MARTIN Y LA SALLE","","69202703","","","1028695029","0001","Suscriptores Generales Facturables","","","EMPRESA",""
"002975","Julio Arrazola","","","","78017728","","","5388750","0005","SUSCRIPTORES DIGITALES","","","DIGITAL",""
"002976","Claudia Salvatierra","","","","72692603","","","4602569","0005","SUSCRIPTORES DIGITALES","","","DIGITAL",""
"002977","Lola Terrazas Terrazas","","","","73146448","","","6262352","0005","SUSCRIPTORES DIGITALES","","","DIGITAL",""
"002978","Lautaro Yepez","","","","77303373","","","4697253","0005","SUSCRIPTORES DIGITALES","","","DIGITAL",""
"002979","JDC SRL","","","","70887860","","","315800021","0005","SUSCRIPTORES DIGITALES","","","DIGITAL",""
"002980","Marcelo Isaias","","","","76841359","","","3269625","0005","SUSCRIPTORES DIGITALES","","","DIGITAL",""
"002981","JOSE MEDRANO","","","","76430400","","","3723488","0005","SUSCRIPTORES DIGITALES","","","DIGITAL",""
"002982","Carlos Felipe Ojeda Guzman","","","","60841761","","","8205284","0005","SUSCRIPTORES DIGITALES","","","DIGITAL",""
"002983","REMBERTO RIBERA","","","","76015158","","","1515944013","0005","SUSCRIPTORES DIGITALES","","","DIGITAL",""
"002984","Luisa Nayar","","","","78056516","","","4718511","0005","SUSCRIPTORES DIGITALES","","","DIGITAL",""
"002985","Huascar Ajata","","Boquerón 19","El Alto","70582892","","0","4314460","0005","SUSCRIPTORES DIGITALES","","","DIGITAL",""
"002986","Stephanie Marie Antelo Dabdoub","","","","77166266","","","3914317","0005","SUSCRIPTORES DIGITALES","","","DIGITAL",""
"002987","Chavo Salvatierra","","","","76005000","","","3861172","0005","SUSCRIPTORES DIGITALES","","","DIGITAL",""
"002988","Jorge Matijasevic","","","","73106378","","","5343052","0005","SUSCRIPTORES DIGITALES","","","DIGITAL",""
"002989","Jorge Uechi","","","","692736161","","","7780035","0005","SUSCRIPTORES DIGITALES","","","DIGITAL",""
"002990","Sergio Rolando Mendoza Reyes","","","","79156172","","","6154580010","0005","SUSCRIPTORES DIGITALES","","","DIGITAL",""
"002991","SYV ASOCIADOS SRL","","","","75010252","","","1015123025","0005","SUSCRIPTORES DIGITALES","","","DIGITAL",""
"002992","Jorge Perez Arancibia","","","","79944975","","","3923819","0005","SUSCRIPTORES DIGITALES","","","DIGITAL",""
"002993","Weimar Palacios castrillo","","","","67703210","","","3207846","0005","SUSCRIPTORES DIGITALES","","","DIGITAL",""
"002994","Beatriz Canelas","","","","77443803","","","811608","0005","SUSCRIPTORES DIGITALES","","","DIGITAL",""
"002995","FRANCOISE VERGNES","","","Saint-Gilles","0494808575","","1060","0000","0005","SUSCRIPTORES DIGITALES","","","DIGITAL",""
"002996","Antonio Garcia da Silva Filho","","","","72671212","","","4649344","0005","SUSCRIPTORES DIGITALES","","","DIGITAL",""
"002997","Comunidad Andina","","","SAN ISIDRO","5117106400","","15047","20508930225","0005","SUSCRIPTORES DIGITALES","","","DIGITAL",""
"002998","Carlos Omoya","","","","77744244","","","2213691","0005","SUSCRIPTORES DIGITALES","","","DIGITAL",""
"002999","Lorgio Gomez","","","","71283088","","","2464924","0005","SUSCRIPTORES DIGITALES","","","DIGITAL",""
"003000","Miguel Fernandez","","","","76849265","","","2897172","0005","SUSCRIPTORES DIGITALES","","","DIGITAL",""
"003001","Laura Sapiencia","","","","77877799","","","5866953","0005","SUSCRIPTORES DIGITALES","","","DIGITAL",""
"003002","Sachiko Komiyama","","","","69907500","","","2000768","0005","SUSCRIPTORES DIGITALES","","","DIGITAL",""
"003003","Carlos Paredes","","","","07587033510","","","5894306","0005","SUSCRIPTORES DIGITALES","","","DIGITAL",""
"003004","Andres Ritter","","","","72190491","","","5343291","0005","SUSCRIPTORES DIGITALES","","","DIGITAL",""
"003005","Daniela Salas","","","","77878222","","","5804544","0005","SUSCRIPTORES DIGITALES","","","DIGITAL",""
"003006","CAISY R.L.","","SAN JUAN DE YAPACANI","","78461359","9/10/2026","","1015359026","0005","SUSCRIPTORES DIGITALES","","","EMPRESA",""
"003007","Alejandra Calderón","","","","59170854249","","","3285094014","0005","SUSCRIPTORES DIGITALES","","","DIGITAL",""
"003008","Carlos Ramiro Florencio Solis Maldonado","","","","69044702","","","1857581","0005","SUSCRIPTORES DIGITALES","","","DIGITAL",""
"003009","Chiqui Munguia","","","","72842402","","","1900939","0005","SUSCRIPTORES DIGITALES","","","DIGITAL",""
"003010","Ruben Paz","","","","72122231","","","37282","0005","SUSCRIPTORES DIGITALES","","","DIGITAL",""
"003011","Tania Jesus Barrera","","","","76600960","","","3284898018","0005","SUSCRIPTORES DIGITALES","","","DIGITAL",""
"003012","Roberto Aguirre","","","","71396676","","","2987897","0005","SUSCRIPTORES DIGITALES","","","DIGITAL",""
"003013","Juan Marcos","","","","79925560","","","4678934","0005","SUSCRIPTORES DIGITALES","","","DIGITAL",""
"003014","Enrique Garcia","","","","77265469","","","189790023","0005","SUSCRIPTORES DIGITALES","","","DIGITAL",""
"003015","Andres Pucci","","","","71090251","","","5397246","0005","SUSCRIPTORES DIGITALES","","","DIGITAL",""
"003016","wilmer mosciaro pardo","","","","73646106","","","3938477","0005","SUSCRIPTORES DIGITALES","","","DIGITAL",""
"003017","Pavel Aracena","","","","77539914","","","1870467","0005","SUSCRIPTORES DIGITALES","","","DIGITAL",""
"003018","Germán Antelo","","","","76682500","","","4732679","0005","SUSCRIPTORES DIGITALES","","","DIGITAL",""
"003019","Carlos Delius","","","","59177012680","","","1574491","0005","SUSCRIPTORES DIGITALES","","","DIGITAL",""
"003020","Andrés Urenda","","","","76000300","","","4576336","0005","SUSCRIPTORES DIGITALES","","","DIGITAL",""
"003021","Bellot","","","","78974036","","","3429751011","0005","SUSCRIPTORES DIGITALES","","","DIGITAL",""
"003022","Miguel Nieme","","","","76320044","","","4684450","0005","SUSCRIPTORES DIGITALES","","","DIGITAL",""
"003023","Eliana Ortiz","","","","76631500","","","4593412","0005","SUSCRIPTORES DIGITALES","","","DIGITAL",""
"003024","RUBEN BURGOS","","","","78070591","","","3277836015","0005","SUSCRIPTORES DIGITALES","","","DIGITAL",""
"003025","Laura Marcela Bustillo Valencia","","","","60362859","","","9502563","0005","SUSCRIPTORES DIGITALES","","","DIGITAL",""
"003026","DIEGO FERNANDO PEÑARANDA PACHECO","","RADIAL 27 BARRIO VIRGEN DE COTOCA","","70547699","","","6946478","0001","Suscriptores Generales Facturables","","","PARTICULAR",""
"003027","María Rene Alvarez","","","","78541354","","","4682723","0005","SUSCRIPTORES DIGITALES","","","DIGITAL",""
"003028","Valeria Luna","","","","72101369","","","8183914","0005","SUSCRIPTORES DIGITALES","","","DIGITAL",""
"003029","Miguel Vargas","",".","","72075004","5/12/2026","","6002181","0005","SUSCRIPTORES DIGITALES","","","DIGITAL",""
"003030","Erika Zabala","","","","78005019","","","3235336","0005","SUSCRIPTORES DIGITALES","","","DIGITAL",""
"003031","Mary Betty","","","","70067111","","","1970798","0005","SUSCRIPTORES DIGITALES","","","DIGITAL",""
"003032","Ricardo Basauri","","","","78513632","","","10136678","0005","SUSCRIPTORES DIGITALES","","","DIGITAL",""
"003033","freddy encalada","","","","75391393","","","4918547","0005","SUSCRIPTORES DIGITALES","","","DIGITAL",""
"003034","Luis Delgado","","","","72412384","","","2765076019","0005","SUSCRIPTORES DIGITALES","","","DIGITAL",""
"003035","Brian Hillman Gil","","","","73922193","","","1727088","0005","SUSCRIPTORES DIGITALES","","","DIGITAL",""
"003036","Daniel Carrasco","","","","0050761699762","","","3914954","0005","SUSCRIPTORES DIGITALES","","","DIGITAL",""
"003037","Alex Gasser","","","","72131010","","","5365024","0005","SUSCRIPTORES DIGITALES","","","DIGITAL",""
"003038","Maria Cristina Montaño P","","","","71327551","","","5347101","0005","SUSCRIPTORES DIGITALES","","","DIGITAL",""
"003039","MENSAL IMPORTACIONES SRL","","","","76637199","","","402058024","0005","SUSCRIPTORES DIGITALES","","","DIGITAL",""
"003040","Santa Cruz","","CALLE MAGDALENA 2150","SANTA CRUZ","69051123","","2121","4787709","0005","SUSCRIPTORES DIGITALES","","","DIGITAL",""
"003041","Jose Dias","","","","62244602","","","17413843","0005","SUSCRIPTORES DIGITALES","","","DIGITAL",""
"003042","Walter Cuellar","",".","","643473830","5/27/2026","","47874503","0005","SUSCRIPTORES DIGITALES","","","DIGITAL",""
"003043","BETTY TEJADA","","URBANIZACION LAS PALMERAS CALLE 6 CASA N.- 26","","71520200","","","192820023","0001","Suscriptores Generales Facturables","","","EMPRESA",""
"003044","MEDLOG BOLIVIA LIMITADA","","","","77795146","","","332192024","0005","SUSCRIPTORES DIGITALES","","","DIGITAL",""
"003045","Arturo Cadima","",".","","72111898","5/27/2026","","5360198","0005","SUSCRIPTORES DIGITALES","","","DIGITAL",""
"003046","Oscar Mayorga","","","","-59177772284","","","342176","0005","SUSCRIPTORES DIGITALES","","","DIGITAL",""
"003047","Carmen Wood","","","","7135507973","","","1590515","0005","SUSCRIPTORES DIGITALES","","","DIGITAL",""
"003048","Sociedad Minera Illapa S.A.","","","","71567286","","","181384024","0005","SUSCRIPTORES DIGITALES","","","DIGITAL",""
"003049","QUIMSA S.R.L","","","","76511174","","","227474020","0005","SUSCRIPTORES DIGITALES","","","DIGITAL",""
"003050","Rodrigo Paredes","","","","76200735","","","4182487","0005","SUSCRIPTORES DIGITALES","","","DIGITAL",""
"003051","MSC BOLIVIA LTDA.","","AV.JULIO PATIÑO - LA PAZ","","76772905","5/19/2027","","1020173028","0005","SUSCRIPTORES DIGITALES","","","EMPRESA",""
"003052","RIBERA SRL","","","","75084849","","","401240020","0005","SUSCRIPTORES DIGITALES","","","DIGITAL",""
"003053","victor bellot","","","","77734400","","","6087633","0005","SUSCRIPTORES DIGITALES","","","DIGITAL",""
"003054","Orlando Vaca","","","","74639875","","","3182843","0005","SUSCRIPTORES DIGITALES","","","DIGITAL",""
"003055","Ernesto Lizarazu","","","","77796100","","","3264125","0005","SUSCRIPTORES DIGITALES","","","DIGITAL",""
"003056","Sanchez","","","","76211410","","","3391621","0005","SUSCRIPTORES DIGITALES","","","DIGITAL",""
"003057","Rafael Vargas","","","","59175667200","","","2059564","0005","SUSCRIPTORES DIGITALES","","","DIGITAL",""
"003058","Laura Justiniano","","","","78185883","","","9849812","0005","SUSCRIPTORES DIGITALES","","","DIGITAL",""
"003059","Lew Fabio","","","","76028045","","","5010076","0005","SUSCRIPTORES DIGITALES","","","DIGITAL",""
"003060","Marco Delgado","","","","72129170","","","3888562","0005","SUSCRIPTORES DIGITALES","","","DIGITAL",""
"003061","gustavo pacheco gott","","","","70213381","","","1109558013","0005","SUSCRIPTORES DIGITALES","","","DIGITAL",""
"003062","FMS","","","","63440105","","","309352025","0005","SUSCRIPTORES DIGITALES","","","DIGITAL",""
"003063","Henning Aguilar","","","","73371333","","","4882124","0005","SUSCRIPTORES DIGITALES","","","DIGITAL",""
"003064","Enrique Salazar Chávez","","","","77090099","","","3223894015","0005","SUSCRIPTORES DIGITALES","","","DIGITAL",""
"003065","Robert Zapata","","","","67270491","","","3582912","0005","SUSCRIPTORES DIGITALES","","","DIGITAL",""
"003066","Esther Mamani","","","","79124328","","","8461217011","0005","SUSCRIPTORES DIGITALES","","","DIGITAL",""
"003067","Julio Gianella Ribera","","","","67772269","","","6204836","0005","SUSCRIPTORES DIGITALES","","","DIGITAL",""
"003068","Maria Luisa Balbian Flores","","Wildflower Cir 23626","Katy","7134925703","5/27/2026","77494","4163749","0005","SUSCRIPTORES DIGITALES","","","DIGITAL",""
"003069","Embajada de Suiza","","","","61628424","","","99001","0005","SUSCRIPTORES DIGITALES","","","DIGITAL",""
"003070","S Y R INTERNACIONAL S.R.L.","","AV. CRISTO REDENTOR N.- 10","","717-25573","","","169528028","0001","Suscriptores Generales Facturables","","","EMPRESA",""
"003071","Selmy Torrico","",".","","70046049","5/12/2026","","3885242013","0005","SUSCRIPTORES DIGITALES","","","DIGITAL",""
"003072","Humberto Moreno","","Condominio Las Palmas 2 89","Santa Cruz","6009537","5/27/2026","0000","2947679018","0005","SUSCRIPTORES DIGITALES","","","DIGITAL",""
"003073","Raul Churme","","","","72159337","","","366087","0005","SUSCRIPTORES DIGITALES","","","DIGITAL",""
"003074","Luis Guillen","","","","77827782","","","5854190","0005","SUSCRIPTORES DIGITALES","","","DIGITAL",""
"003075","Botacorp Ltda","","","","76106256","","","222104024","0005","SUSCRIPTORES DIGITALES","","","DIGITAL",""
"003076","Peter Julio","","","","73628069","","","4600918","0005","SUSCRIPTORES DIGITALES","","","DIGITAL",""
"003077","Luis Miranda","","","","71541232","","","2348743","0005","SUSCRIPTORES DIGITALES","","","DIGITAL",""
"003078","sayu choco","","","","73387833","","","2972938","0005","SUSCRIPTORES DIGITALES","","","DIGITAL",""
"003079","Rodolfo Chiban","","","","59172152277","","","20078500388","0005","SUSCRIPTORES DIGITALES","","","DIGITAL",""
"003080","Hernan Mauricio Quisbert","","","","79887888","","","2355817009","0005","SUSCRIPTORES DIGITALES","","","DIGITAL",""
"003081","Silvester Villavicencio","","","","34674837682","","","5597844","0005","SUSCRIPTORES DIGITALES","","","DIGITAL",""
"003082","Diego Gutierrez","","","","77029974","","","3269842","0005","SUSCRIPTORES DIGITALES","","","DIGITAL",""
"003083","Jorge velasco","","","","72022614","","","2282824013","0005","SUSCRIPTORES DIGITALES","","","DIGITAL",""
"003084","Marcia Parra","","calle la riva nro 147","","59176000640","","","1484276015","0001","Suscriptores Generales Facturables","","","PARTICULAR",""
"003085","Camila Valdivia","","","","77499891","","","5152042","0005","SUSCRIPTORES DIGITALES","","","DIGITAL",""
"003086","Juan carlos Laura","","","","60963210","","","6362464","0005","SUSCRIPTORES DIGITALES","","","DIGITAL",""
"003087","SAMANTA SALDIAS","","MANZANA 40","","73125454","","","311308026","0005","SUSCRIPTORES DIGITALES","","","DIGITAL",""
"003088","Gabriela Sauma","","","","77110386","","","1141126013","0005","SUSCRIPTORES DIGITALES","","","DIGITAL",""
"003089","Seila Pozo","","","","65028570","","","7847164","0005","SUSCRIPTORES DIGITALES","","","DIGITAL",""
"003090","Sebastian Mamani","","","","74942558","","","749422558","0005","SUSCRIPTORES DIGITALES","","","DIGITAL",""
"003091","MOIRA DEL RIO","","","","77046500","","","4724163","0005","SUSCRIPTORES DIGITALES","","","DIGITAL",""
"003092","Pamela Alurralde","",".","","78688959","5/27/2026","","4019575","0005","SUSCRIPTORES DIGITALES","","","DIGITAL",""
"003093","CLINICA MEDICALNEUROCENTER NC S.A.","","AV. CRISTO REDENTOR N.- 3730 ENTRE 4TO Y 5TO ANILLO","","75037103","","","414477020","0001","Suscriptores Generales Facturables","","","EMPRESA",""
"003094","NUTRICAMPO SRL","","Calle angel chavez ruiz 3055","santa cruz","75694893","","000","229436021","0005","SUSCRIPTORES DIGITALES","","","DIGITAL",""
"003095","Barrientos","",".","","70197222","5/27/2026","","3119825016","0005","SUSCRIPTORES DIGITALES","","","DIGITAL",""
"003096","UNIDAD DE ANÁLISIS DE POLÍTICAS SOCIALES Y ECONÓMICAS - UDAPE","","Av Mcal Santa Cruz Edf. Centro de Comunicaciones piso 18","","","","","124869026","0001","Suscriptores Generales Facturables","","","ESTATAL",""
"003097","IMPORTADORA Y EXPORTADORA MONTERREY SRL.","","AV. 3ER ANILLO INTERNO Y CALLE PEDRO RIVERO N.- 3130","","71344557","","","1028555020","0001","Suscriptores Generales Facturables","","","EMPRESA",""
"003098","MELISSA  TORRICO VILLALOBOS","",".","","78421786","5/27/2026","","7729573","0005","SUSCRIPTORES DIGITALES","","","DIGITAL",""
"003099","Orlando Vargas","","","","79885417","","","3299353","0005","SUSCRIPTORES DIGITALES","","","DIGITAL",""
"003100","Avila","","","","69996057","","","3442109015","0005","SUSCRIPTORES DIGITALES","","","DIGITAL",""
"003101","Santiago Rodriguez","","","","69061981","","","17474508","0005","SUSCRIPTORES DIGITALES","","","DIGITAL",""
"003102","Edwards Fernando Saucedo Herrera","","","","72111170","","","1988156","0005","SUSCRIPTORES DIGITALES","","","DIGITAL",""
"003103","Jessica Echeverria","",".","","71046656","5/12/2026","","4610722","0005","SUSCRIPTORES DIGITALES","","","DIGITAL",""
"003104","Bryan Claros Tordoya","","","","71322090","","","4610683","0005","SUSCRIPTORES DIGITALES","","","DIGITAL",""
"003105","Carminha Fernandez","","","","77392163","","","3165797","0005","SUSCRIPTORES DIGITALES","","","DIGITAL",""
"003106","Windsor Rafael Paredes Argote","","La paz 1811 1 1811","La paz","72545674","","591","4755312010","0005","SUSCRIPTORES DIGITALES","","","DIGITAL",""
"003107","CARLOS JAVIER MONTAÑO","","avenida 8 anillo segunda rotonda empresa AgroBig 8130 1","Santa Cruz de la sierra zona nueva abasto","70809914","","0000","8984707","0001","Suscriptores Generales Facturables","","","EMPRESA",""
"003108","CASA COLOR SRL ( MELISSA RIBERA)","","AV. CRISTO REDENTOR ESQUINA 3ER ANILLO INTERNO","","69089882","","","1028709021","0001","Suscriptores Generales Facturables","","","EMPRESA",""
"003109","Joaquin Villavicencio","","","","76010714","","","4818298","0005","SUSCRIPTORES DIGITALES","","","DIGITAL",""
"003110","Fernando Sanchez","","","","72011123","","","2531795","0005","SUSCRIPTORES DIGITALES","","","DIGITAL",""
"003111","antonio fernandez","","","","78442903","","","2309472","0005","SUSCRIPTORES DIGITALES","","","DIGITAL",""
"003112","Juan Pablo Jacobs","",".","","67899357","5/12/2026","","3100594","0005","SUSCRIPTORES DIGITALES","","","DIGITAL",""
"003113","VICENTE FERNANDEZ","","Beni 193","Sacaba","71339950","","1820","9546701","0005","SUSCRIPTORES DIGITALES","","","DIGITAL",""
"003114","Rolando Vaca","","","","71142200","","","1028336","0005","SUSCRIPTORES DIGITALES","","","DIGITAL",""
"003115","Rainer Cordova","","","","75811616","","","5974182","0005","SUSCRIPTORES DIGITALES","","","DIGITAL",""
"003116","Javier Hinojosa","","","","65173401","","","3390078","0005","SUSCRIPTORES DIGITALES","","","DIGITAL",""
"003117","Vivian Balcázar Melgar","","","","59161550872","","","4581428","0005","SUSCRIPTORES DIGITALES","","","DIGITAL",""
"003118","JORGE ALBERTO SALAS TERRAZAS","","","","77629060","","","1939830","0005","SUSCRIPTORES DIGITALES","","","DIGITAL",""
"003119","Mariela Haderspock","","","","78045370","","","3834527","0005","SUSCRIPTORES DIGITALES","","","DIGITAL",""
"003120","Juan Pablo Loayza","","","","78283951","","","2442709","0005","SUSCRIPTORES DIGITALES","","","DIGITAL",""
"003121","Kathia Villarroel","","","","78522657","","","3246965","0005","SUSCRIPTORES DIGITALES","","","DIGITAL",""
"003122","Marcelo Portugal","","1 1","SANTA CRUZ DE LA SIERRA","71658928","5/27/2026","0000","2994129014","0005","SUSCRIPTORES DIGITALES","","","DIGITAL",""
"003123","BROWSI SUPPORT","","","Tel Aviv","972542262126","","5250501","201254273","0005","SUSCRIPTORES DIGITALES","","","DIGITAL",""
"003124","ANA NUMBERG DE DE GRAAFF","","CONDOMINIO ALMERIA NORTE CASA 22","","77395531","","","1995523","0001","Suscriptores Generales Facturables","","","PARTICULAR",""
"003125","Mario Valenzuela","",".","","78523743","5/27/2026","","6291451","0005","SUSCRIPTORES DIGITALES","","","DIGITAL",""
"003126","Ronald Gilberto Mariscal Flores","","","","77839000","","","3271089","0005","SUSCRIPTORES DIGITALES","","","DIGITAL",""
"003127","Iver Gutierrez","","","","75353073","","","5395031","0005","SUSCRIPTORES DIGITALES","","","DIGITAL",""
"003128","Freddy Montes de Oca","","","","73234456","","","2633750","0005","SUSCRIPTORES DIGITALES","","","DIGITAL",""
"003129","Ronald Saucedo","","","","75537284","","","4578991","0005","SUSCRIPTORES DIGITALES","","","DIGITAL",""
"003130","Juan Biassoni","","","","71648265","","","5423798","0005","SUSCRIPTORES DIGITALES","","","DIGITAL",""
"003131","Maki Yasuda","","","","71018031","","","3242468","0005","SUSCRIPTORES DIGITALES","","","DIGITAL",""
"003132","Hugo Alvarez","","","","525512950026","","","2283464","0005","SUSCRIPTORES DIGITALES","","","DIGITAL",""
"003133","Jorge Botello","","","","72530110","","","2468374017","0005","SUSCRIPTORES DIGITALES","","","DIGITAL",""
"003134","Sergio Asbun Saba","","","","72143056","","","988820","0005","SUSCRIPTORES DIGITALES","","","DIGITAL",""
"003135","TINC MA G Ltda","",".","","77351051","5/27/2026","","186652020","0005","SUSCRIPTORES DIGITALES","","","DIGITAL",""
"003136","Moodys Local","","","Lima","516160400","","123","20296081567","0005","SUSCRIPTORES DIGITALES","","","DIGITAL",""
"003137","UNIVERSAL TOURS LTDA.","","EQUIPETROL NORTE ENTRE 3ER Y 4TO ANILLO CALLE DR.ALBERTO SELEME A. N.- 35","","70083058","","","120421029","0001","Suscriptores Generales Facturables","","","EMPRESA",""
"003138","OSCAR ALCOCER","","CALLE LA PLATA EDIFICIO SKY DPTO 402 EQUIPETROL","","78183685","","","1982770016","0001","Suscriptores Generales Facturables","","","PARTICULAR",""
"003139","Jessiquita Gutirrez","","","","78187192","","","6376210","0005","SUSCRIPTORES DIGITALES","","","DIGITAL",""
"003140","Javier TorresGoitia Caballero","","","Miraflores","51995904294","","17050","116644","0005","SUSCRIPTORES DIGITALES","","","DIGITAL",""
"003141","Patricia Suarez Barba","",".","","78459700","5/27/2026","","3820646","0005","SUSCRIPTORES DIGITALES","","","DIGITAL",""
"003142","Agencia Despachante de Aduanas TROPIAMB SRL","","Av Alemania Esq C/ Rurrenabaque 3377 3 36","Santa Cruz de la Sierra","71651313","5/18/2026","00000","372767024","0005","SUSCRIPTORES DIGITALES","","","DIGITAL",""
"003143","Odin Martinez","","","","3059344330","","","3874121","0005","SUSCRIPTORES DIGITALES","","","DIGITAL",""
"003144","Maria Isabel Oyola Suarez","","","","78565923","","","3241882","0005","SUSCRIPTORES DIGITALES","","","DIGITAL",""
"003145","MEDLOG BOLIVIA LIMITADA","","AVENIDA JULIO PATIÑO N.- 730","","22110000","5/19/2027","","332192024","0005","SUSCRIPTORES DIGITALES","","","EMPRESA",""
"003146","Alberto Alarcon","","","","77342165","","","3897558","0005","SUSCRIPTORES DIGITALES","","","DIGITAL",""
"003147","Peter Bauer","","","","59170122908","","","132851","0005","SUSCRIPTORES DIGITALES","","","DIGITAL",""
"003148","Alvaro Ayala","","","","78183280","","","5426109010","0005","SUSCRIPTORES DIGITALES","","","DIGITAL",""
"003149","Marcos maraz farel","","","","76600607","","","5871725","0005","SUSCRIPTORES DIGITALES","","","DIGITAL",""
"003150","Maldonado","","","","70696456","","","4924401018","0005","SUSCRIPTORES DIGITALES","","","DIGITAL",""
"003151","Bernardo Calzadilla","","","","59168150666","","","302332","0005","SUSCRIPTORES DIGITALES","","","DIGITAL",""
"003152","Luana Chávez","","","","78192270","","","6356648","0005","SUSCRIPTORES DIGITALES","","","DIGITAL",""
"003153","David Espino","","","","62242604","","","17390233","0005","SUSCRIPTORES DIGITALES","","","DIGITAL",""
"003154","Carmen Julia Corrales","","","","72852496","","","5686460","0005","SUSCRIPTORES DIGITALES","","","DIGITAL",""
"003155","Ana María Bauer","","","","70155046","","","1971969","0005","SUSCRIPTORES DIGITALES","","","DIGITAL",""
"003156","Patricia Quintanilla","","","","77276493","","","486110017","0005","SUSCRIPTORES DIGITALES","","","DIGITAL",""
"003157","Verónica Rosas","","","","5513008247","","","5869838","0005","SUSCRIPTORES DIGITALES","","","DIGITAL",""
"003158","Jaime Yapur","","","","70350000","","","824429","0005","SUSCRIPTORES DIGITALES","","","DIGITAL",""
"003159","WEIWEI SHENG","","CONDOMINIO WILMA 2 CALLE PORESAQUI A 100 MTS DE AV.BENI ENTRE 3ER Y 4TO ANILLO","","62366602","","","10756268","0001","Suscriptores Generales Facturables","","","PARTICULAR",""
"003160","Pablo Romero","","","","71019154","","","2988342","0005","SUSCRIPTORES DIGITALES","","","DIGITAL",""
"003161","Brigitt Corp ED","","","","6341225","","","63411223","0005","SUSCRIPTORES DIGITALES","","","DIGITAL",""
"003162","CEMSE","","","","77227400","","","1019843027","0005","SUSCRIPTORES DIGITALES","","","DIGITAL",""
"003163","Carlos Vidal","","","","72122903","","","2836660","0005","SUSCRIPTORES DIGITALES","","","DIGITAL",""
"003164","Leticia Dipinto","","","","78089296","","","2987855","0005","SUSCRIPTORES DIGITALES","","","DIGITAL",""
"003165","samir nostas","","","","67894431","","","6206126","0005","SUSCRIPTORES DIGITALES","","","DIGITAL",""
"003166","Marizol Arano","","Av Pirai 7","Santa Cruz","65050050","","591","6287842","0005","SUSCRIPTORES DIGITALES","","","DIGITAL",""
"003167","Alejandro Stelzer Serrate","","","","76632282","","","6280752","0005","SUSCRIPTORES DIGITALES","","","DIGITAL",""
"003168","Zubieta","","","","0059160364775","","","2447724","0005","SUSCRIPTORES DIGITALES","","","DIGITAL",""
"003169","MARIO EDUARDO FRANCO CONTRERAS","","","","75025072","","","5848936","0005","SUSCRIPTORES DIGITALES","","","DIGITAL",""
"003170","Miguel angel Rivero Vaca Diez","","","","74694190","","","8154468","0005","SUSCRIPTORES DIGITALES","","","DIGITAL",""
"003171","Elvis Ojeda","","","","76761809","","","005972","0005","SUSCRIPTORES DIGITALES","","","DIGITAL",""
"003172","Veroushka Antelo Telchi","","","","72103859","","","1985501","0005","SUSCRIPTORES DIGITALES","","","DIGITAL",""
"003173","GERMAN CALLAU BALCAZAR","","AV. SAN MARTIN MANZANA 40 TORRE 1 PISO 13","","73133382","","","124185022","0005","SUSCRIPTORES DIGITALES","","","EMPRESA",""
"003174","Marco Jordan","","","","77690460","","","3292259","0005","SUSCRIPTORES DIGITALES","","","DIGITAL",""
"003175","Paola Viviana","","","","75515884","","","5591921","0005","SUSCRIPTORES DIGITALES","","","DIGITAL",""
"003176","FERNANDO HERRERA","","","","78050070","","","1724392","0005","SUSCRIPTORES DIGITALES","","","DIGITAL",""
"003177","Sara Saavedra","","","","71002435","","","5391161","0005","SUSCRIPTORES DIGITALES","","","DIGITAL",""
"003178","ENRIQUE UPRIMNY","","","","76000279","","","5364340","0005","SUSCRIPTORES DIGITALES","","","DIGITAL",""
"003179","Rubén Hinojosa","","","","71673051","","","3884378","0005","SUSCRIPTORES DIGITALES","","","DIGITAL",""
"003180","German Pompeyus","","SANTA CRUZ","","75322668","","","5429421","0005","SUSCRIPTORES DIGITALES","","","PARTICULAR",""
"003181","Roberto Teran","","","","76648482","","","5409609","0005","SUSCRIPTORES DIGITALES","","","DIGITAL",""
"003182","Juan Carlos zambrano","","","","76630110","","","3905814","0005","SUSCRIPTORES DIGITALES","","","DIGITAL",""
"003183","BIOPETROL","","DOBLE VIA A LA GUARDIA 8VO ANILLO","","3595242-75002087","","","371380023","0001","Suscriptores Generales Facturables","","","EMPRESA",""
"003184","Markus Ruegg","","","","70887032","","","1019231020","0005","SUSCRIPTORES DIGITALES","","","DIGITAL",""
"003185","Oscar Nogales","","","","71680102","","","4169275","0005","SUSCRIPTORES DIGITALES","","","DIGITAL",""
"003186","CASA DE CAMBIO CAMBIO ALEMAN TRANSATLANTICO SRL","","","","78055570","","","1027531029","0005","SUSCRIPTORES DIGITALES","","","DIGITAL",""
"003187","CIFA","","CALLE FELIPE LEONOR RIBERA N.- 52","","70976169","","","138993024","0001","Suscriptores Generales Facturables","","","EMPRESA",""
"003188","Richard Trujillo","","","","59176696778","","","4686910","0005","SUSCRIPTORES DIGITALES","","","DIGITAL",""
"003189","BIS OVERSEAS BOLIVIA SRL","","","","69195691","","","1017655025","0005","SUSCRIPTORES DIGITALES","","","DIGITAL",""
"003190","Dennis Gustavo Verduguez Albornoz","","","","76914514","","","5191837","0005","SUSCRIPTORES DIGITALES","","","DIGITAL",""
"003191","MARIANA SANDOVAL","","CALLE JUAN DE GARAY N.- 356","","72675240","","","4560562018","0001","Suscriptores Generales Facturables","","","EMPRESA",""
"003192","JUAN GABRIEL COLODRO AGUILERA","","SANTA CRUZ","","69071772","","","382829024","0005","SUSCRIPTORES DIGITALES","","","EMPRESA",""
"003193","Jose Nieva","","","","78008880","","","1632621","0005","SUSCRIPTORES DIGITALES","","","DIGITAL",""
"003194","Hugo Jose","","","","77129580","","","1031723","0005","SUSCRIPTORES DIGITALES","","","DIGITAL",""
"003195","MAGIN GUTIERREZ ROYO","","","","75521212","","","3575933","0005","SUSCRIPTORES DIGITALES","","","DIGITAL",""
"003196","Ruth Flores Justiniano","","","","70920400","","","2969182","0005","SUSCRIPTORES DIGITALES","","","DIGITAL",""
"003197","Jorge Oporto","","","","78602379","","","3088865","0005","SUSCRIPTORES DIGITALES","","","DIGITAL",""
"003198","MEGABAZAR SRL.","","2DO ANILLO AV. CRISTO REDENTOR ESQUINA CALLE. ORTON","","75506172","","","478478021","0001","Suscriptores Generales Facturables","","","EMPRESA",""
"003199","DIANDRA ROMERO SUAREZ","","3ER ANILLO INTERNO CASI CANAL ISUTO EDIFICIO VERTICAL ISUTO PISO 8","","62033365","","","9710186","0001","Suscriptores Generales Facturables","","","PARTICULAR",""
"003200","John Paz","","","","77397737","","","2836020","0005","SUSCRIPTORES DIGITALES","","","DIGITAL",""
"003201","Ingrid Céspedes","","","","77823582","","","5377144","0005","SUSCRIPTORES DIGITALES","","","DIGITAL",""
"003202","Amador Antonio  Apaza Cuéllar","","","","77103880","","","2532590","0005","SUSCRIPTORES DIGITALES","","","DIGITAL",""
"003203","Jose Luis  Noya","","","","76766605","","","2229601","0005","SUSCRIPTORES DIGITALES","","","DIGITAL",""
"003204","Frank Paus","","","","72709913","","","801210","0005","SUSCRIPTORES DIGITALES","","","DIGITAL",""
"003205","Viviana Moro","","","","59177680193","","","3857167","0005","SUSCRIPTORES DIGITALES","","","DIGITAL",""
"003206","Doerte Schilling","","","","73098077","","","4799173","0005","SUSCRIPTORES DIGITALES","","","DIGITAL",""
"003207","Hermes Justiniano","","","","72196333","","","1502691","0005","SUSCRIPTORES DIGITALES","","","DIGITAL",""
"003208","Federico Ortiz Gareca","","","","73360968","","","5050741","0005","SUSCRIPTORES DIGITALES","","","DIGITAL",""
"003209","Javier Prado","","","","78990585","","","0000","0005","SUSCRIPTORES DIGITALES","","","DIGITAL",""
"003210","roland ponce","","","","72134107","","","2901913","0005","SUSCRIPTORES DIGITALES","","","DIGITAL",""
"003211","Ramiro Sanchez","","","","67753538","","","3613076019","0005","SUSCRIPTORES DIGITALES","","","DIGITAL",""
"003212","Alfredo Pacheco Quiroga","","","","78499240","","","2719012","0005","SUSCRIPTORES DIGITALES","","","DIGITAL",""
"003213","Dennis Michael Mendoza Drulh","","Calle La Paz S/N","San Ignacio de Velasco","72467862","","000","7887018014","0005","SUSCRIPTORES DIGITALES","","","DIGITAL",""
"003214","Katia Rosas","","","","68967676","","","1710871","0005","SUSCRIPTORES DIGITALES","","","DIGITAL",""
"003215","Wilson Leaños","","","","79057990","","","4612831","0005","SUSCRIPTORES DIGITALES","","","DIGITAL",""
"003216","Fabiane Freiberger","","","","78562526","","","6209183","0005","SUSCRIPTORES DIGITALES","","","DIGITAL",""
"003217","Yery Darwin","","","","72137762","","","3921686","0005","SUSCRIPTORES DIGITALES","","","DIGITAL",""
"003218","Mariel Rodriguez","","","","77461011","","","6304950","0005","SUSCRIPTORES DIGITALES","","","DIGITAL",""
"003219","Andres Higa","","","","3411783","","","1592446","0005","SUSCRIPTORES DIGITALES","","","DIGITAL",""
"003220","Roxana Moreno","","","","76002600","","","1234","0005","SUSCRIPTORES DIGITALES","","","DIGITAL",""
"003221","alexander lijeron","","","","77076941","","","4738478","0005","SUSCRIPTORES DIGITALES","","","DIGITAL",""
"003222","Romel Rueda","","","","76349059","","","3173484","0005","SUSCRIPTORES DIGITALES","","","DIGITAL",""
"003223","Jennifer Adriana Joaquin Gutierrez","","Calle 3 30","Santa Cruz","76051096","","0000","11483317","0005","SUSCRIPTORES DIGITALES","","","DIGITAL",""
"003224","Ricardo Saavedra","","","","76333933","","","1980242","0005","SUSCRIPTORES DIGITALES","","","DIGITAL",""
"003225","UDIME SRL.","","CALLE ÑUFLO DE CHAVEZ N.- 720 ENTRE AV. VIEDMA Y CALLE ORURO","","77337111","","","121279023","0001","Suscriptores Generales Facturables","","","EMPRESA",""
"003226","Edwin Bassi","","","","78099066","","","3240207","0005","SUSCRIPTORES DIGITALES","","","DIGITAL",""
"003227","Carlos Aguirre Molina","","","","59170241818","","","3850942","0005","SUSCRIPTORES DIGITALES","","","DIGITAL",""
"003228","Mario Rioja","","","","70053033","","","1492204","0005","SUSCRIPTORES DIGITALES","","","DIGITAL",""
"003229","Fidel Flores","","","","67792093","","","1061970","0005","SUSCRIPTORES DIGITALES","","","DIGITAL",""
"003230","Willan Castell  n Tapia","","","","73139285","","","3846715","0005","SUSCRIPTORES DIGITALES","","","DIGITAL",""
"003231","Ely Montenegro","","","","75017373","","","4728106","0005","SUSCRIPTORES DIGITALES","","","DIGITAL",""
"003232","Jose Estrella","","","","72117010","","","0002205","0005","SUSCRIPTORES DIGITALES","","","DIGITAL",""
"003233","Abel Fernandez","","","","76160082","","","3981069","0005","SUSCRIPTORES DIGITALES","","","DIGITAL",""
"003234","FELIPE LOPEZ","","LA PAZ","","73206252","","","476959","0005","SUSCRIPTORES DIGITALES","","","PARTICULAR",""
"003235","MONICA GLADYS DURAN PRUDENCIO","","SANTA CRUZ","","71541555","","","4834827","0005","SUSCRIPTORES DIGITALES","","","EMPRESA",""
"003236","MARIA EUGENIA MARTINEZ","","SANTA CRUZ","","77713044","","","4834827","0005","SUSCRIPTORES DIGITALES","","","EMPRESA",""
"003237","MIGUEL GALLARDO ARDAYA","","SANTA CRUZ","","77321016","","","4834827","0005","SUSCRIPTORES DIGITALES","","","EMPRESA",""
"003238","IZA Ventas y Servicios s.r.l.","","Tomás Campbell / Barrio Héroes del Chaco 4005","Santa Cruz de La Sierra","76677755","","000","222524028","0005","SUSCRIPTORES DIGITALES","","","DIGITAL",""
"003239","Miguel Mariaca","","","","77839691","","","4580664019","0005","SUSCRIPTORES DIGITALES","","","DIGITAL",""
"003240","Luis Fernández de Córdoba","","","","76007705","","","1560937018","0005","SUSCRIPTORES DIGITALES","","","DIGITAL",""
"003241","Lucho Espinoza Ferrufino","","","","73156241","","","892023019","0005","SUSCRIPTORES DIGITALES","","","DIGITAL",""
"003242","Mar  Silvia","","","","75148488","","","4153458","0005","SUSCRIPTORES DIGITALES","","","DIGITAL",""
"003243","nelson severich","",".","","77001999","5/27/2026","","3853357","0005","SUSCRIPTORES DIGITALES","","","DIGITAL",""
"003244","A.J VIERCI SRL.","","AV.5TO ANILLO VIA PERIMETRAL EXT. ZONA PARQUE INDUSTRIAL MZ PA - 43A","","75682795","","","1028783020","0001","Suscriptores Generales Facturables","","","EMPRESA",""
"003245","edgar montaño","","carrasco 123 pb 1","la paz","72031213","","0000","3880164","0005","SUSCRIPTORES DIGITALES","","","DIGITAL",""
"003246","MARTINEZ","",".","","77713044","5/12/2026","","4834827","0005","SUSCRIPTORES DIGITALES","","","DIGITAL",""
"003247","Gonzalo Ruiz Sanchez","",".","","914020061","5/27/2026","","1056454","0005","SUSCRIPTORES DIGITALES","","","DIGITAL",""
"003248","Jorge Escobar","","","","72670453","","","4739344","0005","SUSCRIPTORES DIGITALES","","","DIGITAL",""
"003249","Jorge Condori","","","","75837937","","","2447850","0005","SUSCRIPTORES DIGITALES","","","DIGITAL",""
"003250","Ivan Lima","","","","70520600","","","4282344","0005","SUSCRIPTORES DIGITALES","","","DIGITAL",""
"003251","PLANIFICA SRL","","Potosi 764","Ciudad","77623210","","0000","129479024","0005","SUSCRIPTORES DIGITALES","","","DIGITAL",""
"003252","Erwin Alcides Landivar Gutierrez","","","","77317733","","","1992109","0005","SUSCRIPTORES DIGITALES","","","DIGITAL",""
"003253","MARTINEZ","",".","","71541555","5/12/2026","","4834827","0005","SUSCRIPTORES DIGITALES","","","DIGITAL",""
"003254","MARTINEZ","",".","","77321016","5/12/2026","","4834827","0005","SUSCRIPTORES DIGITALES","","","DIGITAL",""
"003255","dosis srl","","","","77420425","","","211678021","0005","SUSCRIPTORES DIGITALES","","","DIGITAL",""
"003256","HYASOC AUDITORES CONSULTORES S. R. L.","","LA PAZ","","","","","450242025","0001","Suscriptores Generales Facturables","","","EMPRESA",""
"003257","Antonio Simon Hossen","","","","63523131","","","1705467","0005","SUSCRIPTORES DIGITALES","","","DIGITAL",""
"003258","FEDEPLE","","av. ovidio barbery radial 26 entre 2do y 3er anillo c/luis dario","","76000539","","","126573024","0001","Suscriptores Generales Facturables","","","EMPRESA",""
"003259","Fundación Observatorio de Derechos Humanos y Justicia","","","","76073463","","","304608026","0005","SUSCRIPTORES DIGITALES","","","DIGITAL",""
"003260","JUAN CARLOS CASTEDO","","SANTA CRUZ","","73658559","","","269368029","0005","SUSCRIPTORES DIGITALES","","","EMPRESA",""
"003261","Juan Carlos Mendizabal","","","","77012115","","","2535173","0005","SUSCRIPTORES DIGITALES","","","DIGITAL",""
"003262","Jhonny Ardaya","","","","78155529","","","3857207","0005","SUSCRIPTORES DIGITALES","","","DIGITAL",""
"003263","Natalia Parada","","","","71624194","","","6324179","0005","SUSCRIPTORES DIGITALES","","","DIGITAL",""
"003264","Norelys Tejerina Arteaga","","","","78191175","","","7855391","0005","SUSCRIPTORES DIGITALES","","","DIGITAL",""
"003265","Robert W","","","","71631096","","","4693714","0005","SUSCRIPTORES DIGITALES","","","DIGITAL",""
"003266","Orlando Caballero","","","","70862071","","","1022046","0005","SUSCRIPTORES DIGITALES","","","DIGITAL",""
"003267","Hernan Anez","","","","72840155","","","1705490","0005","SUSCRIPTORES DIGITALES","","","DIGITAL",""
"003268","Nilson Céspedes","","","","0034679366728","","","3936932","0005","SUSCRIPTORES DIGITALES","","","DIGITAL",""
"003269","Luis Alejandro Gutiérrez Eklund","","","","78533777","","","3931823","0005","SUSCRIPTORES DIGITALES","","","DIGITAL",""
"003270","Miguel Angel Parada Justiniano","","","","77347000","","","4601186","0005","SUSCRIPTORES DIGITALES","","","DIGITAL",""
"003271","CLINICA DENTAL OREST","","CALLE FRANZ TAMAYO N.- 87 ESQUINA CALLE GUILLERMO BURTON BARRIO MAC DONALD","","790-20440","","","424847024","0001","Suscriptores Generales Facturables","","","EMPRESA",""
"003272","Patricia Romero","","","","67893354","","","4728264","0005","SUSCRIPTORES DIGITALES","","","DIGITAL",""
"003273","Lucho Perez","","","","79993690","","","6405682","0005","SUSCRIPTORES DIGITALES","","","DIGITAL",""
"003274","Mauricio Sagárnaga Alcazar","","","","78528298","","","4263692","0005","SUSCRIPTORES DIGITALES","","","DIGITAL",""
"003275","Eymi Karina Gallardo Sifuentes","","","","70740940","","","5237276","0005","SUSCRIPTORES DIGITALES","","","DIGITAL",""
"003276","Carmen Saucedo de Busch","","","","69116550","","","1468309014","0005","SUSCRIPTORES DIGITALES","","","DIGITAL",""
"003277","DAVID ANGEL CABALLERO T.","","20 de octubre 2331 7 703","La Paz","77835770","","0000","4577986","0005","SUSCRIPTORES DIGITALES","","","DIGITAL",""
"003278","Joaquin Pereyra","","calle Murillo 68","Santa Cruz","77670720","","0000","4717503","0005","SUSCRIPTORES DIGITALES","","","DIGITAL",""
"003279","Fernando Alvarez","","","","78461298","","","2987315","0005","SUSCRIPTORES DIGITALES","","","DIGITAL",""
"003280","Cuba","","","","70719716","","","815909","0005","SUSCRIPTORES DIGITALES","","","DIGITAL",""
"003281","Humberto Roca","",".","Davie","3059875223","6/3/2026","33328","99001","0005","SUSCRIPTORES DIGITALES","","","DIGITAL",""
"003282","Juan Pablo Cisneros","","","","76500118","","","4807044","0005","SUSCRIPTORES DIGITALES","","","DIGITAL",""
"003283","Xaviera Tapia","","","","","","","6962281","0005","SUSCRIPTORES DIGITALES","","","DIGITAL",""
"003284","Carlos Pablo Klinsky Fernandez","","","","70960696","","","1996388","0005","SUSCRIPTORES DIGITALES","","","DIGITAL",""
"003285","Julia Toledo de Soto","","","","59175648895","","","0046905","0005","SUSCRIPTORES DIGITALES","","","DIGITAL",""
"003286","Ximena Andia","",".","","77446958","5/27/2026","","1970895","0005","SUSCRIPTORES DIGITALES","","","DIGITAL",""
"003287","BANCO MERCANTIL SANTA CRUZ S.A.","","EDIFICIO TORRE MSC 4TO ANILLO AV. CRISTO REDENTOR","","33633522;72101278","","","1020557029","0001","Suscriptores Generales Facturables","","","EMPRESA",""
"003288","Victor Hugo Monroy Arias","","SANTA CRUZ","","72036456","","","2441127","0005","SUSCRIPTORES DIGITALES","","","PARTICULAR",""
"003289","Amparo Rivero","",".","","77391187","5/27/2026","","1584481","0005","SUSCRIPTORES DIGITALES","","","DIGITAL",""
"003290","Ronald Carrillo","","","","78058062","","","5376120012","0005","SUSCRIPTORES DIGITALES","","","DIGITAL",""
"003291","Juan Tavolara A","","","","71652856","","","1508245","0005","SUSCRIPTORES DIGITALES","","","DIGITAL",""
"003292","Frank Herbert Werner Hebe","","","","72155044","","","5821807","0005","SUSCRIPTORES DIGITALES","","","DIGITAL",""
"003293","Alejandro Calbimonte","","","","76110088","","","1141095","0005","SUSCRIPTORES DIGITALES","","","DIGITAL",""
"003294","Miranda","","","","63241910","","","6972753014","0005","SUSCRIPTORES DIGITALES","","","DIGITAL",""
"003295","Jhalmar Romero","","","","72110124","","","3167436","0005","SUSCRIPTORES DIGITALES","","","DIGITAL",""
"003296","Javier Landivar Mercado","","","","77344076","","","1997938","0005","SUSCRIPTORES DIGITALES","","","DIGITAL",""
"003297","Daniel Ardaya Vargas","","","","72913249","","","4575548010","0005","SUSCRIPTORES DIGITALES","","","DIGITAL",""
"003298","Oswaldo Suarez","","","","72121883","","","1585680","0005","SUSCRIPTORES DIGITALES","","","DIGITAL",""
"003299","Victor Edwin Vargas Flores","","","","15715024208","","","2200287","0005","SUSCRIPTORES DIGITALES","","","DIGITAL",""
"003300","Pilar Navarro","","","","70825039","","","1990274","0005","SUSCRIPTORES DIGITALES","","","DIGITAL",""
"003301","Juan Carlos Soraide Mallon","","","","77042591","","","7687376","0005","SUSCRIPTORES DIGITALES","","","DIGITAL",""
"003302","Cristina Sosa","","","","","","","3193527","0005","SUSCRIPTORES DIGITALES","","","DIGITAL",""
"003303","Numbela","","","","72004363","","","4401299","0005","SUSCRIPTORES DIGITALES","","","DIGITAL",""
"003304","Jorge  Rios","","","","77440415","","","3007034","0005","SUSCRIPTORES DIGITALES","","","DIGITAL",""
"003305","Jorge Zarzar","","","","76310020","","","4611554","0005","SUSCRIPTORES DIGITALES","","","DIGITAL",""
"003306","Laura Alba Calle","","","","","","","9199424","0005","SUSCRIPTORES DIGITALES","","","DIGITAL",""
"003307","COTAS R.L.","","CALLE CHUQUISACA N.- 168 ENTRE CALLE BALLIVIAN Y CALLE ÑUFLO DE CHAVEZ","","70820670","","","1028367023","0001","Suscriptores Generales Facturables","","","EMPRESA",""
"003308","Fernando Jensen","","","","70847803","","","4560282","0005","SUSCRIPTORES DIGITALES","","","DIGITAL",""
"003309","Marquez Renteria Reinaldo","","","","77058464","","","7689243","0005","SUSCRIPTORES DIGITALES","","","DIGITAL",""
"003310","ENDE TRANSMISION SA","","","","72200212","","","1023097024","0005","SUSCRIPTORES DIGITALES","","","DIGITAL",""
"003311","haroldo alvis","","Barrio los lotes Sn","Santa cruz","76347515","","11111","3266911019","0005","SUSCRIPTORES DIGITALES","","","DIGITAL",""
"003312","Aldo Raul Terrazas Rivero","","","","70943112","","","3134833","0005","SUSCRIPTORES DIGITALES","","","DIGITAL",""
"003313","Luis Eduardo Zambrana","","","","77819437","","","8983986","0005","SUSCRIPTORES DIGITALES","","","DIGITAL",""
"003314","Carlos Zilveti Alí","","","","75111981","","","5033987","0005","SUSCRIPTORES DIGITALES","","","DIGITAL",""
"003315","CALDERON GONZALES & ASOCIADOS S.R.L.","","Av del Arquitecto Av. Del Arquitecto Nº4 Piso 1 of. 3 (Zona Ferropetrol)","","","","","404414026","0001","Suscriptores Generales Facturables","","","",""
"003316","CALDERON GONZALES & ASOCIADOS S.R.L.","","Av del Arquitecto Av. Del Arquitecto Nº4 Piso 1 of. 3 (Zona Ferropetrol)","","","","","404414026","0001","Suscriptores Generales Facturables","","","",""
"003317","Gonzalo Nogales","","","","76004201","","","1710073","0005","SUSCRIPTORES DIGITALES","","","DIGITAL",""
"003318","Marco Bulacia","","","","77335243","","","3199758","0005","SUSCRIPTORES DIGITALES","","","DIGITAL",""
"003319","Andres Moreno","",".","","75332055","5/12/2026","","3820551","0005","SUSCRIPTORES DIGITALES","","","DIGITAL",""
"003320","jubilado","",".","","70746939","6/17/2026","","3133060","0005","SUSCRIPTORES DIGITALES","","","DIGITAL",""
"003321","Andrea Gabriela Urioste Gumucio","","","","70618186","","","3467093","0005","SUSCRIPTORES DIGITALES","","","DIGITAL",""
"003322","Denis Velasco","","","","75666002","","","3909192","0005","SUSCRIPTORES DIGITALES","","","DIGITAL",""
"003323","Alejandra Dorado Zelada","","","","75378628","","","7836008","0005","SUSCRIPTORES DIGITALES","","","DIGITAL",""
"003324","GILDA DANNEY SUAREZ RODRIGUEZ","","MONSEÑOR COSTA 604 1 VERD","SANTA CRUZ DE LA SIERRA","76152555","","000","11334523016","0005","SUSCRIPTORES DIGITALES","","","DIGITAL",""
"003325","Carlos Saavedra","","","","72146800","","","1578078","0005","SUSCRIPTORES DIGITALES","","","DIGITAL",""
"003326","Jorge Arce","",".","","77314360","6/18/2026","","1015571020","0005","SUSCRIPTORES DIGITALES","","","DIGITAL",""
"003327","Joaquin Morales","","","","77999348","","","7861335","0005","SUSCRIPTORES DIGITALES","","","DIGITAL",""
"003328","Jorge Luis Unzueta","","","","76460660","","","5271361","0005","SUSCRIPTORES DIGITALES","","","DIGITAL",""
"003329","GABRIEL IBAÑEZ","","","","79678384","","","6818123","0005","SUSCRIPTORES DIGITALES","","","DIGITAL",""
"003330","Isabel Gonzalez","","","","76430500","","","315396028","0005","SUSCRIPTORES DIGITALES","","","DIGITAL",""
"003331","MARCO VALDERRAMA","","SANTA CRUZ","","72191977","","","2922405016","0005","SUSCRIPTORES DIGITALES","","","PARTICULAR",""
"003332","Karlo Tadic","","","","70755015","","","5906388","0005","SUSCRIPTORES DIGITALES","","","DIGITAL",""
"003333","Enrique Ferraro","","","","5917678950","","","11612803","0005","SUSCRIPTORES DIGITALES","","","DIGITAL",""
"003334","kunio miyagi","","","","77645689","","","1547499","0005","SUSCRIPTORES DIGITALES","","","DIGITAL",""
"003335","Ramiro Galindo","","Cond scz de la colina M21b C7a 0","Santa Cruz","75500081","","00000","3915643","0005","SUSCRIPTORES DIGITALES","","","DIGITAL",""
"003336","Oscar Cabrera","",".","","73171713","6/19/2026","","1028999","0005","SUSCRIPTORES DIGITALES","","","DIGITAL",""
"003337","DEEPCOOL THERMAL CORP SRL","","","","72002121","","","176930022","0005","SUSCRIPTORES DIGITALES","","","DIGITAL",""
"003338","SKRENTAL SKRENTAL","","","LIMA","51972737998","","00027","20511977712","0005","SUSCRIPTORES DIGITALES","","","DIGITAL",""
"003339","Juan pablo Paz","",".","","76865979","6/18/2026","","5352207","0005","SUSCRIPTORES DIGITALES","","","DIGITAL",""
"003340","René A. Moreno Zapata","","","","70713486","","","6440998","0005","SUSCRIPTORES DIGITALES","","","DIGITAL",""
"003341","Francisco Yama","","","","77609962","","","195590025","0005","SUSCRIPTORES DIGITALES","","","DIGITAL",""
"003342","Martha Alicia Arrien","","","","77332485","","","1504829012","0005","SUSCRIPTORES DIGITALES","","","DIGITAL",""
"003343","STEVE NACIF","","CALLE BARCELONA N.- 1 ( BARRIO LAS PALMAS )","","77044044","","","190648027","0001","Suscriptores Generales Facturables","","","EMPRESA",""
"003344","rodolfo acevedo","","","","71738038","","","986005","0005","SUSCRIPTORES DIGITALES","","","DIGITAL",""
"003345","Jorge Cudry","","","","71628373","","","1546082","0005","SUSCRIPTORES DIGITALES","","","DIGITAL",""
"003346","Clement Hussenet","","","","67776789","","","14410437","0005","SUSCRIPTORES DIGITALES","","","DIGITAL",""
"003347","Hernan Vargas","","","","77564114","","","3002827018","0005","SUSCRIPTORES DIGITALES","","","DIGITAL",""
"003348","Jose Luis Estrada Arandia","","","","71621935","","","3689594","0005","SUSCRIPTORES DIGITALES","","","DIGITAL",""
"003349","Mary Villarruel","","","","70075899","","","171866023","0005","SUSCRIPTORES DIGITALES","","","DIGITAL",""
"003350","Antonio Rocha","","","","72123500","","","3214213","0005","SUSCRIPTORES DIGITALES","","","DIGITAL",""
"003351","ALDO SEMPERTEGUI","","","","76988496","","","5204348","0005","SUSCRIPTORES DIGITALES","","","DIGITAL",""
"003352","MEGALABS BOLIVIA SRL","","","","72190947","","","1028301022","0005","SUSCRIPTORES DIGITALES","","","DIGITAL",""
"003353","Victor Pacheco","","","","72101718","","","238713","0005","SUSCRIPTORES DIGITALES","","","DIGITAL",""
"003354","Claudia Teran","",".","","62453932","6/9/2026","","4770665","0005","SUSCRIPTORES DIGITALES","",".","DIGITAL",""
"003355","DAMIAN GRISI","","CONDOMINIO ZENIT , DEPARTAMENTO 6G FRENTE A LOS TAJIBOS","","77273330","","","3179552","0001","Suscriptores Generales Facturables","","","PARTICULAR",""
"003356","Morato","",".","","78003334","6/23/2026","","2799063014","0005","SUSCRIPTORES DIGITALES","","","DIGITAL",""
"003357","SINDICATO DE TRANSPORTISTAS SANTA CRUZ","","3ER ANILLO INTERNO ANTES DE LLEGAR A LA AV. ROCA Y CORONADO","","72122033","","","354845026","0001","Suscriptores Generales Facturables","","","EMPRESA",""
"003358","Gonzalo Cabrera","",".","","76003378","6/9/2026","","489583017","0005","SUSCRIPTORES DIGITALES","",".","DIGITAL",""
"003359","Carlos Pinto","","","","77377454","","","3575393014","0005","SUSCRIPTORES DIGITALES","","","DIGITAL",""
"003360","Slawomir Cimochowski","","","","68331304","","","10142308","0005","SUSCRIPTORES DIGITALES","","","DIGITAL",""
"003361","marily luders","","","","5690162840","","","99001","0005","SUSCRIPTORES DIGITALES","","","DIGITAL",""
"003362","RAMIRO ANTONIO ALQUEZ MOLLO","","","","73090039","","","99001","0005","SUSCRIPTORES DIGITALES","","","DIGITAL",""
"003363","FONPLATA","","","","33159493","","","9901","0005","SUSCRIPTORES DIGITALES","","","DIGITAL",""
"003364","Nelson Ronald Alberti Chumacero","",".","","72891112","6/9/2026","","3625058013","0005","SUSCRIPTORES DIGITALES","",".","DIGITAL",""
"003365","Larrea","","","Ciudad de Belice","5016061033","","00000","2355580013","0005","SUSCRIPTORES DIGITALES","","","DIGITAL",""
"003366","Elvio Menacho","","","","65058846","","","9611126","0005","SUSCRIPTORES DIGITALES","","","DIGITAL",""
"003367","Dean Homleid","",".","","64490062","6/9/2026","","11246027","0005","SUSCRIPTORES DIGITALES","",".","DIGITAL",""
"003368","ESTRATEGICA SRL. CORREDORES Y ASESORES DE SEGUROS Y RIESGOS","","AV. LAS RAMBLAS ESQUINA 4TO ANILLO EDIFICIO CUBO PISO N.- 1 BARRIO EQUIPETROL NORTE","","77341890","","","1025069026","0001","Suscriptores Generales Facturables","","","EMPRESA",""
"003369","gang liu","","","","72004570","","","99001","0005","SUSCRIPTORES DIGITALES","","","DIGITAL",""
"003370","Daniel Mercado","","","","73748490","","","3477517015","0005","SUSCRIPTORES DIGITALES","","","DIGITAL",""
"003371","Jorge Aldo Traverso Viscarra","","","","69831851","","","124356","0005","SUSCRIPTORES DIGITALES","","","DIGITAL",""
"003372","Ronald Valverde","",".","","76044999","6/9/2026","","5840856","0005","SUSCRIPTORES DIGITALES","",".","DIGITAL",""
"003373","Franz Gabriel Alpiry Hurtado","",".","","70065449","6/9/2026","","6399405014","0005","SUSCRIPTORES DIGITALES","",".","DIGITAL",""
"003374","Juan Carlos","",".","","71997865","5/12/2026","","072341","0005","SUSCRIPTORES DIGITALES","","","DIGITAL",""
"003375","Lucia Castillo Arcia","","","Managua","50586830066","","11000","99001","0005","SUSCRIPTORES DIGITALES","","","DIGITAL",""
"003376","Eduardo Retamozo","",".","","60086138","6/9/2026","","4578840","0005","SUSCRIPTORES DIGITALES","",".","DIGITAL",""
"003377","Ramiro Lupo","",".","","71726819","6/9/2026","","950024","0005","SUSCRIPTORES DIGITALES","",".","DIGITAL",""
"003378","Andres Hinojosa","","","","72070815","","","1267179","0005","SUSCRIPTORES DIGITALES","","","DIGITAL",""
"003379","Juan Marañon","","","Hempstead","5168840051","","11550","4744596","0005","SUSCRIPTORES DIGITALES","","","DIGITAL",""
"003380","Cynthia Yantorno","",".","","75624269","6/9/2026","","11607150","0005","SUSCRIPTORES DIGITALES","",".","DIGITAL",""
"003381","Maria Fernanda Roca Castro","",".","","70043408","6/9/2026","","4712809013","0005","SUSCRIPTORES DIGITALES","",".","DIGITAL",""
"003382","Osman Sikujara Quiroga","",".","","70270990","6/9/2026","","10283311","0005","SUSCRIPTORES DIGITALES","",".","DIGITAL",""
"003383","Diego Aguilera","","","","69250270","","","1234567","0005","SUSCRIPTORES DIGITALES","","","DIGITAL",""
"003384","Sergio Gutierrez","",".","","77007278","6/9/2026","","3885305","0005","SUSCRIPTORES DIGITALES","",".","DIGITAL",""
"003385","VINTAGE PETROLEUM BOLIVIANA LTD.","","AV.CRISTO REDENTOR ESQUINA 4TO ANILLO EDIFICIO TORRE EMPRESARIAL MSC PISO 6 OF. 6B","","72164928","","","1015195028","0001","Suscriptores Generales Facturables","","","EMPRESA",""
"003386","Pedro Jiménez","","Potosi 897","Santa cruz","76006720","5/27/2026","0000","1598008","0005","SUSCRIPTORES DIGITALES","","","DIGITAL",""
"003387","Teófilo Caballero","","","","77309269","","","1988014","0005","SUSCRIPTORES DIGITALES","","","DIGITAL",""
"003388","Gustavo Guzman","","","","77610537","","","985729","0005","SUSCRIPTORES DIGITALES","","","DIGITAL",""
"003389","COVAN CONSULTORIA SRL","","Av. Ormachea 1000 2","La Paz","79656005","","0","120607022","0005","SUSCRIPTORES DIGITALES","","","DIGITAL",""
"003390","Humberto  Villegas","","","","77269614","","","3330103","0005","SUSCRIPTORES DIGITALES","","","DIGITAL",""
"003391","reynaldo vargas","","","","77683826","","","3394950014","0005","SUSCRIPTORES DIGITALES","","","DIGITAL",""
"003392","Romulo Landivar","","","","77311939","","","3288382","0005","SUSCRIPTORES DIGITALES","","","DIGITAL",""
"003393","JULIO MONTAÑO","","","","73116985","","","4564270","0005","SUSCRIPTORES DIGITALES","","","DIGITAL",""
"003394","INDUSTRIA METALURGICA FERROTODO  S.A.","b/ polanco c/ monseñor a 3 cuadra real","Av. pedro ribera , 3er anillo entre alemana y mutualista lado comercial norte","","76057677","","","1028373024","0001","Suscriptores Generales Facturables","","","EMPRESA",""
"003395","INFOCENTER S.A.","","CALLE SAAVEDRA EDIFICIO TORRES CAINCO PISO 4","","71655276","","","1026833028","0005","SUSCRIPTORES DIGITALES","","","EMPRESA",""
"003396","Harrison Vaca","","","","72177186","","","5841951","0005","SUSCRIPTORES DIGITALES","","","DIGITAL",""
"003397","luis calderon hoyos","",".","","70670902","6/9/2026","","3486997","0005","SUSCRIPTORES DIGITALES","",".","DIGITAL",""
"003398","ASOCIACION CIVIL DEL GOETHE INSTITUT LA PAZ","","Av Arce","","71221100","","","420156021","0001","Suscriptores Generales Facturables","","","PARTICULAR",""
"003399","Lucas Rojas","","Las Dalias 26","Santa Cruz","77300016","","0000","5878876018","0005","SUSCRIPTORES DIGITALES","","","DIGITAL",""
"003400","edson mendez","","","","","","","5320985","0005","SUSCRIPTORES DIGITALES","","","DIGITAL",""
"003401","Juan Carlos  Miranda","","","","77494370","","","2369027","0005","SUSCRIPTORES DIGITALES","","","DIGITAL",""
"003402","Ricardo Rojas","","","","60502007","","","246794","0005","SUSCRIPTORES DIGITALES","","","DIGITAL",""
"003403","XX Eventos Corp SRL","","","","77350001","","","155546026","0005","SUSCRIPTORES DIGITALES","","","DIGITAL",""
"003404","Dalva Cesar Reyes","","","","73667395","","","3122698","0005","SUSCRIPTORES DIGITALES","","","DIGITAL",""
"003405","David Arata","","11 1","Colinas del urubo","72120678","","Na","1114984","0005","SUSCRIPTORES DIGITALES","","","DIGITAL",""
"003406","Israel Rea","","","Santa Cruz","71632332","","","473296","0005","SUSCRIPTORES DIGITALES","","","DIGITAL",""
"003407","Diego Mendoza","","","","71740434","","","3394264","0005","SUSCRIPTORES DIGITALES","","","DIGITAL",""
"003408","Roberto Ciancaglini","","Avenida grigota 770","Sant cruz","72639571","","0","2944733","0005","SUSCRIPTORES DIGITALES","","","DIGITAL",""
"003409","Vierychito Sikujara","","","","72818697","","","7601398013","0005","SUSCRIPTORES DIGITALES","","","DIGITAL",""
"003410","Michael Illanes","","","","70054066","","","5362842","0005","SUSCRIPTORES DIGITALES","","","DIGITAL",""
"003411","Luis alberto Eguez parada","","","","75646339","","","3271422","0005","SUSCRIPTORES DIGITALES","","","DIGITAL",""
"003412","Loreto Correa Vera","","","Santiago","7750000","","7750000","85382039","0005","SUSCRIPTORES DIGITALES","","","DIGITAL",""
"003413","Volocom Volocom","","","Milano","0289453023","","20151","13313330154","0005","SUSCRIPTORES DIGITALES","","","DIGITAL",""
"003414","Marcelo Venegas","","","","75363351","","","4705311","0005","SUSCRIPTORES DIGITALES","","","DIGITAL",""
"003415","Yasmin Osorio","","","","72101278","","","3097927","0005","SUSCRIPTORES DIGITALES","","","DIGITAL",""
"003416","Richard Rocha palma","","","","70884752","","","3936450","0005","SUSCRIPTORES DIGITALES","","","DIGITAL",""
"003417","Christian Jacir","",".","","3340705","","","2813569","0005","SUSCRIPTORES DIGITALES","",".","DIGITAL",""
"003418","Marcelo Rana","","","","77612685","","","99001","0005","SUSCRIPTORES DIGITALES","","","DIGITAL",""
"003419","Exposur SRL","","","","78622125","","","480288026","0005","SUSCRIPTORES DIGITALES","","","DIGITAL",""
"003420","Peña","","","","72036860","","","2899588","0005","SUSCRIPTORES DIGITALES","","","DIGITAL",""
"003421","Armando Valverde","","","","69090020","","","66121211013","0005","SUSCRIPTORES DIGITALES","","","DIGITAL",""
"003422","Carlos Rupay Montañez","","","","72130739","","","0030266","0005","SUSCRIPTORES DIGITALES","","","DIGITAL",""
"003423","Fernando Escobar","",".","","78692364","5/27/2026","","5630817","0005","SUSCRIPTORES DIGITALES","","","DIGITAL",""
"003424","JAIME VALENCIA","","5TO ANILLO CONDOMINIO LA HACIENDA 1 CALLE LOS BOSQUES 1","","75082922","","","338664","0001","Suscriptores Generales Facturables","","","PARTICULAR",""
"003425","BELLCOS BOLIVIA S.A.","","AV. 5TO ANILLO N.- 5650 EDIFICIO QUINTA AVENIDA PB ENTRE AV. 2 DE AGOSTO Y AV. ALEMANA","","77031159;78464660","","","120771025","0001","Suscriptores Generales Facturables","","","EMPRESA",""
"003426","Sandra Meneses","","","","71564596","","","3790757","0005","SUSCRIPTORES DIGITALES","","","DIGITAL",""
"003427","Industrias textiles Libano SRL","","","","76472222","","","199226020","0005","SUSCRIPTORES DIGITALES","","","DIGITAL",""
"003428","ARANCIBIA","","","","78447085","","","8894418","0005","SUSCRIPTORES DIGITALES","","","DIGITAL",""
"003429","Steve Nacif","",".","","77044044","5/27/2026","","4292288","0005","SUSCRIPTORES DIGITALES","","","DIGITAL",""
"003430","Moises Apaza","","","","79834848","","","4154919","0005","SUSCRIPTORES DIGITALES","","","DIGITAL",""
"003431","PABLO BURGOS","","Santa Cruz","","71339352","","","3235484","0005","SUSCRIPTORES DIGITALES","","","PARTICULAR",""
"003432","Ladislao Velasquez Vargas","","","","78472139","","","9023235","0005","SUSCRIPTORES DIGITALES","","","DIGITAL",""
"003433","Jorge Hoffmann","","","","59133525017","","","1544302012","0005","SUSCRIPTORES DIGITALES","","","DIGITAL",""
"003434","Enrique Finot","","","Valencia","34633889457","","46015","99001","0005","SUSCRIPTORES DIGITALES","","","DIGITAL",""
"003435","pablo martinez","","","","77343016","","","2015024","0005","SUSCRIPTORES DIGITALES","","","DIGITAL",""
"003436","Karen Reimers","","","","67896162","","","3201582","0005","SUSCRIPTORES DIGITALES","","","DIGITAL",""
"003437","CLINICA KAMIYA","","AV.MONSEÑOR RIVERO N.- 265 ENTRE 1ER Y 2DO ANILLO","","62245398","","","425252025","0001","Suscriptores Generales Facturables","","","EMPRESA",""
"003438","Embajada Americana","",".","","61273602","6/23/2026","","99001","0005","SUSCRIPTORES DIGITALES","",".","DIGITAL",""
"003439","Zenteno","","","","67555515","","","6421305018","0005","SUSCRIPTORES DIGITALES","","","DIGITAL",""
"003440","julio solares frerking","","","","70312000","","","1070746","0005","SUSCRIPTORES DIGITALES","","","DIGITAL",""
"003441","Victor Terrazas","","","","74165695","","","5402321","0005","SUSCRIPTORES DIGITALES","","","DIGITAL",""
"003442","Douglas Ascarrunz Eduardo","","","","70542000","","","376501014","0005","SUSCRIPTORES DIGITALES","","","DIGITAL",""
"003443","Nieves Oña","","","","73614455","","","5124660010","0005","SUSCRIPTORES DIGITALES","","","DIGITAL",""
"003444","Adriana Nadra Dabdoub Abujder","","","","76074332","","","3287489","0005","SUSCRIPTORES DIGITALES","","","DIGITAL",""
"003445","Salomón Ribera","","","","76691999","","","1999037","0005","SUSCRIPTORES DIGITALES","","","DIGITAL",""
"003446","SEARPI","","4TO ANILLO S/N 1 1","SANTA CRUZ","71540177","6/9/2026","591","1025981029","0005","SUSCRIPTORES DIGITALES","",".","DIGITAL",""
"003447","Victor Yamashiro","","","","71339691","","","2802166","0005","SUSCRIPTORES DIGITALES","","","DIGITAL",""
"003448","Leonardo Landivar","","","","71337533","","","5321206","0005","SUSCRIPTORES DIGITALES","","","DIGITAL",""
"003449","kevin flores porcel","","","","65067477","","","7486500","0005","SUSCRIPTORES DIGITALES","","","DIGITAL",""
"003450","Cleidy Romina Suarez","","","","67790901","","","4730245","0005","SUSCRIPTORES DIGITALES","","","DIGITAL",""
"003451","Andrea Angulo","","","","75304840","","","4851495019","0005","SUSCRIPTORES DIGITALES","","","DIGITAL",""
"003452","Alison Calero","","","","5713098209","","","4728923","0005","SUSCRIPTORES DIGITALES","","","DIGITAL",""
"003453","Tae Woo","","","","70819506","","","5415693","0005","SUSCRIPTORES DIGITALES","","","DIGITAL",""
"003454","Carolina Paz Rivero","","","","76639396","","","6140307","0005","SUSCRIPTORES DIGITALES","","","DIGITAL",""
"003455","Brenda Velasquez","","","","62172011","","","14647469","0005","SUSCRIPTORES DIGITALES","","","DIGITAL",""
"003456","Antonio Espinosa","","","","78420200","","","2638951","0005","SUSCRIPTORES DIGITALES","","","DIGITAL",""
"003457","Edson Jimmy","","","","77678788","","","1847344","0005","SUSCRIPTORES DIGITALES","","","DIGITAL",""
"003458","Francisco Argandona","","","","76655507","","","2068926014","0005","SUSCRIPTORES DIGITALES","","","DIGITAL",""
"003459","Roberto Chambi","","","","77321886","","","9617717","0005","SUSCRIPTORES DIGITALES","","","DIGITAL",""
"003460","Manuel Gimenez","","","","76110169","","","1056340","0005","SUSCRIPTORES DIGITALES","","","DIGITAL",""
"003461","Karla Karina Prado de Flores","","","","75003039","","","3830844017","0005","SUSCRIPTORES DIGITALES","","","DIGITAL",""
"003462","Ramiro Careaga","","","","76500562","","","3546436","0005","SUSCRIPTORES DIGITALES","","","DIGITAL",""
"003463","Oscar Escalante","","","","72188111","","","2844083012","0005","SUSCRIPTORES DIGITALES","","","DIGITAL",""
"003464","Giovanny Riveros","","","","77224375","","","3368572","0005","SUSCRIPTORES DIGITALES","","","DIGITAL",""
"003465","Cymebol SRL","","","","70902123","","","369366029","0005","SUSCRIPTORES DIGITALES","","","DIGITAL",""
"003466","Colin Dunlop","","","","72150570","","","4649336","0005","SUSCRIPTORES DIGITALES","","","DIGITAL",""
"003467","Chris Suxo","","","","62554188","","","4835546","0005","SUSCRIPTORES DIGITALES","","","DIGITAL",""
"003468","Patricia Dalence","","Achumani Calle J 480 2 202","La Paz","67348280","","456","3073213","0005","SUSCRIPTORES DIGITALES","","","DIGITAL",""
"003469","Carlos Ribera","","roble 81","ciudad de santa cruz","78061155","","-1","7727275","0005","SUSCRIPTORES DIGITALES","","","DIGITAL",""
"003470","Juan Lopez Vargas","","santa rita 42","Santa Cruz","76366388","","0000","9008015","0005","SUSCRIPTORES DIGITALES","","","DIGITAL",""
"003471","Fernando Sandoval","","Barrio Sirari, calle Los Lirios 305","Santa Cruz","70872611","","0000","4661993","0005","SUSCRIPTORES DIGITALES","","","DIGITAL",""
"003472","Michelle Ferrufino","","Serere #12 12","Santa Cruz","79050993","","0","8972743","0005","SUSCRIPTORES DIGITALES","","","DIGITAL",""
"003473","FERNANDO ROVASCIO","","","Montevideo","59899041134","","11300","34583060","0005","SUSCRIPTORES DIGITALES","","","DIGITAL",""
"003474","Rodrigo Alarcon","","","","71030006","","","3255146","0005","SUSCRIPTORES DIGITALES","","","DIGITAL",""
"003475","Wilfredo Samuel Rivera Vargas","","","","59172181708","","","3261172","0005","SUSCRIPTORES DIGITALES","","","DIGITAL",""
"003476","NAT FOREST SRL.","","","","77395463","","","480764027","0005","SUSCRIPTORES DIGITALES","","","DIGITAL",""
"003477","Rafael Deheza","","","","70050347","","","6281125","0005","SUSCRIPTORES DIGITALES","","","DIGITAL",""
"003478","leonardo kempff","","","","78466077","","","4701634","0005","SUSCRIPTORES DIGITALES","","","DIGITAL",""
"003479","SMC BOLIVIA","","AV. GUAPAY 2635","ANDRES IBAÑEZ","77333788","","2281","1030707029","0005","SUSCRIPTORES DIGITALES","","","DIGITAL",""
"003480","Mirtha Andrade","","","","72151202","","","2813162016","0005","SUSCRIPTORES DIGITALES","","","DIGITAL",""
"003481","DIANDRA ROMERO SUAREZ","","SANTA CRUZ","","76077001","","","9710186","0005","SUSCRIPTORES DIGITALES","","","PARTICULAR",""
"003482","BANCO PYME ECOFUTURO S.A.","","AV. SANCHEZ BUSTAMANTE N.- 302 ESQUINA CALLE 9 CALACOTO","","2186100","","","1020271020","0005","SUSCRIPTORES DIGITALES","","","EMPRESA",""
"003483","Hugo Sanzetenea","","","","70722215","","","3752028","0005","SUSCRIPTORES DIGITALES","","","DIGITAL",""
"003484","Victoria Eugenia Tejada Soruco","","","","77066610","","","3265423","0005","SUSCRIPTORES DIGITALES","","","DIGITAL",""
"003485","Rodrigo BARRENECHEA","","","","67710142","","","1870134","0005","SUSCRIPTORES DIGITALES","","","DIGITAL",""
"003486","ivan claros","","","","77654920","","","4596851","0005","SUSCRIPTORES DIGITALES","","","DIGITAL",""
"003487","Pamela Lagrava","","","","7202242564","","","5525625","0005","SUSCRIPTORES DIGITALES","","","DIGITAL",""
"003488","Ivana Vargas","","","","78114890","","","11398052","0005","SUSCRIPTORES DIGITALES","","","DIGITAL",""
"003489","Daniel Andres Prudencio Csapek","","","","77711152","","","4757485","0005","SUSCRIPTORES DIGITALES","","","DIGITAL",""
"003490","Marcos Malavia","","santa cruz","","78176908","","","99001","0005","SUSCRIPTORES DIGITALES","","","DIGITAL",""
"003491","BLANCA MERCADO","","","","70955035","","","3872093013","0005","SUSCRIPTORES DIGITALES","","","DIGITAL",""
"003492","Miguel Vaca","","","","69050603","","","1098912010","0005","SUSCRIPTORES DIGITALES","","","DIGITAL",""
"003493","Marcelo Valverde","","","","70856090","","","5343529","0005","SUSCRIPTORES DIGITALES","","","DIGITAL",""
"003494","Carlos Belmonte","","","","77206446","","","3853013","0005","SUSCRIPTORES DIGITALES","","","DIGITAL",""
"003495","Leticia Dipinto Cafiero","","","","74660474","","","2987855","0005","SUSCRIPTORES DIGITALES","","","DIGITAL",""
"003496","Alejandro Antelo","","","","75587069","","","6213885","0005","SUSCRIPTORES DIGITALES","","","DIGITAL",""
"003497","Nicolás Andrade","","","","72244888","","","3732775","0005","SUSCRIPTORES DIGITALES","","","DIGITAL",""
"003498","Pedro Jiménez Rea","","Boqueron esquina tte. Roca peirano 80","Santa Cruz","70951128","","591","1575450012","0005","SUSCRIPTORES DIGITALES","","","DIGITAL",""
"003499","HOTEL CAMINO REAL","","4TO ANILLO AV, SAN MARTIN EQUIPETROL NORTE","","70838858","","","126115028","0001","Suscriptores Generales Facturables","","","EMPRESA",""
"003500","Eduardo Bedoya","","","","77373032","","","3441904","0005","SUSCRIPTORES DIGITALES","","","DIGITAL",""
"003501","Alejandro Pemintel","","","","77776344","","","3656612","0005","SUSCRIPTORES DIGITALES","","","DIGITAL",""
"003502","Pablo Hermosa","","","","59177990035","","","5161394","0005","SUSCRIPTORES DIGITALES","","","DIGITAL",""
"003503","Jorge Torricos","","","","72169163","","","6257109","0005","SUSCRIPTORES DIGITALES","","","DIGITAL",""
"003504","Impacto Social Srl","","","","59176758686","","","189790023","0005","SUSCRIPTORES DIGITALES","","","DIGITAL",""
"003505","MICHAEL TONDU","","","","70518866","","","2287230013","0005","SUSCRIPTORES DIGITALES","","","DIGITAL",""
"003506","Maria Renee Centellas Guevara","","","","76759777","","","2614102","0005","SUSCRIPTORES DIGITALES","","","DIGITAL",""
"003507","Carmelo Lazcano Quentasi","","","","65901619","","","8982696","0005","SUSCRIPTORES DIGITALES","","","DIGITAL",""
"003508","Ana Lazcano","","","","77228555","","","3602268","0005","SUSCRIPTORES DIGITALES","","","DIGITAL",""
"003509","Teresa Morales Olivera","","","","67011806","","","2124879010","0005","SUSCRIPTORES DIGITALES","","","DIGITAL",""
"003510","MARCELO SALINAS","","","","70685483","","","4452838","0005","SUSCRIPTORES DIGITALES","","","DIGITAL",""
"003511","Katerine Moreno","","","","59170820510","","","3168126","0005","SUSCRIPTORES DIGITALES","","","DIGITAL",""
"003512","Rolando Jaramillo","","","","73611106","","","6282394017","0005","SUSCRIPTORES DIGITALES","","","DIGITAL",""
"003513","Graciela Regiani","","","","75090257","","","0016480","0005","SUSCRIPTORES DIGITALES","","","DIGITAL",""
"003514","Isaac Torrico","","","","72028516","","","3373722","0005","SUSCRIPTORES DIGITALES","","","DIGITAL",""
"003515","Loayza","","","","79135375","","","489821012","0005","SUSCRIPTORES DIGITALES","","","DIGITAL",""
"003516","Preteco Bolivia Limitada","","Calle 15 Calacoto 8089 2 5","La Paz","59177790104","","0000","132981021","0005","SUSCRIPTORES DIGITALES","","","DIGITAL",""
"003517","Marcelo De Rada Carrillo","","","","76790111","","","2288570","0005","SUSCRIPTORES DIGITALES","","","DIGITAL",""
"003518","Juan Vicente Bedolla Martinez","","","","61009921","","","11499484","0005","SUSCRIPTORES DIGITALES","","","DIGITAL",""
"003519","FernandO KusceviC","","","","70899481","","","4584825","0005","SUSCRIPTORES DIGITALES","","","DIGITAL",""
"003520","AGRIPAC BOLIVIANA AGROINDUSTRIAL S.A.","","SANTA CRUZ","","69052281","","","1028409020","0005","SUSCRIPTORES DIGITALES","","","EMPRESA",""
"003521","ITA SRL","",".","","70207137","6/9/2026","","403109028","0005","SUSCRIPTORES DIGITALES","",".","DIGITAL",""
"003522","Henry Peters","",".","","73651871","5/27/2026","","6359651","0005","SUSCRIPTORES DIGITALES","","","DIGITAL",""
"003523","HILLER S.A.","","SANTA CRUZ","","70836045","","","1028693020","0005","SUSCRIPTORES DIGITALES","","","EMPRESA",""
"003524","ANAPO","","AV. OVIDIO BARBERY ESQUINA JAIME MENDOZA BARRIO AVAROA","","77672756","","","1027319027","0001","Suscriptores Generales Facturables","","","EMPRESA",""
"003525","RED UNITAL","","Crespo","","","","","1000935021","0001","Suscriptores Generales Facturables","","","EMPRESA",""
"003526","SANDOVAL","","Calacoto","","","","","6482","0001","Suscriptores Generales Facturables","","","EMPRESA",""
"003527","Jonathan Saavedra","",".","","72220644","6/9/2026","","6475513","0005","SUSCRIPTORES DIGITALES","",".","DIGITAL",""
"003528","Rigliana Portugal","",".","","72083569","6/10/2026","","3108012","0005","SUSCRIPTORES DIGITALES","",".","DIGITAL",""
"003529","Santiago Rodriguez Burgos","",".","","76208328","6/9/2026","","052695","0005","SUSCRIPTORES DIGITALES","",".","DIGITAL",""
"003530","Gustavo Andrade","",".","","71112080","6/9/2026","","3099414","0005","SUSCRIPTORES DIGITALES","",".","DIGITAL",""
"003531","Ricardo Cambruzzi","",".","","78002880","6/9/2026","","12383769","0005","SUSCRIPTORES DIGITALES","",".","DIGITAL",""
"003532","Juan DURAN","",".","","62024472","6/9/2026","","3330290","0005","SUSCRIPTORES DIGITALES","",".","DIGITAL",""
"003533","Gustavo Arteaga","",".","","76619705","6/9/2026","","3838024","0005","SUSCRIPTORES DIGITALES","",".","DIGITAL",""
"003534","Renata Valente","","","São Paulo","11984133141","","04734003","37162181899","0005","SUSCRIPTORES DIGITALES","","","DIGITAL",""
"003535","Fabiana Arteaga","",".","","76619705","6/9/2026","","13018740","0005","SUSCRIPTORES DIGITALES","",".","DIGITAL",""
"003536","ALEXINA FLORES GALLEGOS","","C Campos esq Campos","","","","","4261637","0001","Suscriptores Generales Facturables","","","EMPRESA",""
"003537","HOTEL GLORIA SRL","","Calle Potosí Edficio Gloria","","","","","1020593027","0001","Suscriptores Generales Facturables","","","EMPRESA",""
"003538","EDGAR ARACENA","",".","","72018013","6/9/2026","","2683999","0005","SUSCRIPTORES DIGITALES","",".","DIGITAL",""
"003539","MONASTERIOS","","","","14373451736","","","4282689","0005","SUSCRIPTORES DIGITALES","","","DIGITAL",""
"003540","Karina Vargas","",".","","59174660125","6/9/2026","","2837730015","0005","SUSCRIPTORES DIGITALES","",".","DIGITAL",""
"003541","Marisol Choque","",".","","70051501","6/9/2026","","7727679","0005","SUSCRIPTORES DIGITALES","",".","DIGITAL",""
"003542","Sonia Miriam Barrios Pasten","","","","13054585547","","","2397702","0005","SUSCRIPTORES DIGITALES","","","DIGITAL",""
"003543","Arturo Bernal","","Guapuru 26","Andrés Ibañez","62096927","","1020","4669093","0005","SUSCRIPTORES DIGITALES","","","DIGITAL",""
"003544","Embajada Americana","",".","","7812061496","6/23/2026","","99001","0005","SUSCRIPTORES DIGITALES","",".","DIGITAL",""
"003545","EMBAJADA AMERICANA","",".","","61273393","6/23/2026","","99001","0005","SUSCRIPTORES DIGITALES","",".","DIGITAL",""
"003546","EMBAJADA AMERICANA","",".","","61273428","6/23/2026","","99001","0005","SUSCRIPTORES DIGITALES","",".","DIGITAL",""
"003547","NELSON HIROSHI SAKUMA","","","","59177392879","","","1027215020","0005","SUSCRIPTORES DIGITALES","","","DIGITAL",""
"003548","Lucio Villca","","Cornejo 084","Cobija","72076696","6/9/2026","1000","3566235","0005","SUSCRIPTORES DIGITALES","",".","DIGITAL",""
"003549","Carlos Raul Meza Eguez","","","","70981654","","","3924876","0005","SUSCRIPTORES DIGITALES","","","DIGITAL",""
"003550","jorge sanchez suarez","",".","","70440512","9/9/2026","","3263895018","0005","SUSCRIPTORES DIGITALES","",".","DIGITAL",""
"003551","Paul Gaite","",".","","69221212","6/9/2026","","5008118","0005","SUSCRIPTORES DIGITALES","",".","DIGITAL",""
"003552","roberto vargas","",".","","78512703","6/9/2026","","5515829","0005","SUSCRIPTORES DIGITALES","",".","DIGITAL",""
"003553","Alex Delgadillo Zambrana","","Santos Dumont 5to anillo 0","Andres Ibañez","75095018","5/29/2026","0","8246764015","0005","SUSCRIPTORES DIGITALES","",".","DIGITAL",""
"003554","Embajada Americana","",".","","61273628","6/23/2026","","99001","0005","SUSCRIPTORES DIGITALES","",".","DIGITAL",""
"003555","Miriam Barrios","",".","","60511116","5/26/2026","","2397702","0005","SUSCRIPTORES DIGITALES","","","DIGITAL",""
"003556","Jose Wilson Salvatierra","",".","","77029000","6/9/2026","","1538095","0005","SUSCRIPTORES DIGITALES","",".","DIGITAL",""
"003557","Juan carlos Zurita","","","","70812400","","","4652357","0005","SUSCRIPTORES DIGITALES","","","DIGITAL",""
"003558","Fernando Jimenez Jimenez Cuellar","","Capirenda 19 PB","Camiri","74343852","6/9/2026","sin cod","1578677","0005","SUSCRIPTORES DIGITALES","",".","DIGITAL",""
"003559","RECONSTRUCCION CAÑOS S.A. SUCURSAL BOLIVIA","","CALLE CAMPERO EDIFICIO MATIAS PLANTA BAJA ENTRE BOLIVAR Y ARENALES","","70194400","","","369983026","0001","Suscriptores Generales Facturables","","","EMPRESA",""
"003560","Giovanni Rosazza","",".","","77081661","6/9/2026","","2015569","0005","SUSCRIPTORES DIGITALES","",".","DIGITAL",""
"003561","Pe  aranda","",".","","2231782","6/9/2026","","3455532","0005","SUSCRIPTORES DIGITALES","",".","DIGITAL",""
"003562","Angélica Sandoval","",".","","69277296","6/9/2026","","6249572","0005","SUSCRIPTORES DIGITALES","",".","DIGITAL",""
"003563","Javier Monasterio","","","","77341773","","","1598161","0005","SUSCRIPTORES DIGITALES","","","DIGITAL",""
"003564","Erwin Serrano Guzman","",".","","71356603","6/9/2026","","8257071","0005","SUSCRIPTORES DIGITALES","",".","DIGITAL",""
"003565","Dima Ltda","","","","3525200","","","1015567022","0005","SUSCRIPTORES DIGITALES","","","DIGITAL",""
"003566","Alejandro  Caiguara","",".","","71232277","6/9/2026","","5973832","0005","SUSCRIPTORES DIGITALES","",".","DIGITAL",""
"003567","Smrclipping LTDA","","","","5561982117906","","","26865068149","0005","SUSCRIPTORES DIGITALES","","","DIGITAL",""
"003568","RENE CARDENAS","","Calle 17 calacoto lado hotel delfines","","78282141","","","2621774018","0001","Suscriptores Generales Facturables","","","EMPRESA",""
"003569","Martita Rodríguez Vaca","",".","","76316688","5/26/2026","","7727204016","0005","SUSCRIPTORES DIGITALES","","","DIGITAL",""
"003570","Ronald Brian","","","","77713687","","","2710707018","0005","SUSCRIPTORES DIGITALES","","","DIGITAL",""
"003571","Olga Palma","","","","62479200","","","1000000","0005","SUSCRIPTORES DIGITALES","","","DIGITAL",""
"003572","Harold Fischer","",".","","75698567","5/26/2026","","6372711","0005","SUSCRIPTORES DIGITALES","","","DIGITAL",""
"003573","Esteban Pabon","","","Kensington","12404496829","","20895","3628348","0005","SUSCRIPTORES DIGITALES","","","DIGITAL",""
"003574","UNIVERSIDAD NACIONAL ECOLOGICA SANTA CRUZ S.A.","","AV. VIRGEN DE COTOCA KM 5 1/2","","71628248","","","128611028","0001","Suscriptores Generales Facturables","","","EMPRESA",""
"003575","Marlene Avila","",".","","79907381","5/26/2026","","9865940","0005","SUSCRIPTORES DIGITALES","","","DIGITAL",""
"003576","juan bautista","",".","","78536026","5/26/2026","","7166661","0005","SUSCRIPTORES DIGITALES","","","DIGITAL",""
"003577","Vivian Ramirez","",".","","75012313","5/12/2026","","5845691","0005","SUSCRIPTORES DIGITALES","","","DIGITAL",""
"003578","PAN AMERICAN SILVER BOLIVIA S.A.","","AV. FUERZA NAVAL N.- 500 CALACOTO","","73237848","","","1002673025","0005","SUSCRIPTORES DIGITALES","","","EMPRESA",""
"003579","eduardo quiroga","",".","","77273726","5/26/2026","","1552607","0005","SUSCRIPTORES DIGITALES","","","DIGITAL",""
"003580","Sabrina Lanza","",".","","77952870","5/26/2026","","4507261","0005","SUSCRIPTORES DIGITALES","","","DIGITAL",""
"003581","Rodrigo Paniagua","",".","","70976748","5/26/2026","","4644134018","0005","SUSCRIPTORES DIGITALES","","","DIGITAL",""
"003582","Isabel Wong","","Cp 704","Santa Cruz De La Sierra","78511438","5/26/2026","704","4704018","0005","SUSCRIPTORES DIGITALES","","","DIGITAL",""
"003583","JUAN PABLO RODRIGUEZ CAMACHO","",".","","76312451","","","4732840","0005","SUSCRIPTORES DIGITALES","","","DIGITAL",""
"003584","TRACTO CARGO SRL","",".","","76678742","5/18/2026","","454943022","0005","SUSCRIPTORES DIGITALES","","","DIGITAL",""
"003585","Felicidad Ibarra Bejarano","",".","","77778124","5/18/2026","","8237634","0005","SUSCRIPTORES DIGITALES","","","DIGITAL",""
"003586","Freddy Lenz","","11 21","LA PAZ","70596768","","0000","3389561","0005","SUSCRIPTORES DIGITALES","","","DIGITAL",""
"003587","Eduardo Andres Fernandez Perez","",".","","76044994","5/18/2026","","11246236","0005","SUSCRIPTORES DIGITALES","","","DIGITAL",""
"003588","BOSER SRL","",".","","71520200","","","192820023","0005","SUSCRIPTORES DIGITALES","","","DIGITAL",""
"003589","manfredo kempff","",".","","61551191","5/18/2026","","3400845","0005","SUSCRIPTORES DIGITALES","","","DIGITAL",""
"003590","ASOCIACION DE BANCOS PRIVADOS DE BOLIVIA","","RENE MORENO 258 8","SANTA CRUZ DE LA SIERRA","77665573","5/18/2026","591","1006935029","0005","SUSCRIPTORES DIGITALES","","","DIGITAL",""
"003591","Tsuguaky Toma Yogi","",".","","76355215","5/18/2026","","4687244","0005","SUSCRIPTORES DIGITALES","","","DIGITAL",""
"003592","Diego Moreno","","","","71345876","","","3194317","0005","SUSCRIPTORES DIGITALES","","","DIGITAL",""
"003593","Mariel Dalence","",".","","73243663","5/18/2026","","2014817","0005","SUSCRIPTORES DIGITALES","","","DIGITAL",""
"003594","CACERES","","","","70542646","","","3447325","0005","SUSCRIPTORES DIGITALES","","","DIGITAL",""
"003595","Eduardo Salvatierra","",".","","70036709","5/12/2026","","2800906","0005","SUSCRIPTORES DIGITALES","","","DIGITAL",""
"003596","Rodrigo Mac Lean","","","","78361007","","","2886773","0005","SUSCRIPTORES DIGITALES","","","DIGITAL",""
"003597","magaly cassia","",".","","72225225","5/18/2026","","4939303","0005","SUSCRIPTORES DIGITALES","","","DIGITAL",""
"003598","Roger Guzmán","",".","","77039622","5/18/2026","","2837850","0005","SUSCRIPTORES DIGITALES","","","DIGITAL",""
"003599","DIEGO JOSE CUELLAR HURTADO","","","","59176000986","","","5397288013","0005","SUSCRIPTORES DIGITALES","","","DIGITAL",""
"003600","OVANDO S.A.","","2DO ANILLO Y AV. LA SALLE","","67703497","","","1023103028","0005","SUSCRIPTORES DIGITALES","","","EMPRESA",""
"003601","RUDIGER TREPP","",".","","77342602","5/18/2026","","1982772","0005","SUSCRIPTORES DIGITALES","","","DIGITAL",""
"003602","Luis Luis Rojas","",".","","69974100","5/18/2026","","4500723","0005","SUSCRIPTORES DIGITALES","","","DIGITAL",""
"003603","Sergio Ivan Albornoz Exeni","",".","","75515415","5/18/2026","","4638976","0005","SUSCRIPTORES DIGITALES","","","DIGITAL",""
"003604","María Virginia Ortiz Echazú","","","","76237833","","","2708217016","0005","SUSCRIPTORES DIGITALES","","","DIGITAL",""
"003605","Estudiante de español","","","","12393149176","","","30091958","0005","SUSCRIPTORES DIGITALES","","","DIGITAL",""
"003606","Herbert Alvarez","",".","","68053130","5/18/2026","","3097500","0005","SUSCRIPTORES DIGITALES","","","DIGITAL",""
"003607","Jose Luis Siles","",".","","76712038","5/18/2026","","3431298","0005","SUSCRIPTORES DIGITALES","","","DIGITAL",""
"003608","Herman Boris Valdez Aguirre","",".","","62009117","5/18/2026","","5058188","0005","SUSCRIPTORES DIGITALES","","","DIGITAL",""
"003609","Jos Maria","","","","76567894","","","4084729016","0005","SUSCRIPTORES DIGITALES","","","DIGITAL",""
"003610","PLATERIA PARIS","","AV. SAN MARTIN BARRIO EQUIPETROL PASAJE 5 NORTE N.-95","","77013334","","","3233128019","0001","Suscriptores Generales Facturables","","","EMPRESA",""
"003611","DEAN CHARLES HOMLEID","","KM 8 CAMINO LAS MISCAS - SAMAIPATA","","64490062","","","11246027","0005","SUSCRIPTORES DIGITALES","","","PARTICULAR",""
"003612","jaime rozenman","",".","","59133572284","5/12/2026","","844417","0005","SUSCRIPTORES DIGITALES","","","DIGITAL",""
"003613","Eduardo Roca","",".","","72190037","5/18/2026","","2805638019","0005","SUSCRIPTORES DIGITALES","","","DIGITAL",""
"003614","Maria Julia Guerra","",".","","67710472","5/18/2026","","12357169","0005","SUSCRIPTORES DIGITALES","","","DIGITAL",""
"003615","Ana Maria Leon","",".","","933613901","5/28/2026","","464624","0005","SUSCRIPTORES DIGITALES","","","DIGITAL",""
"003616","miguel crespo","",".","","76348218","5/18/2026","","2947325019","0005","SUSCRIPTORES DIGITALES","","","DIGITAL",""
"003617","Javier Carrasco","","","","77033552","","","3900904013","0005","SUSCRIPTORES DIGITALES","","","DIGITAL",""
"003618","PROCHILE","","calle 15 # 8054 esq. Patiño - Calacoto","","","","","99001","0005","SUSCRIPTORES DIGITALES","","","",""
"003619","Andrés Moreno","",".","","77351588","5/12/2026","","3234893","0005","SUSCRIPTORES DIGITALES","","","DIGITAL",""
"003620","Horacio Guzmán","",".","","71549221","5/18/2026","","6736163","0005","SUSCRIPTORES DIGITALES","","","DIGITAL",""
"003621","Jhovanna Morales","",".","","72886651","5/18/2026","","5490173","0005","SUSCRIPTORES DIGITALES","","","DIGITAL",""
"003622","ALVARO ESPINEL","","CONDOMINIO ALTO LAS PALMAS ENTRE 5TO Y 6TO ANILLO AV. PIRAI","","62241500","","","45125874","0001","Suscriptores Generales Facturables","","","PARTICULAR",""
"003623","Juan Pablo  Soto Flores","",".","","69010116","5/18/2026","","7788782","0005","SUSCRIPTORES DIGITALES","","","DIGITAL",""
"003624","Roxana Acosta","","","","67600065","","","1113991","0005","SUSCRIPTORES DIGITALES","","","DIGITAL",""
"003625","RENAVIBOL SA","","","","78987844","","","318908028","0005","SUSCRIPTORES DIGITALES","","","DIGITAL",""
"003626","Christian Conesa","",".","","72015551","5/18/2026","","4923640","0005","SUSCRIPTORES DIGITALES","","","DIGITAL",""
"003627","Pablo Andres Velasquez Servia","",".","","75399947","5/18/2026","","3386929","0005","SUSCRIPTORES DIGITALES","","","DIGITAL",""
"003628","Ezequiel Landivar T","","","","78182928","","","3825816012","0005","SUSCRIPTORES DIGITALES","","","DIGITAL",""
"003629","Noemi Bejarano Aparicio","",".","","67830479","5/18/2026","","4140966","0005","SUSCRIPTORES DIGITALES","","","DIGITAL",""
"003630","CORPORACION EDUCATIVA CUMBRE S.A.","","AV. CAÑOTO N.- 580 BARRIO PANAMERICANO","","78526036","","","124849020","0001","Suscriptores Generales Facturables","","","EMPRESA",""
"003631","Marcelo Bernardo  López de La Rosa","","Psje Teodomiro Beltran 6","Cochabamba","76900077","5/18/2026","0000","3789974","0005","SUSCRIPTORES DIGITALES","","","DIGITAL",""
"003632","JUAN CARLOS COCHAMADIDIS","","BARRIO CORDECRUZ CALLE 3 OESTE N.- 7","","77395463","","","1592189","0001","Suscriptores Generales Facturables","","","PARTICULAR",""
"003633","SOPESE SRL","",".","","79696111","5/18/2026","","168838023","0005","SUSCRIPTORES DIGITALES","","","DIGITAL",""
"003634","Laura Sofía Serrate","",".","","77011644","5/18/2026","","5343813","0005","SUSCRIPTORES DIGITALES","","","DIGITAL",""
"003635","Cesar Menacho","",".","","72169077","5/18/2026","","1970803","0005","SUSCRIPTORES DIGITALES","","","DIGITAL",""
"003636","Gustavo Zamora","",".","","71864901","5/18/2026","","1817125","0005","SUSCRIPTORES DIGITALES","","","DIGITAL",""
"003637","fernando guilarte","","","","77820000","","","1311466","0005","SUSCRIPTORES DIGITALES","","","DIGITAL",""
"003638","CECILIA ALEJANDRA MASS PORRAS","","AV. BANZER Y 6TO ANILLO CONDOMINIO CIUDAD JARDIN FRENTE A UCEBOL","","77612006","","","384214028","0005","SUSCRIPTORES DIGITALES","","","EMPRESA",""
"003639","Juan Pablo Aguilar Aponte","",".","","76401151","5/18/2026","","4526442","0005","SUSCRIPTORES DIGITALES","","","DIGITAL",""
"003640","Marco B","",".","","71343758","5/18/2026","","2975163","0005","SUSCRIPTORES DIGITALES","","","DIGITAL",""
"003641","Dajani Córdova","",".","","74942757","5/18/2026","","7628346","0005","SUSCRIPTORES DIGITALES","","","DIGITAL",""
"003642","Pedro Brusiloff","","","","5553991038715","","","3431888","0005","SUSCRIPTORES DIGITALES","","","DIGITAL",""
"003643","JOSE MARIA MACHICADO CALATAYUD","","CBBA","","75967968","","","6976416","0005","SUSCRIPTORES DIGITALES","","","PARTICULAR",""
"003644","Silvana Melgar","",".","","76339417","5/18/2026","","5849486014","0005","SUSCRIPTORES DIGITALES","","","DIGITAL",""
"003645","Jurki Gómez","","Nicolas Armentia SN","Cobija","70160273","5/18/2026","0000","6940523","0005","SUSCRIPTORES DIGITALES","","","DIGITAL",""
"003646","Ruben Irigoyen","",".","","78497727","5/18/2026","","6202271","0005","SUSCRIPTORES DIGITALES","","","DIGITAL",""
"003647","PATRICIA ROCHA BORJA","","AV. ALEMANA ENTRE 4TO Y 5TO ANILLO FRENTE AL CEMENTERIO NORTE CALLE SOFIA RODRIGUEZ N.- 4525","","71626591","","","1053578","0001","Suscriptores Generales Facturables","","","PARTICULAR",""
"003648","Viridian Business Ltda","",".","","72001037","5/18/2026","","445555020","0005","SUSCRIPTORES DIGITALES","","","DIGITAL",""
"003649","Christian Villiger","",".","","64496952","5/18/2026","","11649764","0005","SUSCRIPTORES DIGITALES","","","DIGITAL",""
"003650","MARIO TEJADA","","CALLE NORDENSKIOL N,. 230 BARRIO PALERMO","","75302085","","","254204","0005","SUSCRIPTORES DIGITALES","","","PARTICULAR",""
"003651","CONSULADO GENERAL DE CHINA EN SANTA CRUZ","","CALLE LAS DALIAS EQUIPETROL","","69100689","","","99001","0005","SUSCRIPTORES DIGITALES","","","EMPRESA",""
"003652","Olga R. de Aguilera","","","","76322393","","","249175017","0005","SUSCRIPTORES DIGITALES","","","DIGITAL",""
"003653","Fernando Vargas","",".","","79899798","5/18/2026","","3902748","0005","SUSCRIPTORES DIGITALES","","","DIGITAL",""
"003654","Oscar Aramayo","",".","","73808427","5/18/2026","","603246","0005","SUSCRIPTORES DIGITALES","","","DIGITAL",""
"003655","Yamil Rodriguez","",".","","72564184","5/18/2026","","2605743","0005","SUSCRIPTORES DIGITALES","","","DIGITAL",""
"003656","Herland Coca","",".","","77405298","5/18/2026","","3467016","0005","SUSCRIPTORES DIGITALES","","","DIGITAL",""
"003657","Javier Jahnsen","",".","","72529689","5/18/2026","","2374984","0005","SUSCRIPTORES DIGITALES","","","DIGITAL",""
"003658","Gonzalo Callancho","",".","","68138506","5/18/2026","","14045382","0005","SUSCRIPTORES DIGITALES","","","DIGITAL",""
"003659","TIENDAS TRESBE S.A","","CENTRO EMPRESARIAL EQUIPETROL, ENTRE 3ER Y 4TO ANILLO AV. SAN MARTIN","","75030340","","","471361020","0001","Suscriptores Generales Facturables","","","EMPRESA",""
"003660","COMINESA","","CALLE 16 DE CALACOTO","","","","","1006239027","0001","Suscriptores Generales Facturables","","","EMPRESA",""
"003661","DROGUERIA INTI LA PAZ","","Calle Lucas Jaimes","","71221100","","","1020521023","0001","Suscriptores Generales Facturables","","","EMPRESA",""
"003662","CEINCE SRL.","","CANAL COTOCA EDIFICIO CEINCE ENTRE 3ER Y 4TO ANILLO","","","","","121487022","0001","Suscriptores Generales Facturables","","","EMPRESA",""
"003663","ASOCEBU","","AV. ROCA Y CORONADO ENTRE 3ER Y 4TO ANILLO DENTRO DE LA EXPOCRUZ","","76000189","","","156206025","0001","Suscriptores Generales Facturables","","asocebu@cotas.com.bo","EMPRESA",""
"003664","CAO","","AV. ROCA Y CORONADO ENTRE 3ER Y 4TO ANILLO DENTRO DE LA EXPOCRUZ","","78555104","","","123807024","0001","Suscriptores Generales Facturables","","comunicacion@cao.org.bo","EMPRESA",""
"003665","FRIGOR S.A.","","PARQUE INDUSTRIAL PI 44 SOBRE EL 5TO ANILLO","","76004147","","","1028739027","0001","Suscriptores Generales Facturables","","sheyla.cordova@frigor.com.bo","EMPRESA",""
"003666","CONSULADO ARGENTINO","","PLAZA PRINCIPAL EDIFICIO DEL BANCO DE LA NACION ARGENTINA 3ER PISO","","77347113","","","99001","0001","Suscriptores Generales Facturables","","bna@mrecic.gov.ar","EMPRESA",""
"003667","INDUSTRIAS VENADO S.A.","","AV. VIRU VIRU ESQUINA CALLE 3 EDIFICIO GRUPO VENADO ENTRE 7MO Y 8VO ANILLO","","77700255","","","1020539025","0001","Suscriptores Generales Facturables","","felipevillarroel@grupovenado.com","EMPRESA",""
"003668","UNIVALLE S.A.","","7MO ANILLO AV. CRISTO REDENTOR Y AV. JUAN PABLO II","","77043346","","","1023091020","0001","Suscriptores Generales Facturables","","pgils@univalle.edu","EMPRESA",""
"003669","ASOCIACION DE AVICULTORES DE SANTA CRUZ","","AV. OVIDIO BARBERY ENTRE 2DO Y 3ER ANILLO CALLE ANTONIO BARBA N. 120","","78042214","","","1013491029","0001","Suscriptores Generales Facturables","","administracion@adascz.com.bo","EMPRESA",""
"003670","FEGASACRUZ","","AV. EJERCITO NACIONAL ESQUINA CALLE SOLIZ DE OLGUIN","","62062000","","","1012479027","0001","Suscriptores Generales Facturables","","unicomfegasacruz@gmail.com","EMPRESA",""
"003671","XIMENA XIMENEZ","","CALLE GUEMES N.- 4 EDIF. THE LOFT 2DO PISO OFICINA 305","","77350001","","","155546026","0001","Suscriptores Generales Facturables","","administracion@ximenaximenez.com","EMPRESA",""
"003672","MEGALABS BOLIVIA SRL.","","CALLE MOLDES ESQUINA CALLE LA PAZ N.- 200","","71399512","","","1028301022","0001","Suscriptores Generales Facturables","","vcuellar@megalabs.com.bo","EMPRESA",""
"003673","OSCAR VIGABRIEL GOMEZ","","CALLE MERCEDES SAUCEDO N.- 4468 ENTRE AV. BENI Y AV. ALEMANA ENTRE 4TO Y 5TO ANILLO","","67876541","","","184366","0001","Suscriptores Generales Facturables","","mabelmvm@gmail.com","PARTICULAR",""
"003674","CELENA RIVERO TALAMAS","","RADIAL 26 -  5TO ANILLO","","","","","189787","0001","Suscriptores Generales Facturables","","celenariverotalamas@gmail.com","PARTICULAR",""
"003675","SERVICONSBOL S.R.L.","","AV. DOMINGO SAVIO Y 6TO ANILLO","","68476721","","","414145028","0001","Suscriptores Generales Facturables","","usuariosuscripciones@grupoeldeber.com","EMPRESA",""
"003676","CRISTINA MONTILLA","","CALLE LA PAZ CONDOMINIO LAS AMERICAS PISO 7 DPTO 7A","","65941795","","","1112338018","0001","Suscriptores Generales Facturables","","suscripciones@grupoeldeber.com","PARTICULAR",""
"003677","CARLOS TAPIA","","COLINAS DEL URUBO 1 CALLE 4 LOTE 8","","78009956","","","2336527","0001","Suscriptores Generales Facturables","","usuariosuscripciones@grupoeldeber.com","PARTICULAR",""
"003678","CAINCO","","AV. LAS AMERICAS 7","","77090099","","","1028437029","0005","SUSCRIPTORES DIGITALES","","denisse.campbell@cainco.org.bo","EMPRESA",""
"003679","EMBAJADA DE RUSIA","","Av Arequipa Lado Shopping Sur","","","","","99001","0005","SUSCRIPTORES DIGITALES","","agremilrusbol@gmail.com","EMPRESA",""
"003680","DROGUERIA INTI SANTA CRUZ","","PARQUE INDUSTRIAL MZA PI-20-B","","75532035","","","1020521023","0001","Suscriptores Generales Facturables","","marcela.callau@inti.com.bo","EMPRESA",""
"003681","JORGE TOYAMA","","SANTA CRUZ","","74162722","","","2962055019","0005","SUSCRIPTORES DIGITALES","","jorge.toyama@gmail.com","PARTICULAR",""
"003682","CÁMARA DE TELECOMUNICACIONES DE BOLIVIA – CATELBO","","Calle 13 de Calacoto N° 8142 Piso 1 – Entre Av. Julio Patiño y Av. Los Sauces","","2774753","5/28/2026","","1001969029","0001","Suscriptores Generales Facturables","",".","EMPRESA",""
"003683","Jorge Cosulich","","","","63562357","","","2333557","0005","SUSCRIPTORES DIGITALES","","cosulich.jorge@gmail.com","DIGITAL",""
"003684","Cam Hurst","","","","73770377","","","2898736","0005","SUSCRIPTORES DIGITALES","","hurstcam@gmail.com","DIGITAL",""
"003685","Jaime Mamani","","","","72463900","","","3086733","0005","SUSCRIPTORES DIGITALES","","jr.a6d9@gmail.com","DIGITAL",""
"003686","María Virginia Calle Morales","","","","76096338","","","4606818019","0005","SUSCRIPTORES DIGITALES","","maria.contadmi@gmail.com","DIGITAL",""
"003687","Edith Zamudio","","","","77878680","","","8622732","0005","SUSCRIPTORES DIGITALES","","zamudioedith38@gmail.com","DIGITAL",""
"003688","Jose Carlos Nogales","","","","75022130","","","5874313","0005","SUSCRIPTORES DIGITALES","","jcngnogales@gmail.com","DIGITAL",""
"003689","Olvin Mejia","",".","","6517034749","5/18/2026","","0018884","0005","SUSCRIPTORES DIGITALES","","olvinn777@gmail.com","DIGITAL",""
"003690","Mónica Oblitas","","","","77291598","","","2704805","0005","SUSCRIPTORES DIGITALES","","monioblitas@gmail.com","DIGITAL",""
"003691","giorgio yuli","","","","75081007","","","1583276016","0005","SUSCRIPTORES DIGITALES","","gyuli@hotmail.es","DIGITAL",""
"003692","Carmelo Suarez Morant","",".","","67270780","5/18/2026","","1711667","0005","SUSCRIPTORES DIGITALES","","suarezcarmelo29@gmail.com","DIGITAL",""
"003693","ROHLIG TRANSPORTE Y LOGISTICA S.A.","","3ER Y 4TO AV. SAN MARTIN EDIFICIO GREEN  TOWER PISO 22 OFICINA 2206","","75661091","","","245030024","0001","Suscriptores Generales Facturables","","yamile.carreño@rohlig.com","EMPRESA",""
"003694","Hugo Palazzi","","","","17277126478","","","111111110","0005","SUSCRIPTORES DIGITALES","","palazzi.quiroga@gmail.com","DIGITAL",""
"003695","BANCO FORTALEZA SA","","la paz","","","","","1020371022","0005","SUSCRIPTORES DIGITALES","","tmoreno@grupofortaleza.com.bo","EMPRESA",""
"003696","EMBAJADA DE ESPAÑA","","Av. Arce entre Cordero y Campos","","70673455","","","99001","0001","Suscriptores Generales Facturables","","","EMPRESA",""
"003697","HP MEDICAL SRL.","","AV. ROCA Y CORONADO ENTRE 2DO Y 3ER ANILLO CALLE TUCABACA ESQUINA C. BURAPUCU N.15","","79959449","","","173380028","0001","Suscriptores Generales Facturables","","layala@hpmedical.com.bo","EMPRESA",""
"003698","BANCO CENTRAL DE BOLIVIA","","ayacucho esq. mercado","",".","","","1016739022","0005","SUSCRIPTORES DIGITALES","",".","",""
"003699","Diego Rojas Arancibia","","","","73474373","","","5665123","0005","SUSCRIPTORES DIGITALES","","diego.rojas.arancibia@gmail.com","DIGITAL",""
"003700","EMBAJADA DE ESPAÑA","","C. 6 Nº 579 Obrajes /Av.6 Agosto 2827","","","","","99001","0005","SUSCRIPTORES DIGITALES","","","PARTICULAR",""
"003701","Georgy Polin","","","","72012933","","","007314","0005","SUSCRIPTORES DIGITALES","","jorgebenjor555@gmail.com","DIGITAL",""
"003702","FUNDACION UNIR BOLIVIA","","Av.Sanchez Lima 2687","","","","","131975026","0005","SUSCRIPTORES DIGITALES","","","DIGITAL",""
"003703","CENTRO DE TRAUMATOLOGIA  ORTOPEDIA Y REHABILITACION SRL.","","AV. CAÑOTO N.- 442","","77368990","","","1014891028","0001","Suscriptores Generales Facturables","","centrotraumatologiayortopedia@gmail.com","EMPRESA",""
"003704","UPSA","","AV. PARAGUA / 4TO ANILLO","","77200953","","","1015227020","0001","Suscriptores Generales Facturables","","lourdeschalup@upsa.edu.bo","EMPRESA",""
"003705","OFICINA COMERCIAL DEL PERU EN BOLIVIA","","LA PAZ","","78791926","","","99001","0005","SUSCRIPTORES DIGITALES","","pduran@promperu.gob.pe","EMPRESA",""
"003706","VICTOR HUGO LOPEZ","","","","75919590","","","3262800","0005","SUSCRIPTORES DIGITALES","","vhlasantacruz@hotmail.com","DIGITAL",""
"003707","TANIA AÑEZ","","5TO ANILLO AV. BANZER CONDOMINIO TERRAZAS PISO 5 NUMERO 502","","76061569","","","5253179015","0001","Suscriptores Generales Facturables","","suscripciones@grupoeldeber.com","PARTICULAR",""
"003708","Fernando Messmer","",".","","76202040","5/18/2026","","178238","0005","SUSCRIPTORES DIGITALES","","messmerfernando@gmail.com","DIGITAL",""
"003709","Pablo Ozuna","",".","","61551289","5/18/2026","","6961591","0005","SUSCRIPTORES DIGITALES","","pablozunas@gmail.com","DIGITAL",""
"003710","SALVADOR RODRIGUEZ","","","","76791111","","","1018453027","0005","SUSCRIPTORES DIGITALES","","srodriguezhelguero@gmail.com","DIGITAL",""
"003711","Franz Carvajal","","Doctor Jaime Román 404 2 204","Santa Cruz de la Sierra","69278271","5/18/2026","00000","2980379010","0005","SUSCRIPTORES DIGITALES","","ale.vacadiezc@gmail.com","DIGITAL",""
"003712","Jaime","","Mamerto cuellar 790 3 3a","Santa Cruz","72060030","","0000","4640548","0005","SUSCRIPTORES DIGITALES","","bufete.ing.arellano@gmail.com","DIGITAL",""
"003713","Javier Andres Barba Paraba","",".","","","5/18/2026","","8944195","0005","SUSCRIPTORES DIGITALES","","juanitobarba10@gmail.com","DIGITAL",""
"003714","Ruben Rodolfo Arias Sejas","",".","","69163186","5/18/2026","","3297337","0005","SUSCRIPTORES DIGITALES","","losopinologosbolivia@gmail.com","DIGITAL",""
"003715","miguel vargas","",".","","72075004","5/12/2026","","6002181","0005","SUSCRIPTORES DIGITALES","","elmiguelvardel@gmail.com","DIGITAL",""
"003716","Dario Yorimoto","",".","","71145802","5/18/2026","","1029071","0005","SUSCRIPTORES DIGITALES","","yorimotodario54@gmail.com","DIGITAL",""
"003717","paul bowles","",".","","75353000","5/18/2026","","6235412","0005","SUSCRIPTORES DIGITALES","","paulbowlesd@gmail.com","DIGITAL",""
"003718","Isabel Rivera","",".","","78561115","5/18/2026","","3293835","0005","SUSCRIPTORES DIGITALES","","misabel4@gmail.com","DIGITAL",""
"003719","Fernando Molina","",".","","73232758","5/18/2026","","3468580","0005","SUSCRIPTORES DIGITALES","","fernando.molinagalvan@gmail.com","DIGITAL",""
"003720","Jurij Suárez","","","","70007707","","","3914494","0005","SUSCRIPTORES DIGITALES","","cayubaba@gmail.com","DIGITAL",""
"003721","Eduardo Quintanilla","","","","77763639","","","486111","0005","SUSCRIPTORES DIGITALES","","equintanilla@baqsn.bo","DIGITAL",""
"003722","Alfredo Ascarrunz","",".","","67347992","5/18/2026","","2980673","0005","SUSCRIPTORES DIGITALES","","alfredoascarrunzarana@hotmail.com","DIGITAL",""
"003723","SOLQUIFAR SRL.","","AV. HILANDERIA N.- 4136 ENTRE 4TO Y 5TO ANILLO","","70851893","","","166204025","0001","Suscriptores Generales Facturables","","felio@solquifar.com","EMPRESA",""
"003724","Wolf Rolón","",".","","-76632966","5/18/2026","","2213038","0005","SUSCRIPTORES DIGITALES","","rolonca15@gmail.com","DIGITAL",""
"003725","Fernando Jaime Aliaga Torrez","","","","59177373","","","2626830","0005","SUSCRIPTORES DIGITALES","","fernando.aliaga73@gmail.com","DIGITAL",""
"003726","Nelson Sakuma","","","","77392879","","","4564866","0005","SUSCRIPTORES DIGITALES","","nhiroshi@cotas.com.bo","DIGITAL",""
"003727","Fips Sim","","","","15152584610","","","007","0005","SUSCRIPTORES DIGITALES","","wilhelm.simons@web.de","DIGITAL",""
"003728","Antonio Zani","",".","","75592291","5/18/2026","","3880141","0005","SUSCRIPTORES DIGITALES","","antonio@azani.com.br","DIGITAL",""
"003729","Selmy Torrico","","Santiago II 420 1 0","Murillo","73210745","5/12/2026","0","3885242013","0005","SUSCRIPTORES DIGITALES","","leonorgiovi@gmail.com","DIGITAL",""
"003730","Nicolas Arce","",".","","77570775","5/18/2026","","4148979","0005","SUSCRIPTORES DIGITALES","","nicolasarceortiz11@gmail.com","DIGITAL",""
"003731","Monica Virreira","",".","","77039387","5/18/2026","","1877336","0005","SUSCRIPTORES DIGITALES","","mvirreira@hotmail.com","DIGITAL",""
"003732","LOLA GROUP S.R.L.","","","","78062223","","","282584022","0005","SUSCRIPTORES DIGITALES","","ksandoval@lolagroup.com.bo","DIGITAL",""
"003733","Dario Colque","",".","","59171622298","5/18/2026","","3266535","0005","SUSCRIPTORES DIGITALES","","decicolque@gmail.com","DIGITAL",""
"003734","Douglas Villarroel","",".","","77814088","2/9/2026","","2967646","0005","SUSCRIPTORES DIGITALES","","douglastucan@gmail.com","DIGITAL",""
"003735","Micaela Jauregui","",".","","78944555","2/9/2026","","3473988012","0005","SUSCRIPTORES DIGITALES","","misujapo@gmail.com","DIGITAL",""
"003736","Guido Nayar","",".","","76355555","2/9/2026","","3294947","0005","SUSCRIPTORES DIGITALES","","guidonayar@hotmail.com","DIGITAL",""
"003737","Jorge Luis Jaldín Larraín","",".","","71094336","2/9/2026","","5344035","0005","SUSCRIPTORES DIGITALES","","jorgejaldin2@hotmail.com","DIGITAL",""
"003738","JUAN CARLOS MAMANI HUANCA","",".","","2745041","2/9/2026","","4865869","0005","SUSCRIPTORES DIGITALES","","mamanihuancajuancarlos643@gmail.com","DIGITAL",""
"003739","Carlos Robles","",".","","70888503","2/9/2026","","2859000016","0005","SUSCRIPTORES DIGITALES","","carlosrobles_arias@hotmail.com","DIGITAL",""
"003740","Omar Ardaya","",".","","72632234","2/9/2026","","6226370","0005","SUSCRIPTORES DIGITALES","","omar.ardaya@gmail.com","DIGITAL",""
"003741","INGELICEN SRL","",".","","68939811","2/9/2026","","375595028","0005","SUSCRIPTORES DIGITALES","","miguel.mayta@gmail.com","DIGITAL",""
"003742","Guillermo Leon Plata Camacho","",".","","69478062","2/9/2026","","4320004","0005","SUSCRIPTORES DIGITALES","","pcg.leon@gmail.com","DIGITAL",""
"003743","Rodrigo Rojo","",".","","69030063","2/9/2026","","4703903","0005","SUSCRIPTORES DIGITALES","","flaviacuellar2505@gmail.com","DIGITAL",""
"003744","André Luiz Nápravník","",".","","76853375","2/9/2026","","0068264","0005","SUSCRIPTORES DIGITALES","","alnapra@gmail.com","DIGITAL",""
"003745","Eduardo Rocha","",".","","76766004","2/9/2026","","939342","0005","SUSCRIPTORES DIGITALES","","eduardorocha71@gmail.com","DIGITAL",""
"003746","Jessica Echeverria","",".","","71046656","2/9/2026","","4610722","0005","SUSCRIPTORES DIGITALES","","jessiquitadejesus@gmail.com","DIGITAL",""
"003747","Remorino Esposo","",".","","74545772","2/9/2026","","1072323","0005","SUSCRIPTORES DIGITALES","","remorinoesposoz@gmail.com","DIGITAL",""
"003748","Marco Morales","",".","","71527158","2/9/2026","","6181167","0005","SUSCRIPTORES DIGITALES","","mamorh75@gmail.com","DIGITAL",""
"003749","Embajada Americana","",".","","61273501","2/9/2026","","99001","0005","SUSCRIPTORES DIGITALES","","maddyaguilar.bw@gmail.com","DIGITAL",""
"003750","Smart Oil","",".","","67701069","2/9/2026","","317578023","0005","SUSCRIPTORES DIGITALES","","smartoilsrl@gmail.com","DIGITAL",""
"003751","Marianela Campero","",".","","70946276","2/9/2026","","5404269","0005","SUSCRIPTORES DIGITALES","","nelacampero@gmail.com","DIGITAL",""
"003752","Rafael Camacho","",".","","63570028","2/9/2026","","1148564","0005","SUSCRIPTORES DIGITALES","","rafaelo.camacho@gmail.com","DIGITAL",""
"003753","Lourdes Velasco Cronenbold","",".","","76870039","2/9/2026","","1690046","0005","SUSCRIPTORES DIGITALES","","lourdesvelascocronenbold@gmail.com","DIGITAL",""
"003754","José Luis Galvez","",".","","77690213","2/9/2026","","3275298010","0005","SUSCRIPTORES DIGITALES","","jlgalvez69@gmail.com","DIGITAL",""
"003755","Eri Yoshiko Reyes Akamime","",".","","78497744","5/18/2026","","3929373","0005","SUSCRIPTORES DIGITALES","","eri23583@gmail.com","DIGITAL",""
"003756","Rossina Alba","",".","","72578902","2/9/2026","","2212072015","0005","SUSCRIPTORES DIGITALES","","rossinabeatriz@gmail.com","DIGITAL",""
"003757","Tiago Rogero","",".","","5521983794955","2/9/2026","","133629","0005","SUSCRIPTORES DIGITALES","","tiagorogero@gmail.com","DIGITAL",""
"003758","Roberto Arano","",".","","19363233067","2/9/2026","","3275891","0005","SUSCRIPTORES DIGITALES","","aranoroberto@gmail.com","DIGITAL",""
"003759","FARMACORP S.A.","","CENTRO COMERCIAL URUBO OPEN MALL SUBSUELO","","78509972","5/18/2026","","1015447026","0001","Suscriptores Generales Facturables","","avera@farmacorp.com","EMPRESA",""
"003760","ISMAEL PALENQUE","","AV. IRALA  N.- 451 CONDOMINIO IRALA PISO 6 DPTO 11","","77815574","2/9/2026","","9600625","0001","Suscriptores Generales Facturables","","suscripciones@grupoeldeber.com","PARTICULAR",""
"003761","Rolando Gutierrez Mamani","",".","","72455256","2/9/2026","","4057045","0005","SUSCRIPTORES DIGITALES","","rolandogutierrez121278@gmail.com","DIGITAL",""
"003762","Roberto Nelkenbaum","","Av. Arce 2631","Lá Paz","77292297","5/24/2026","00000","239060013","0005","SUSCRIPTORES DIGITALES","","robi.nelkenbaum@gmail.com","DIGITAL",""
"003763","Luis Orlando Justiniano","",".","","73196737","2/9/2026","","1532609","0005","SUSCRIPTORES DIGITALES","","luiso.justiniano@gmail.com","DIGITAL",""
"003764","CAINCO","","CALLE LA PAZ ESQUINA SAAVEDRA","","77090099","","","1028437029","0001","Suscriptores Generales Facturables","","denisse.campbell@cainco.org.bo","EMPRESA",""
"003765","JUAN RAFAEL BASCOPE  MORALES","","SANTA CRUZ","","70505460","2/9/2026","","4904002","0005","SUSCRIPTORES DIGITALES","","","PARTICULAR",""
"003766","Liliana Ibanez","",".","","7864277939","2/9/2026","","3765622","0005","SUSCRIPTORES DIGITALES","","lilisitaibanez@gmail.com","DIGITAL",""
"003767","Elmer Jordan","",".","","70273342","2/9/2026","","1699611","0005","SUSCRIPTORES DIGITALES","","elmerjordan1948@gmail.com","DIGITAL",""
"003768","EMBAJADA DE LA INDIA","","Calacoto 17, esquina Av. Ballivian Hotel Casa Grande","","70117429","","","99001","0001","Suscriptores Generales Facturables","","pol.lapaz@mea.gov.in","",""
"003769","DAYANA BLANCO VALENCIA","","AV. 6 DE AGOSTO CALLE CORPUS CRISTHI S/N ZONA LA CUCHILLA ENTRE 4TO Y 5TO ANILLO","","76337675","2/9/2026","","9849755010","0001","Suscriptores Generales Facturables","","const.dayanablanco@gmail.com","PARTICULAR",""
"003770","Miguel Angel Chavez","",".","","77600015","2/9/2026","","1689498","0005","SUSCRIPTORES DIGITALES","","macuchapi_75@hotmail.com","DIGITAL",""
"003771","Cintia Cerda Tonconi","",".","","76722888","6/14/2026","","4885397012","0005","SUSCRIPTORES DIGITALES","","cintia123_@hotmail.com","DIGITAL",""
"003772","ORGANIZACIÓN INTERNACIONAL DE LAS MIGRACIONES","","Calle 16 de Calacoto","","","2/9/2026","","99001","0001","Suscriptores Generales Facturables","","","EMPRESA",""
"003773","PABLO RONALD PARADA QUIROGA","","SANTA CRUZ","","77305605","2/9/2026","","5328830011","0005","SUSCRIPTORES DIGITALES","","","PARTICULAR",""
"003774","FERNANDO GONZALES","","SANTA CRUZ","","77305605","2/9/2026","","5652446011","0005","SUSCRIPTORES DIGITALES","","gechtering@gmail.com","PARTICULAR",""
"003775","HOYOS","","SANTA CRUZ","","77305605","2/9/2026","","250690","0005","SUSCRIPTORES DIGITALES","","hoyosma24@gmail.com","PARTICULAR",""
"003776","RONY ANDRES PEREDO EGUEZ","","SANTA CRUZ","","77334172","2/9/2026","","1,298E+10","0005","SUSCRIPTORES DIGITALES","","","PARTICULAR",""
"003777","CARLOS ROJAS","","PASILLO MURALTO ( CALLE SIN SALIDA ENTRANDO POR FILPARTS) CONDOMINIO FLORIDA DPTO 6A","","76301700","2/9/2026","","192820023","0001","Suscriptores Generales Facturables","","","PARTICULAR",""
"003778","CARITAS SUIZA","","LA PAZ","","78981394","7/30/2026","","370217023","0005","SUSCRIPTORES DIGITALES","","","EMPRESA",""
"003779","EGUEZ Y ASOCIADOS SC","","SANTA CRUZ","","75511295","2/9/2026","","618762027","0005","SUSCRIPTORES DIGITALES","","","EMPRESA",""
"003780","OSCAR AGUIRRE SANDOVAL","","SANTA CRUZ","","77051040","2/9/2026","","1024711","0005","SUSCRIPTORES DIGITALES","","","PARTICULAR",""
"003781","OEP - TRIBUNAL SUPREMO ELECTORAL","","Av.Sanchez Lima 2482","","","2/9/2026","","120803024","0005","SUSCRIPTORES DIGITALES","","","ESTATAL",""
"003782","DAISY MARIELA PADILLA SOTO","","SANTA CRUZ","","","2/9/2026","","8129907","0005","SUSCRIPTORES DIGITALES","","","PARTICULAR",""
"003783","CARLOS FERNANDO CHAVEZ MOLINA","","SANTA CRUZ","","78576595","2/9/2026","","7729097","0005","SUSCRIPTORES DIGITALES","","","PARTICULAR",""
"003784","HORACIO TAPIA","","SANTA CRUZ","","78009956","2/9/2026","","2336527","0005","SUSCRIPTORES DIGITALES","","","PARTICULAR",""
"003785","JOSE MARZANA MENDOZA","","SANTA CRUZ","","77305605","2/9/2026","","1,064E+10","0005","SUSCRIPTORES DIGITALES","","","PARTICULAR",""
"003786","ROSMERY RUTH GUTIERREZ VILLARRUBIA","","SANTA CRUZ","","77305605","2/9/2026","","5339256","0005","SUSCRIPTORES DIGITALES","","maylinemily68@gmail.com		_x000D_
","PARTICULAR",""
"003787","MIGUEL ALVIS ARTEAGA","","SANTA CRUZ","","77305605","2/9/2026","","5597983015","0005","SUSCRIPTORES DIGITALES","","miguelalvisarteaga@gmail.com	","PARTICULAR",""
"003788","JOEL CUEVAS ROQUE","","SANTA CRUZ","","75375530","2/9/2026","","9120558","0005","SUSCRIPTORES DIGITALES","","shadaieltesorito@gmail.com","PARTICULAR",""
"003789","JORGE GUMUCIO","","SANTA CRUZ","","72200662","2/9/2026","","783296","0005","SUSCRIPTORES DIGITALES","","","PARTICULAR",""
"003790","RUTH FERNANDEZ","","SANTA CRUZ","","73646290","2/9/2026","","3909091","0005","SUSCRIPTORES DIGITALES","","pizarrofernandez2018@gmail.com","PARTICULAR",""
"003791","DAYANA BLANCO VALENCIA","","ZONA LA CUCHILLA","","76337675","2/9/2026","","9849755010","0005","SUSCRIPTORES DIGITALES","","","PARTICULAR",""
"003792","ALISON CESPEDES","","SANTA CRUZ","","67787245","2/9/2026","","8237621","0005","SUSCRIPTORES DIGITALES","","","PARTICULAR",""
"003793","CORPORATION OLYMPIAPOOL SRL","","SANTA CRUZ","","77675052","2/9/2026","","523266025","0005","SUSCRIPTORES DIGITALES","","","EMPRESA",""
"003794","MARIA PEREZ","","SANTA CRUZ","","78007128","2/9/2026","","5868314","0005","SUSCRIPTORES DIGITALES","","","PARTICULAR",""
"003795","TRUJILLO","","CAPITAN RODRIGUEZ N.- 44","","77758461","","","3967519014","0001","Suscriptores Generales Facturables","","","EMPRESA",""
"003796","IVANNA ARIAS","","santa cruz","","68920013","2/9/2026","","3828641018","0005","SUSCRIPTORES DIGITALES","","","PARTICULAR",""
"003797","DIEGO RIVERA","","CALLE PAVI 1925 ESQUINA CALLE LAS CUTAS","","67896904","","","5852229","0001","Suscriptores Generales Facturables","","","PARTICULAR",""
"003798","SUNNER VALVERDE","","EQUIPETROL","","","2/9/2026","","2928013016","0005","SUSCRIPTORES DIGITALES","","","PARTICULAR",""
"003799","RED UNO DE BOLIVIA SA","","SANTA CRUZ","","77670720","9/28/2026","","1028447026","0005","SUSCRIPTORES DIGITALES","","","EMPRESA",""
"003800","SEBASTIAN MAMANI","","SANTA CRUZ","","74942558","2/9/2026","","9112861","0005","SUSCRIPTORES DIGITALES","","","PARTICULAR",""
"003801","FERNANDO GUILARTE","","SANTA CRUZ","","77820000","2/9/2026","","1311466","0005","SUSCRIPTORES DIGITALES","","","PARTICULAR",""
"003802","GUSTAVO JAUREGUI GONZALES","","SANTA CRUZ","","65173403","2/9/2026","","2463000015","0005","SUSCRIPTORES DIGITALES","","","PARTICULAR",""
"003803","KARIN CRISTINA DE SOUZA CARVALHO_x000D_","","SANTA CRUZ","","","2/9/2026","","99001","0005","SUSCRIPTORES DIGITALES","","","PARTICULAR",""
"003804","MAURICIO PACHECO","","SANTA CRUZ","","77305605","2/9/2026","","99001","0005","SUSCRIPTORES DIGITALES","","","PARTICULAR",""
"003805","EDUARDO TRIGO","","LA PAZ","","77290959","2/9/2026","","99001","0005","SUSCRIPTORES DIGITALES","","","PARTICULAR",""
"003806","CBI S.R.L.","","CALLE VICENTI N.- 808 - SOPOCACHI","","79473195","","","1020651020","0003","SUSCRIPTORES DE PAGO DE LA PAZ","",".","EMPRESA",""
"003807","CBI S.R.L.","","AV. GRIGOTA ENTRE 3ER Y 4TO ANILLO LADO DEL NUEVO EDIFICIO DE YPFB","","79473195","","","1020651020","0001","Suscriptores Generales Facturables","",".","EMPRESA",""
"003808","SALVATIERRAPARTS S.R.L.","","COLINA 2 DEL URUBO","","","","","477170021","0001","Suscriptores Generales Facturables","","","EMPRESA",""
"003809","HUMBERTO CABRERA PAZ","","SANTA CRUZ","","77642643","2/9/2026","","3280895","0005","SUSCRIPTORES DIGITALES","","","PARTICULAR",""
"003810","RODOLFO NALLAR","","CONDOMINIO CORCEGA","","75886598","","","2444594013","0001","Suscriptores Generales Facturables","","","PARTICULAR",""
"003811","ZALLES","","SANTA CRUZ","","70532614","","","4935531","0005","SUSCRIPTORES DIGITALES","","","PARTICULAR",""
"003812","MARCELO VASQUEZ LEMA","","SANTA CRUZ","","77820059","","","5357203011","0005","SUSCRIPTORES DIGITALES","","","PARTICULAR",""
"003813","ALEXANDER FLAMBURY RIBERA","","SANTA CRUZ","","75585012","","","7737244","0005","SUSCRIPTORES DIGITALES","","","PARTICULAR",""
"003814","CAROLINA ALVAREZ","","SANTA CRUZ","","62061557","2/9/2026","","4667577","0005","SUSCRIPTORES DIGITALES","","","PARTICULAR",""
"003815","MARIO SANDI","","SANTA CRUZ","","551198949-9638","2/9/2026","","2721097012","0005","SUSCRIPTORES DIGITALES","","","PARTICULAR",""
"003816","JUAN LEDEZMA","","SANTA CRUZ","","77305605","2/9/2026","","99001","0005","SUSCRIPTORES DIGITALES","","juan2000ledezma@gmail.com_x000D_
","PARTICULAR",""
"003817","ANTONIO DAUBER","","SANTA CRUZ","","77305605","2/9/2026","","99001","0005","SUSCRIPTORES DIGITALES","","antoniohdd89@gmail.com_x000D_
","PARTICULAR",""
"003818","EDMUNDO LOPEZ","","COND. LAS PALMAS DEL OESTE II N.- 44 AV. PIRAI ENTRE 6TO Y 7MO ANILLO","","68921671","","","5374109010","0001","Suscriptores Generales Facturables","","","PARTICULAR",""
"003819","GLENCORE BOLIVIA LTDA.","","CALLE 11 DE CALACOTO","","77790345","","","1020195029","0001","Suscriptores Generales Facturables","","","EMPRESA",""
"003820","HOTEL MONTE CARLO","","av montes 767 media cuadra antes de la pasarela Pérez Velasco carril de subida","","76770071","","","151778028","0001","Suscriptores Generales Facturables","","","EMPRESA",""
"003821","JOSE LUIS VELASQUEZ","","CONDOMINIO PINARES DEL NORTE CASA 25","","70090937","","","2201502","0001","Suscriptores Generales Facturables","","","PARTICULAR",""
"003822","YOLANDA FABIOLA GILES HURTADO","","AV. MUTUALISTA ENTRE 2DO Y 3ER ANILLO CALLE 7 LAS CUTAS N.- 2450","","77339555","","","3288000","0001","Suscriptores Generales Facturables","",".","PARTICULAR",""
"003823","SANCHEZ CESPEDES CONSULTORES S.R.L.","","CALLE POTOSI S/N EDIFICIO NAIRA PISO 1","","2201030","2/9/2026","","1029537022","0005","SUSCRIPTORES DIGITALES","","","EMPRESA",""
"003824","SANCHEZ","","LA PAZ","","77305605","2/9/2026","","4918926","0005","SUSCRIPTORES DIGITALES","","","PARTICULAR",""
"003825","ADAN VALLEJOS IRIARTE (PERSONAL)","","SANTA CRUZ","","77305605","2/9/2026","","14395072","0005","SUSCRIPTORES DIGITALES","","","PARTICULAR",""
"003826","IMPORT EXPORT SHALAX SRL","","SANTA CRUZ","","77305605","2/9/2026","","691187027","0005","SUSCRIPTORES DIGITALES","","","EMPRESA",""
"003827","PUMARINO","","SANTA CRUZ","","77305605","2/9/2026","","2316328","0005","SUSCRIPTORES DIGITALES","","","PARTICULAR",""
"003828","ENRIQUE GONZALEZ SANDOVAL","","ROCA Y CORONADO ENTRE 2DO Y 3ER ANILLO C/ BUENA VISTA NRO 250","","70935248","","","3206769","0001","Suscriptores Generales Facturables","","","PARTICULAR",""
"003829","ENTEL S.A.","","Federico Suazo- Ed. Tower Entel","",".","","","1020703023","0005","SUSCRIPTORES DIGITALES","",".","ESTATAL",""
"003830","EBER CHAMBI CHAMBI","","Santa Cruz","","72568237","2/9/2026","","4855115","0005","SUSCRIPTORES DIGITALES","","","PARTICULAR",""
"003831","LIMBERT RENE QUISPE AJORURO","","SANTA CRUZ","","73394943","2/9/2026","","9816146","0005","SUSCRIPTORES DIGITALES","","","PARTICULAR",""
"003832","CARMEN TORQUEMADA","","CALLE MARIANO DURAN CANELAS N.- 70","","70817376","","","3269028","0001","Suscriptores Generales Facturables","","","PARTICULAR",""
"003833","CRISTIAN LUIS SALVATIERRA WILDE","","SANTA CRUZ","","76369977","5/29/2026","","2836893015","0005","SUSCRIPTORES DIGITALES","",".","PARTICULAR",""
"003834","EMBAJADA DE LA REPÚBLICA DE COREA","",": Av. Ballivian, Calacoto entre calles 11 y 12 Edif. El Dorial N° 555","","2 2110361","","","99001","0001","Suscriptores Generales Facturables","","","EMPRESA",""
"003835","RONALD ERICK FLORES MAYORGA","","SANTA CRUZ","","72622879","5/29/2026","","3876359","0005","SUSCRIPTORES DIGITALES","",".","PARTICULAR",""
"020000","PRUEBA CONTADO SUSC","","av.","","","","","0","0001","Suscriptores Generales Facturables","","","",""
"020001","SERVICIO DE IMPUESTOS NACIONALES GERENCIA DISTRITAL SANTA CRUZ I","","CALLE BALLIVIAN N.- 50","","77367080","","","1003579028","0001","Suscriptores Generales Facturables","","","ESTATAL",""
"020002","SAMUEL CUELLAR","","SANTA CRUZ","","","","","5864913","0005","SUSCRIPTORES DIGITALES","","","PARTICULAR",""
"020003","PATRICIA MEDRANO","","Santa Cruz","","","","","99001","0005","SUSCRIPTORES DIGITALES","","","PARTICULAR",""
"020004","ROSARIO GATITEX","","SANTA CRUZ","","","","","6422557","0005","SUSCRIPTORES DIGITALES","","","PARTICULAR",""
"020005","HENRY BARBA LEIGUE","","SANTA CRUZ","","","","","8876288","0005","SUSCRIPTORES DIGITALES","","","PARTICULAR",""
"020006","CLAUDIA QUEZADA MOSTAJO","","SANTA CRUZ","","","","","3226578","0005","SUSCRIPTORES DIGITALES","","","PARTICULAR",""
"020007","WALTER KUHN SUAREZ","","SANTA CRUZ","","","","","1,348E+10","0005","SUSCRIPTORES DIGITALES","","","PARTICULAR",""
"020008","YALILE FACUSSE","","CALLE JOAQUIN DE VELASCO 544 ENTRE AV. CHARCAS Y CALLE PTO SUAREZ","","75024894","","","1504809","0001","Suscriptores Generales Facturables","","","PARTICULAR",""
"020009","CENTRO DERMATOLOGICO POLIANA CASTRO","","MANZANA 40 TORRE 1 OFICINA 1801","","77054205","","","3877588010","0001","Suscriptores Generales Facturables","","","EMPRESA",""
"020010","MARITZA RAMIREZ PADILLA","","AV. BANZER ENTRE  4TO Y 5TO ANILLO CONDOMINIO COZUMEL","","72121214","","","2534137015","0001","Suscriptores Generales Facturables","","","PARTICULAR",""
"020011","LIMBER AYALA HINOJOSA","","SANTA CRUZ","","","","","5282492013","0005","SUSCRIPTORES DIGITALES","","","PARTICULAR",""
"020012","BARBARA SAUCEDO","","AV. BENI ENTRE 4TO Y 5TO ANILLO EDIFICIO PANORAMA N.- 4330","","","","","6287064","0001","Suscriptores Generales Facturables","","","PARTICULAR",""
"020013","BEATRIZ PARADA","","BARRIO HAMACAS CALLE 5 OESTE N.- 23","","77309344","","","4575257","0001","Suscriptores Generales Facturables","","","PARTICULAR",""
"020014","TODO LLANTAS LTDA","","AV. CRISTO REDENTOR ESQUINA CALLE OCHOO ENTRE 2DO Y 3ER ANILLO","","76849418","","","120375020","0001","Suscriptores Generales Facturables","","","EMPRESA",""
"020015","MACRO FIDALGA LTDA","","SANTA CRUZ","","","","","1028241027","0005","SUSCRIPTORES DIGITALES","","","EMPRESA",""
"020016","ERIK GONZALES CORREA","","SANTA CRUZ","","","","","4303933","0005","SUSCRIPTORES DIGITALES","","","PARTICULAR",""
"020017","Nathalia Rivera","","SANTA CRUZ","","","","","7842881","0005","SUSCRIPTORES DIGITALES","","","PARTICULAR",""
"020018","FATIMA ODALIS VARGAS CESPEDES","","santa cruz","","","","","8802769","0005","SUSCRIPTORES DIGITALES","","","PARTICULAR",""
"020019","MARIELA IRRAZABAL","","EDIFICIO LE GRAND 4B","","5492325458248","","","34319635","0001","Suscriptores Generales Facturables","","","PARTICULAR",""
"020020","JULIA SONCO SURI","","Santa Cruz","","71955018","","","6170103013","0005","SUSCRIPTORES DIGITALES","","","PARTICULAR",""
"020021","FIDEOS LA SUPREMA","","6TO ANILLO ENTRE AV. MUTUALISTA Y VIRGEN DE LUJAN","","65172154","","","253048020","0001","Suscriptores Generales Facturables","","","EMPRESA",""
"020022","PAULA LAZARTE","","SANTA CRUZ","","","","","2465260014","0005","SUSCRIPTORES DIGITALES","","","PARTICULAR",""
"020023","CONFIPETROL S.A.S. SUCURSAL BOLIVIA","","SANTA CRUZ","","71039569","","","228766021","0005","SUSCRIPTORES DIGITALES","","","EMPRESA",""
"020024","CONSULCON CCK SRL","","SANTA CRUZ","","","","","382829024","0005","SUSCRIPTORES DIGITALES","","","EMPRESA",""
"020025","YOLANDA YORIMOTO","","BENI","","70297333","","","3825144011","0005","SUSCRIPTORES DIGITALES","","","",""
"020026","yuki soda","","SI","",".","6/19/2026","","5420468","0005","SUSCRIPTORES DIGITALES","","vvindy85@gmail.com","PARTICULAR",""
"020027","Nicole Endara","","SANTA CRUZ","","","","","12925590","0005","SUSCRIPTORES DIGITALES","","","PARTICULAR",""
"020028","YESICA VIDAL","","AV. LOS BOSQUES N.- 4405 ENTRE AV. HILANDERIA Y CALLE 6","","70288301","","","6222992","0001","Suscriptores Generales Facturables","","","PARTICULAR",""
"020029","CCECONSULTING SRL","","SANTA CRUZ","","","","","377214025","0005","SUSCRIPTORES DIGITALES","","","EMPRESA",""
"020030","NGGHJ INVERSIONES SA","","LA PAZ","","79130208","","","477866026","0005","SUSCRIPTORES DIGITALES","",".","EMPRESA",""
"020031","EMBAJADA DE BRASIL",""," Edificio Multicentro - Mezanino Av. Arc","",".","","","99001","0001","Suscriptores Generales Facturables","",".","",""
"020032","HOTEL MONTE CARLO","","av montes 767 media cuadra antes de la pasarela Pérez Velasco carril de subida","",".","","","151778028","0001","Suscriptores Generales Facturables","",".","",""
"020033","HOTEL MADRID","","c / Indaburo Esq Junin y Bolivar","",".","","","359866020","0001","Suscriptores Generales Facturables","",".","",""
"020034","EMBAJADA DE ALEMANIA","","Av. Arce esq. Belisario Salinas","","2440066","","","99001","0001","Suscriptores Generales Facturables","",".","",""
"020035","TUMPAR LTDA","","CARRETERA AL NORTE 4TO Y 5TO ANILLO","","69205594 ; 76375065","","","1015225028","0001","Suscriptores Generales Facturables","",".","",""
"020036","CAINCO","","CALLE COCHABAMBA TORRES CAINCO","","60560002","","","1028437029","0001","Suscriptores Generales Facturables","","andrea.pueste@cainco.org.bo","EMPRESA",""
"020037","ENERSOL S.A.","","DOBLE VIA LA GUARDIA 4TO Y 5TO ANILLO NRO 4150","","79046287","","","1026889021","0001","Suscriptores Generales Facturables","",".","EMPRESA",""
"020038","EDMUNDO LOPEZ","","CONDOMINIO LAS PALMAS DEL OESTE II N.- 44 AV. PIRAI ENTRE 6TO Y 7MO ANILLO","","68921671","","","5374109010","0001","Suscriptores Generales Facturables","",".","PARTICULAR",""
"020039","YOLANDA FABIOLA GILES HURTADO","","AV. MUTUALISTA ENTRE 2DO Y 3ER ANILLO CALLE 7 LAS CUTAS N.- 2450_x000D_
","","77339555","","","3288000","0001","Suscriptores Generales Facturables","",".","PARTICULAR",""
"020040","MARIA LOURDES MENDIETA ARREDONDO","","Carretera a Cotoca entrando a la derecha donde finaliza Albo - Barrio Venezuela_x000D_
","","70807613","","","3261259","0001","Suscriptores Generales Facturables","",".","PARTICULAR",""
"020041","COOPERATIVA DE AHORRO Y CREDITO ABIERTA FATIMA RL.","","CALLE OBISPO PEÑA N.- 63","","74637841","","","1028775025","0001","Suscriptores Generales Facturables","",".","EMPRESA",""
"020042","NOBLEFF MEDIA SRL","","AV. SAN MARTIN EDIFICIO MANZANA 40 TORRE 2 PLANTA BAJA","","76350838","","","505772021","0001","Suscriptores Generales Facturables","",".","EMPRESA",""
"020043","CONSULADO GENERAL DE CHILE - SANTA CRUZ","","EDIFICIO ARANJUEZ ESQUINA AV. SAN MARTIN","","69157428","","","99001","0001","Suscriptores Generales Facturables","",".","EMPRESA",""
"020044","FATIMA VARGAS","","AV. SAN MARTIN DE PORRES CALLE JUNIN ESQUINA TOCOPILLA","","72155619","","","8134801","0001","Suscriptores Generales Facturables","",".","PARTICULAR",""
"020045","JORGE RECINOS","","CALLE SEVILLA LOS JARDINES CALLE LAS AMAPOLAS N.- 7","","+642108708961","","","708921","0001","Suscriptores Generales Facturables","",".","PARTICULAR",""
"020046","NAPOLEON ALBERTI SAUCEDO","","AV. 15 DE AGOSTO CASI 4TO ANILLO CASA N.- 1 BARRIO GUARACACHI","","77062510","","","229440028","0001","Suscriptores Generales Facturables","",".","PARTICULAR",""
"020047","CBI S.R.L.","","AV. GRIGOTA 3ER Y 4TO ANILLO AL LADO DE EDIFICIO DE YPFB_x000D_
","","79473195","","","1020651020","0001","Suscriptores Generales Facturables","",".","EMPRESA",""
"020048","ELAY CLICK LTDA","","SANTA CRUZ","",".","","","301144022","0005","SUSCRIPTORES DIGITALES","","ferrantebrus@gmail.com","EMPRESA",""
"020049","REMBERTO RIBERA NUÑEZ","","SANTA CRUZ","","76015158","","","1515944013","0005","SUSCRIPTORES DIGITALES","","rembertoribera@gmail.com","PARTICULAR",""
"020050","MARIO HERRERA","","santa cruz","",".","","","4680583","0005","SUSCRIPTORES DIGITALES","","mario.herrera11@gmail.com","PARTICULAR",""
"020051","LUCIANO INVERNIZZI","","CALLE FIDEL ANZE S/N","","70772423","","","3133060","0005","SUSCRIPTORES DIGITALES","","bepinolina@icloud.com","PARTICULAR",""
"020052","BANCO MERCANTIL SANTA CRUZ S.A.","","4to anillo torre empresarial la brisas","","73130364","","","1020557029","0005","SUSCRIPTORES DIGITALES","","kcabrera@bmsc.com.bo","EMPRESA",""
"020053","JUAN CARLOS NOGALES GARRON","","CUARTO ANILLO ENTRE AV. SAN MARTIN Y AV. LA SALLE EDIFICIO TORRES DUO_x000D_
","","78525524","","","2779706016","0001","Suscriptores Generales Facturables","",".","PARTICULAR",""
"020054","TIENDAS TRESBE S.A","","CENTRO EMPRESARIAL EQUIPETROL ENTRE 3ER Y 4TO ANILLO","","75030340","","","471361020","0001","Suscriptores Generales Facturables","",".","EMPRESA",""
"020055","JOSE LUIS VELASQUEZ","","CONDOMINIO PINARES DEL NORTE CASA 25_x000D_
","","70090937","","","2201502","0001","Suscriptores Generales Facturables","",".","PARTICULAR",""
"020056","OSCAR VIGABRIEL GOMEZ","","CALLE MERCEDES SAUCEDO N.- 4468","","67876541","","","184366","0001","Suscriptores Generales Facturables","","mabelmvm@gmail.com","PARTICULAR",""
"020057","SIC FUTURO LTDA","","vincenti 850 sopocachi","","2115110","","","135007027","0001","Suscriptores Generales Facturables","",".","",""
"020058","FUNDACION FRIEDRICH EBERT","","av. Hernando Siles 5998 zona Obrajes","","2750005","","","1004035029","0001","Suscriptores Generales Facturables","",".","",""
"020059","PIL ANDINA S.A.","","AV. 5TO ANILLO / AV. BENI","","72100629","","","1020757027","0001","Suscriptores Generales Facturables","","lllobet@pilandina.com.bo","EMPRESA",""
"020060","BARRACA MOLINA","","3ER ANILLO INTERNO ENTRE AV.BANZER Y AV. BENI N.- 23_x000D_
","","75011005","","","1466337010","0001","Suscriptores Generales Facturables","",".","EMPRESA",""
"020061","PIL ANDINA S.A.","","5TO ANILLO ESQUINA AV. BENI","","72100629","","","1020757027","0005","SUSCRIPTORES DIGITALES","","lllobet@pilandina.com.bo","EMPRESA",""
"020062","MAURICIO STEVEN GUZMAN TAPIA","","ZONA PLAN 3000 BARRIO SAN ANTONIO CALLE SAN ANTONIO N.- 62","","72617134","","","7837267","0001","Suscriptores Generales Facturables","",".","PARTICULAR",""
"020063","CENTRO OFTALMOLOGICO CEMESUR SRL","","SANTA CRUZ","",".","","","297738024","0005","SUSCRIPTORES DIGITALES","","vaniagarciaaliaga@gmail.com","EMPRESA",""
"020064","LUIS AVILA","","AV. BUSH TERCER ANILLO INTERNO - CARNICDERIA BUSH","","72617134","","","5346919","0001","Suscriptores Generales Facturables","",".","PARTICULAR",""
"020065","GADIEL LEDEZMA","","SANTA CRUZ","","67011045","","","7854322","0005","SUSCRIPTORES DIGITALES","","gadiel7676@gmail.com","PARTICULAR",""
"020066","CARMEN TORQUEMADA","","CALLE MARIANO DURAN CANELAS N.- 70","","70817376","","","3269028","0001","Suscriptores Generales Facturables","",".","PARTICULAR",""
"020067","OSCAR PAZ UZIN","","CALLE ALAMEDA POTOSI , EDIFICIO PISO 6D","","76097187","","","2053591","0001","Suscriptores Generales Facturables","",".","PARTICULAR",""
"020068","JUAN CARLOS COCHAMADIDIS","","BARRIO CORDECRUZ CALLE 3 OESTE CASA N.- 7","","77395463","","","1592189","0001","Suscriptores Generales Facturables","",".","PARTICULAR",""
"020069","WALTER ALPIRE MENDOZA","","Av. San Martin Barrio Guapay calle A Pablo Sanz #1_x000D_
","","70838362","","","41961","0001","Suscriptores Generales Facturables","",".","PARTICULAR",""
"020070","JAVIER MENDOZA","","ZONA BARRIO POLANCO","","71627100","","","2987181","0001","Suscriptores Generales Facturables","",".","PARTICULAR",""
"020071","DIEGO RIVERA","","CALLE PAVI 1925 ESQUINA CALLE LAS CUTAS_x000D_
","","67896904","","","5852229","0001","Suscriptores Generales Facturables","",".","PARTICULAR",""
"020072","CLINICA PROSALUD","","3ER ANILLO INT. AV. LUCAS SAUCEDO SEVILLA N.- 3595 ENTRE AV. PARAGUA Y CANAL COTOCA_x000D_
","","76367701","","","1028231025","0001","Suscriptores Generales Facturables","",".","EMPRESA",""
"020073","COMVERSA","","c. jaime mendoza nro 26","","2979860","","","292738028","0001","Suscriptores Generales Facturables","",".","",""
"020074","JOSE MANCUSO","","SANTA CRUZ","",".","","","3793636","0005","SUSCRIPTORES DIGITALES","","mancuso386@gmail.com","PARTICULAR",""
"020075","DAMIAN GRISI","","CONDOMINIO MIRAGE URUBO CASA 7A","","77273330","","","6121919012","0001","Suscriptores Generales Facturables","","grisidamian@gmail.com","PARTICULAR",""
"020076","ANGELA SAAVEDRA FRANCO","","v. Argomosa nro 18, entre Arenales y Charcas","","77397861","","","1492074011","0001","Suscriptores Generales Facturables","",".","PARTICULAR",""
"020077","PERENT SRL","","CALLE CAPARUCH ZONA CANTRY CLUB LAS PALMAS_x000D_
","","77091333","","","446145020","0001","Suscriptores Generales Facturables","",".","EMPRESA",""
